{"metadata":{"asset_id":"98e33180-527d-4c35-9ab7-d6a8caed23dc","asset_attributes":["data_asset"],"name":"dataset_desafio_2.csv","asset_type":"data_asset","created_at":"2020-08-17T16:48:31Z","description":"","origin_country":"us","owner_id":"IBMid-5500086SDD","project_id":"25f46051-8620-4043-8d11-711130490be7","size":1520235,"tags":[],"usage":{"last_update_time":1597682911841,"last_updated_at":"2020-08-17T16:48:31Z"}},"entity":{"data_asset":{"mime_type":"text/csv","dataset":false}},"attachments":[{"id":"549a9542-a730-4824-8732-aa3581b7003c","version":2,"asset_type":"data_asset","name":"dataset_desafio_2.csv","mime":"text/csv","datasource_type":"193a97c1-4475-4a19-b90c-295c4fdc6517","object_key":"dataset_desafio_2.csv","creator_id":"iam-ServiceId-f49c5558-c247-4983-a04f-7d3c7a3d55da","create_time":1597682911759,"size":1520235,"is_remote":false,"is_managed":false,"is_referenced":true,"is_object_key_read_only":false,"is_user_provided_path_key":true,"transfer_complete":true,"is_partitioned":false,"complete_time_ticks":1597682911759,"user_data":{},"test_doc":0,"handle":{"bucket":"desafio02uninassau-donotdelete-pr-bigaju85ckcqdm","location":"eu-geo","key":"dataset_desafio_2.csv","upload_id":"done","max_part_num":1},"usage":{"access_count":0,"last_accessor_id":"iam-ServiceId-f49c5558-c247-4983-a04f-7d3c7a3d55da","last_access_time":1597682911759}}]}
