{"metadata":{"asset_id":"c80bbfd0-a760-4a19-8cc8-9857836042d9","asset_attributes":["notebook"],"name":"parte-2","asset_type":"notebook","created_at":"2020-08-17T16:48:32Z","description":"","origin_country":"us","owner_id":"IBMid-5500086SDD","project_id":"25f46051-8620-4043-8d11-711130490be7","size":24880,"tags":["notebook"],"usage":{"last_update_time":1598407913453,"last_updated_at":"2020-08-26T02:11:53Z"}},"entity":{"notebook":{"kernel":{"name":"python3","display_name":"Python 3.6","language":"python"},"originates_from":{"type":"file"},"runtime":{"environment":"conda2py36-25f46051-8620-4043-8d11-711130490be7"}}},"attachments":[{"id":"8f4b4d83-da2e-4a97-9d09-6cdf974dc033","version":2,"asset_type":"notebook","name":"attachment for notebook c80bbfd0-a760-4a19-8cc8-9857836042d9","description":"attachment for notebook c80bbfd0-a760-4a19-8cc8-9857836042d9","mime":"application/json","datasource_type":"193a97c1-4475-4a19-b90c-295c4fdc6517","object_key":"notebook/parte-2_XvWXXx6YQ.ipynb","creator_id":"iam-ServiceId-9e68bc5f-c5f6-4f6f-8bcf-e57f47b9d1b1","create_time":1597682912474,"size":24880,"is_remote":false,"is_managed":false,"is_referenced":true,"is_object_key_read_only":false,"is_user_provided_path_key":true,"transfer_complete":true,"is_partitioned":false,"complete_time_ticks":1597682912474,"user_data":{},"test_doc":0,"handle":{"bucket":"desafio02uninassau-donotdelete-pr-bigaju85ckcqdm","location":"eu-geo","key":"notebook/parte-2_XvWXXx6YQ.ipynb","upload_id":"done","max_part_num":1},"usage":{"access_count":0,"last_accessor_id":"iam-ServiceId-9e68bc5f-c5f6-4f6f-8bcf-e57f47b9d1b1","last_access_time":1597682912474}}]}
