{"metadata":{"asset_id":"33ee5eb2-c2ee-4999-bca2-c014c2ba5f5e","asset_attributes":["notebook"],"name":"parte-1","asset_type":"notebook","created_at":"2020-08-17T16:48:32Z","description":"","origin_country":"us","owner_id":"IBMid-5500086SDD","project_id":"25f46051-8620-4043-8d11-711130490be7","size":24680,"tags":["notebook"],"usage":{"last_update_time":1597778379644,"last_updated_at":"2020-08-18T19:19:39Z"}},"entity":{"notebook":{"kernel":{"name":"python3","display_name":"Python 3.6","language":"python"},"originates_from":{"type":"file"},"runtime":{"environment":"conda2py36-25f46051-8620-4043-8d11-711130490be7"}}},"attachments":[{"id":"374034a4-b2fe-479d-9d6e-fe0f3b2b6cf3","version":2,"asset_type":"notebook","name":"attachment for notebook 33ee5eb2-c2ee-4999-bca2-c014c2ba5f5e","description":"attachment for notebook 33ee5eb2-c2ee-4999-bca2-c014c2ba5f5e","mime":"application/json","datasource_type":"193a97c1-4475-4a19-b90c-295c4fdc6517","object_key":"notebook/parte-1_XTm42MgVg.ipynb","creator_id":"iam-ServiceId-9e68bc5f-c5f6-4f6f-8bcf-e57f47b9d1b1","create_time":1597682912630,"size":24680,"is_remote":false,"is_managed":false,"is_referenced":true,"is_object_key_read_only":false,"is_user_provided_path_key":true,"transfer_complete":true,"is_partitioned":false,"complete_time_ticks":1597682912630,"user_data":{},"test_doc":0,"handle":{"bucket":"desafio02uninassau-donotdelete-pr-bigaju85ckcqdm","location":"eu-geo","key":"notebook/parte-1_XTm42MgVg.ipynb","upload_id":"done","max_part_num":1},"usage":{"access_count":0,"last_accessor_id":"iam-ServiceId-9e68bc5f-c5f6-4f6f-8bcf-e57f47b9d1b1","last_access_time":1597682912630}}]}
