{
  "id" : "d14dfaa0-f5d1-11ea-946d-e76b3fc26918-20",
  "name" : "train_21_1.txt",
  "createdDate" : 0,
  "version" : 3,
  "text" : "O Argo tem um espaço interno excelente, mesmo com 1,94 de altura, sobra espaço pra cabeça e pernas tanto na frete, quanto no banco de trás, mesmo com o banco do motorista ajustado até o fim. O Argo tem um Computador de bordo excelente, muito completo. O Argo tem um Multimídia de 7 polegadas é bem localizada e tem excelentes funções, apesar que poderia ser mais rápida. Sabendo dirigir, o carro Argo é muito econômico, tanto na cidade quanto na estrada.\r\n",
  "docLength" : 0,
  "language" : "PT",
  "status" : "SUBMITTED",
  "modifiedDate" : 1600010628262,
  "documentSet" : [ ],
  "preannotation" : [ ],
  "sentences" : [ {
    "id" : "s0",
    "begin" : 0,
    "end" : 190,
    "text" : "O Argo tem um espaço interno excelente, mesmo com 1,94 de altura, sobra espaço pra cabeça e pernas tanto na frete, quanto no banco de trás, mesmo com o banco do motorista ajustado até o fim.",
    "tokens" : [ {
      "id" : "s0-t0",
      "begin" : 0,
      "end" : 1,
      "text" : "O",
      "whiteSpace" : false
    }, {
      "id" : "s0-t1",
      "begin" : 2,
      "end" : 6,
      "text" : "Argo",
      "whiteSpace" : false
    }, {
      "id" : "s0-t2",
      "begin" : 7,
      "end" : 10,
      "text" : "tem",
      "whiteSpace" : false
    }, {
      "id" : "s0-t3",
      "begin" : 11,
      "end" : 13,
      "text" : "um",
      "whiteSpace" : false
    }, {
      "id" : "s0-t4",
      "begin" : 14,
      "end" : 20,
      "text" : "espaço",
      "whiteSpace" : false
    }, {
      "id" : "s0-t5",
      "begin" : 21,
      "end" : 28,
      "text" : "interno",
      "whiteSpace" : false
    }, {
      "id" : "s0-t6",
      "begin" : 29,
      "end" : 38,
      "text" : "excelente",
      "whiteSpace" : false
    }, {
      "id" : "s0-t7",
      "begin" : 38,
      "end" : 39,
      "text" : ",",
      "whiteSpace" : false
    }, {
      "id" : "s0-t8",
      "begin" : 40,
      "end" : 45,
      "text" : "mesmo",
      "whiteSpace" : false
    }, {
      "id" : "s0-t9",
      "begin" : 46,
      "end" : 49,
      "text" : "com",
      "whiteSpace" : false
    }, {
      "id" : "s0-t10",
      "begin" : 50,
      "end" : 54,
      "text" : "1,94",
      "whiteSpace" : false
    }, {
      "id" : "s0-t11",
      "begin" : 55,
      "end" : 57,
      "text" : "de",
      "whiteSpace" : false
    }, {
      "id" : "s0-t12",
      "begin" : 58,
      "end" : 64,
      "text" : "altura",
      "whiteSpace" : false
    }, {
      "id" : "s0-t13",
      "begin" : 64,
      "end" : 65,
      "text" : ",",
      "whiteSpace" : false
    }, {
      "id" : "s0-t14",
      "begin" : 66,
      "end" : 71,
      "text" : "sobra",
      "whiteSpace" : false
    }, {
      "id" : "s0-t15",
      "begin" : 72,
      "end" : 78,
      "text" : "espaço",
      "whiteSpace" : false
    }, {
      "id" : "s0-t16",
      "begin" : 79,
      "end" : 82,
      "text" : "pra",
      "whiteSpace" : false
    }, {
      "id" : "s0-t17",
      "begin" : 83,
      "end" : 89,
      "text" : "cabeça",
      "whiteSpace" : false
    }, {
      "id" : "s0-t18",
      "begin" : 90,
      "end" : 91,
      "text" : "e",
      "whiteSpace" : false
    }, {
      "id" : "s0-t19",
      "begin" : 92,
      "end" : 98,
      "text" : "pernas",
      "whiteSpace" : false
    }, {
      "id" : "s0-t20",
      "begin" : 99,
      "end" : 104,
      "text" : "tanto",
      "whiteSpace" : false
    }, {
      "id" : "s0-t21",
      "begin" : 105,
      "end" : 107,
      "text" : "na",
      "whiteSpace" : false
    }, {
      "id" : "s0-t22",
      "begin" : 108,
      "end" : 113,
      "text" : "frete",
      "whiteSpace" : false
    }, {
      "id" : "s0-t23",
      "begin" : 113,
      "end" : 114,
      "text" : ",",
      "whiteSpace" : false
    }, {
      "id" : "s0-t24",
      "begin" : 115,
      "end" : 121,
      "text" : "quanto",
      "whiteSpace" : false
    }, {
      "id" : "s0-t25",
      "begin" : 122,
      "end" : 124,
      "text" : "no",
      "whiteSpace" : false
    }, {
      "id" : "s0-t26",
      "begin" : 125,
      "end" : 130,
      "text" : "banco",
      "whiteSpace" : false
    }, {
      "id" : "s0-t27",
      "begin" : 131,
      "end" : 133,
      "text" : "de",
      "whiteSpace" : false
    }, {
      "id" : "s0-t28",
      "begin" : 134,
      "end" : 138,
      "text" : "trás",
      "whiteSpace" : false
    }, {
      "id" : "s0-t29",
      "begin" : 138,
      "end" : 139,
      "text" : ",",
      "whiteSpace" : false
    }, {
      "id" : "s0-t30",
      "begin" : 140,
      "end" : 145,
      "text" : "mesmo",
      "whiteSpace" : false
    }, {
      "id" : "s0-t31",
      "begin" : 146,
      "end" : 149,
      "text" : "com",
      "whiteSpace" : false
    }, {
      "id" : "s0-t32",
      "begin" : 150,
      "end" : 151,
      "text" : "o",
      "whiteSpace" : false
    }, {
      "id" : "s0-t33",
      "begin" : 152,
      "end" : 157,
      "text" : "banco",
      "whiteSpace" : false
    }, {
      "id" : "s0-t34",
      "begin" : 158,
      "end" : 160,
      "text" : "do",
      "whiteSpace" : false
    }, {
      "id" : "s0-t35",
      "begin" : 161,
      "end" : 170,
      "text" : "motorista",
      "whiteSpace" : false
    }, {
      "id" : "s0-t36",
      "begin" : 171,
      "end" : 179,
      "text" : "ajustado",
      "whiteSpace" : false
    }, {
      "id" : "s0-t37",
      "begin" : 180,
      "end" : 183,
      "text" : "até",
      "whiteSpace" : false
    }, {
      "id" : "s0-t38",
      "begin" : 184,
      "end" : 185,
      "text" : "o",
      "whiteSpace" : false
    }, {
      "id" : "s0-t39",
      "begin" : 186,
      "end" : 189,
      "text" : "fim",
      "whiteSpace" : false
    }, {
      "id" : "s0-t40",
      "begin" : 189,
      "end" : 190,
      "text" : ".",
      "whiteSpace" : false
    } ]
  }, {
    "id" : "s1",
    "begin" : 191,
    "end" : 251,
    "text" : "O Argo tem um Computador de bordo excelente, muito completo.",
    "tokens" : [ {
      "id" : "s1-t0",
      "begin" : 191,
      "end" : 192,
      "text" : "O",
      "whiteSpace" : false
    }, {
      "id" : "s1-t1",
      "begin" : 193,
      "end" : 197,
      "text" : "Argo",
      "whiteSpace" : false
    }, {
      "id" : "s1-t2",
      "begin" : 198,
      "end" : 201,
      "text" : "tem",
      "whiteSpace" : false
    }, {
      "id" : "s1-t3",
      "begin" : 202,
      "end" : 204,
      "text" : "um",
      "whiteSpace" : false
    }, {
      "id" : "s1-t4",
      "begin" : 205,
      "end" : 215,
      "text" : "Computador",
      "whiteSpace" : false
    }, {
      "id" : "s1-t5",
      "begin" : 216,
      "end" : 218,
      "text" : "de",
      "whiteSpace" : false
    }, {
      "id" : "s1-t6",
      "begin" : 219,
      "end" : 224,
      "text" : "bordo",
      "whiteSpace" : false
    }, {
      "id" : "s1-t7",
      "begin" : 225,
      "end" : 234,
      "text" : "excelente",
      "whiteSpace" : false
    }, {
      "id" : "s1-t8",
      "begin" : 234,
      "end" : 235,
      "text" : ",",
      "whiteSpace" : false
    }, {
      "id" : "s1-t9",
      "begin" : 236,
      "end" : 241,
      "text" : "muito",
      "whiteSpace" : false
    }, {
      "id" : "s1-t10",
      "begin" : 242,
      "end" : 250,
      "text" : "completo",
      "whiteSpace" : false
    }, {
      "id" : "s1-t11",
      "begin" : 250,
      "end" : 251,
      "text" : ".",
      "whiteSpace" : false
    } ]
  }, {
    "id" : "s2",
    "begin" : 252,
    "end" : 370,
    "text" : "O Argo tem um Multimídia de 7 polegadas é bem localizada e tem excelentes funções, apesar que poderia ser mais rápida.",
    "tokens" : [ {
      "id" : "s2-t0",
      "begin" : 252,
      "end" : 253,
      "text" : "O",
      "whiteSpace" : false
    }, {
      "id" : "s2-t1",
      "begin" : 254,
      "end" : 258,
      "text" : "Argo",
      "whiteSpace" : false
    }, {
      "id" : "s2-t2",
      "begin" : 259,
      "end" : 262,
      "text" : "tem",
      "whiteSpace" : false
    }, {
      "id" : "s2-t3",
      "begin" : 263,
      "end" : 265,
      "text" : "um",
      "whiteSpace" : false
    }, {
      "id" : "s2-t4",
      "begin" : 266,
      "end" : 276,
      "text" : "Multimídia",
      "whiteSpace" : false
    }, {
      "id" : "s2-t5",
      "begin" : 277,
      "end" : 279,
      "text" : "de",
      "whiteSpace" : false
    }, {
      "id" : "s2-t6",
      "begin" : 280,
      "end" : 281,
      "text" : "7",
      "whiteSpace" : false
    }, {
      "id" : "s2-t7",
      "begin" : 282,
      "end" : 291,
      "text" : "polegadas",
      "whiteSpace" : false
    }, {
      "id" : "s2-t8",
      "begin" : 292,
      "end" : 293,
      "text" : "é",
      "whiteSpace" : false
    }, {
      "id" : "s2-t9",
      "begin" : 294,
      "end" : 297,
      "text" : "bem",
      "whiteSpace" : false
    }, {
      "id" : "s2-t10",
      "begin" : 298,
      "end" : 308,
      "text" : "localizada",
      "whiteSpace" : false
    }, {
      "id" : "s2-t11",
      "begin" : 309,
      "end" : 310,
      "text" : "e",
      "whiteSpace" : false
    }, {
      "id" : "s2-t12",
      "begin" : 311,
      "end" : 314,
      "text" : "tem",
      "whiteSpace" : false
    }, {
      "id" : "s2-t13",
      "begin" : 315,
      "end" : 325,
      "text" : "excelentes",
      "whiteSpace" : false
    }, {
      "id" : "s2-t14",
      "begin" : 326,
      "end" : 333,
      "text" : "funções",
      "whiteSpace" : false
    }, {
      "id" : "s2-t15",
      "begin" : 333,
      "end" : 334,
      "text" : ",",
      "whiteSpace" : false
    }, {
      "id" : "s2-t16",
      "begin" : 335,
      "end" : 341,
      "text" : "apesar",
      "whiteSpace" : false
    }, {
      "id" : "s2-t17",
      "begin" : 342,
      "end" : 345,
      "text" : "que",
      "whiteSpace" : false
    }, {
      "id" : "s2-t18",
      "begin" : 346,
      "end" : 353,
      "text" : "poderia",
      "whiteSpace" : false
    }, {
      "id" : "s2-t19",
      "begin" : 354,
      "end" : 357,
      "text" : "ser",
      "whiteSpace" : false
    }, {
      "id" : "s2-t20",
      "begin" : 358,
      "end" : 362,
      "text" : "mais",
      "whiteSpace" : false
    }, {
      "id" : "s2-t21",
      "begin" : 363,
      "end" : 369,
      "text" : "rápida",
      "whiteSpace" : false
    }, {
      "id" : "s2-t22",
      "begin" : 369,
      "end" : 370,
      "text" : ".",
      "whiteSpace" : false
    } ]
  }, {
    "id" : "s3",
    "begin" : 371,
    "end" : 454,
    "text" : "Sabendo dirigir, o carro Argo é muito econômico, tanto na cidade quanto na estrada.",
    "tokens" : [ {
      "id" : "s3-t0",
      "begin" : 371,
      "end" : 378,
      "text" : "Sabendo",
      "whiteSpace" : false
    }, {
      "id" : "s3-t1",
      "begin" : 379,
      "end" : 386,
      "text" : "dirigir",
      "whiteSpace" : false
    }, {
      "id" : "s3-t2",
      "begin" : 386,
      "end" : 387,
      "text" : ",",
      "whiteSpace" : false
    }, {
      "id" : "s3-t3",
      "begin" : 388,
      "end" : 389,
      "text" : "o",
      "whiteSpace" : false
    }, {
      "id" : "s3-t4",
      "begin" : 390,
      "end" : 395,
      "text" : "carro",
      "whiteSpace" : false
    }, {
      "id" : "s3-t5",
      "begin" : 396,
      "end" : 400,
      "text" : "Argo",
      "whiteSpace" : false
    }, {
      "id" : "s3-t6",
      "begin" : 401,
      "end" : 402,
      "text" : "é",
      "whiteSpace" : false
    }, {
      "id" : "s3-t7",
      "begin" : 403,
      "end" : 408,
      "text" : "muito",
      "whiteSpace" : false
    }, {
      "id" : "s3-t8",
      "begin" : 409,
      "end" : 418,
      "text" : "econômico",
      "whiteSpace" : false
    }, {
      "id" : "s3-t9",
      "begin" : 418,
      "end" : 419,
      "text" : ",",
      "whiteSpace" : false
    }, {
      "id" : "s3-t10",
      "begin" : 420,
      "end" : 425,
      "text" : "tanto",
      "whiteSpace" : false
    }, {
      "id" : "s3-t11",
      "begin" : 426,
      "end" : 428,
      "text" : "na",
      "whiteSpace" : false
    }, {
      "id" : "s3-t12",
      "begin" : 429,
      "end" : 435,
      "text" : "cidade",
      "whiteSpace" : false
    }, {
      "id" : "s3-t13",
      "begin" : 436,
      "end" : 442,
      "text" : "quanto",
      "whiteSpace" : false
    }, {
      "id" : "s3-t14",
      "begin" : 443,
      "end" : 445,
      "text" : "na",
      "whiteSpace" : false
    }, {
      "id" : "s3-t15",
      "begin" : 446,
      "end" : 453,
      "text" : "estrada",
      "whiteSpace" : false
    }, {
      "id" : "s3-t16",
      "begin" : 453,
      "end" : 454,
      "text" : ".",
      "whiteSpace" : false
    } ]
  } ],
  "mentions" : [ {
    "id" : "s0-m1",
    "properties" : {
      "SIRE_MENTION_ROLE" : "MODELO",
      "SIRE_ENTITY_SUBTYPE" : "NONE",
      "SIRE_MENTION_TYPE" : "NONE",
      "SIRE_MENTION_CLASS" : "SPC"
    },
    "type" : "MODELO",
    "begin" : 2,
    "end" : 6,
    "inCoref" : false
  }, {
    "id" : "s0-m3",
    "properties" : {
      "SIRE_MENTION_ROLE" : "CONFORTO",
      "SIRE_ENTITY_SUBTYPE" : "NONE",
      "SIRE_MENTION_TYPE" : "NONE",
      "SIRE_MENTION_CLASS" : "SPC"
    },
    "type" : "CONFORTO",
    "begin" : 14,
    "end" : 28,
    "inCoref" : false
  }, {
    "id" : "s0-m2",
    "properties" : {
      "SIRE_MENTION_ROLE" : "CONFORTO",
      "SIRE_ENTITY_SUBTYPE" : "NONE",
      "SIRE_MENTION_TYPE" : "NONE",
      "SIRE_MENTION_CLASS" : "SPC"
    },
    "type" : "CONFORTO",
    "begin" : 72,
    "end" : 89,
    "inCoref" : false
  }, {
    "id" : "s0-m4",
    "properties" : {
      "SIRE_MENTION_ROLE" : "CONFORTO",
      "SIRE_ENTITY_SUBTYPE" : "NONE",
      "SIRE_MENTION_TYPE" : "NONE",
      "SIRE_MENTION_CLASS" : "SPC"
    },
    "type" : "CONFORTO",
    "begin" : 125,
    "end" : 130,
    "inCoref" : false
  }, {
    "id" : "s0-m5",
    "properties" : {
      "SIRE_MENTION_ROLE" : "CONFORTO",
      "SIRE_ENTITY_SUBTYPE" : "NONE",
      "SIRE_MENTION_TYPE" : "NONE",
      "SIRE_MENTION_CLASS" : "SPC"
    },
    "type" : "CONFORTO",
    "begin" : 152,
    "end" : 157,
    "inCoref" : false
  }, {
    "id" : "s1-m1",
    "properties" : {
      "SIRE_MENTION_ROLE" : "MODELO",
      "SIRE_ENTITY_SUBTYPE" : "NONE",
      "SIRE_MENTION_TYPE" : "NONE",
      "SIRE_MENTION_CLASS" : "SPC"
    },
    "type" : "MODELO",
    "begin" : 193,
    "end" : 197,
    "inCoref" : false
  }, {
    "id" : "s1-m2",
    "properties" : {
      "SIRE_MENTION_ROLE" : "ACESSORIOS",
      "SIRE_ENTITY_SUBTYPE" : "NONE",
      "SIRE_MENTION_TYPE" : "NONE",
      "SIRE_MENTION_CLASS" : "SPC"
    },
    "type" : "ACESSORIOS",
    "begin" : 205,
    "end" : 224,
    "inCoref" : false
  }, {
    "id" : "s2-m1",
    "properties" : {
      "SIRE_MENTION_ROLE" : "MODELO",
      "SIRE_ENTITY_SUBTYPE" : "NONE",
      "SIRE_MENTION_TYPE" : "NONE",
      "SIRE_MENTION_CLASS" : "SPC"
    },
    "type" : "MODELO",
    "begin" : 254,
    "end" : 258,
    "inCoref" : false
  }, {
    "id" : "s2-m2",
    "properties" : {
      "SIRE_MENTION_ROLE" : "ACESSORIOS",
      "SIRE_ENTITY_SUBTYPE" : "NONE",
      "SIRE_MENTION_TYPE" : "NONE",
      "SIRE_MENTION_CLASS" : "SPC"
    },
    "type" : "ACESSORIOS",
    "begin" : 266,
    "end" : 276,
    "inCoref" : false
  }, {
    "id" : "s3-m1",
    "properties" : {
      "SIRE_MENTION_ROLE" : "MODELO",
      "SIRE_ENTITY_SUBTYPE" : "NONE",
      "SIRE_MENTION_TYPE" : "NONE",
      "SIRE_MENTION_CLASS" : "SPC"
    },
    "type" : "MODELO",
    "begin" : 396,
    "end" : 400,
    "inCoref" : false
  }, {
    "id" : "s3-m2",
    "properties" : {
      "SIRE_MENTION_ROLE" : "CONSUMO",
      "SIRE_ENTITY_SUBTYPE" : "NONE",
      "SIRE_MENTION_TYPE" : "NONE",
      "SIRE_MENTION_CLASS" : "SPC"
    },
    "type" : "CONSUMO",
    "begin" : 409,
    "end" : 418,
    "inCoref" : false
  } ],
  "relations" : [ {
    "id" : "s0-r1",
    "properties" : { },
    "type" : "de",
    "args" : [ "s0-m3", "s0-m1" ]
  }, {
    "id" : "s0-r2",
    "properties" : { },
    "type" : "de",
    "args" : [ "s0-m2", "s0-m1" ]
  }, {
    "id" : "s0-r3",
    "properties" : { },
    "type" : "de",
    "args" : [ "s0-m4", "s0-m1" ]
  }, {
    "id" : "s0-r4",
    "properties" : { },
    "type" : "de",
    "args" : [ "s0-m5", "s0-m1" ]
  }, {
    "id" : "s1-r1",
    "properties" : { },
    "type" : "de",
    "args" : [ "s1-m2", "s1-m1" ]
  }, {
    "id" : "s2-r1",
    "properties" : { },
    "type" : "de",
    "args" : [ "s2-m2", "s2-m1" ]
  }, {
    "id" : "s3-r1",
    "properties" : { },
    "type" : "de",
    "args" : [ "s3-m2", "s3-m1" ]
  } ],
  "corefs" : [ ],
  "typeResolved" : true,
  "userResolved" : false
}