{
  "id" : "d14dfaa0-f5d1-11ea-946d-e76b3fc26918-14",
  "name" : "train_15_1.txt",
  "createdDate" : 0,
  "version" : 3,
  "text" : "No Argo, se o combustível for gasolina, os números são de 11,8 segundos e 180 km/h, respectivamente. De acordo com a montadora, o Fiat Argo faz 9,2 km/l na cidade e 10,2 km/l na estrada se abastecido com etanol e 12,9 km/l e 14,3 km/l com gasolina, o que é econômico para a categoria.\r\n",
  "docLength" : 0,
  "language" : "PT",
  "status" : "SUBMITTED",
  "modifiedDate" : 1600010167264,
  "documentSet" : [ ],
  "preannotation" : [ ],
  "sentences" : [ {
    "id" : "s0",
    "begin" : 0,
    "end" : 100,
    "text" : "No Argo, se o combustível for gasolina, os números são de 11,8 segundos e 180 km/h, respectivamente.",
    "tokens" : [ {
      "id" : "s0-t0",
      "begin" : 0,
      "end" : 2,
      "text" : "No",
      "whiteSpace" : false
    }, {
      "id" : "s0-t1",
      "begin" : 3,
      "end" : 7,
      "text" : "Argo",
      "whiteSpace" : false
    }, {
      "id" : "s0-t2",
      "begin" : 7,
      "end" : 8,
      "text" : ",",
      "whiteSpace" : false
    }, {
      "id" : "s0-t3",
      "begin" : 9,
      "end" : 11,
      "text" : "se",
      "whiteSpace" : false
    }, {
      "id" : "s0-t4",
      "begin" : 12,
      "end" : 13,
      "text" : "o",
      "whiteSpace" : false
    }, {
      "id" : "s0-t5",
      "begin" : 14,
      "end" : 25,
      "text" : "combustível",
      "whiteSpace" : false
    }, {
      "id" : "s0-t6",
      "begin" : 26,
      "end" : 29,
      "text" : "for",
      "whiteSpace" : false
    }, {
      "id" : "s0-t7",
      "begin" : 30,
      "end" : 38,
      "text" : "gasolina",
      "whiteSpace" : false
    }, {
      "id" : "s0-t8",
      "begin" : 38,
      "end" : 39,
      "text" : ",",
      "whiteSpace" : false
    }, {
      "id" : "s0-t9",
      "begin" : 40,
      "end" : 42,
      "text" : "os",
      "whiteSpace" : false
    }, {
      "id" : "s0-t10",
      "begin" : 43,
      "end" : 50,
      "text" : "números",
      "whiteSpace" : false
    }, {
      "id" : "s0-t11",
      "begin" : 51,
      "end" : 54,
      "text" : "são",
      "whiteSpace" : false
    }, {
      "id" : "s0-t12",
      "begin" : 55,
      "end" : 57,
      "text" : "de",
      "whiteSpace" : false
    }, {
      "id" : "s0-t13",
      "begin" : 58,
      "end" : 62,
      "text" : "11,8",
      "whiteSpace" : false
    }, {
      "id" : "s0-t14",
      "begin" : 63,
      "end" : 71,
      "text" : "segundos",
      "whiteSpace" : false
    }, {
      "id" : "s0-t15",
      "begin" : 72,
      "end" : 73,
      "text" : "e",
      "whiteSpace" : false
    }, {
      "id" : "s0-t16",
      "begin" : 74,
      "end" : 77,
      "text" : "180",
      "whiteSpace" : false
    }, {
      "id" : "s0-t17",
      "begin" : 78,
      "end" : 82,
      "text" : "km/h",
      "whiteSpace" : false
    }, {
      "id" : "s0-t18",
      "begin" : 82,
      "end" : 83,
      "text" : ",",
      "whiteSpace" : false
    }, {
      "id" : "s0-t19",
      "begin" : 84,
      "end" : 99,
      "text" : "respectivamente",
      "whiteSpace" : false
    }, {
      "id" : "s0-t20",
      "begin" : 99,
      "end" : 100,
      "text" : ".",
      "whiteSpace" : false
    } ]
  }, {
    "id" : "s1",
    "begin" : 101,
    "end" : 284,
    "text" : "De acordo com a montadora, o Fiat Argo faz 9,2 km/l na cidade e 10,2 km/l na estrada se abastecido com etanol e 12,9 km/l e 14,3 km/l com gasolina, o que é econômico para a categoria.",
    "tokens" : [ {
      "id" : "s1-t0",
      "begin" : 101,
      "end" : 103,
      "text" : "De",
      "whiteSpace" : false
    }, {
      "id" : "s1-t1",
      "begin" : 104,
      "end" : 110,
      "text" : "acordo",
      "whiteSpace" : false
    }, {
      "id" : "s1-t2",
      "begin" : 111,
      "end" : 114,
      "text" : "com",
      "whiteSpace" : false
    }, {
      "id" : "s1-t3",
      "begin" : 115,
      "end" : 116,
      "text" : "a",
      "whiteSpace" : false
    }, {
      "id" : "s1-t4",
      "begin" : 117,
      "end" : 126,
      "text" : "montadora",
      "whiteSpace" : false
    }, {
      "id" : "s1-t5",
      "begin" : 126,
      "end" : 127,
      "text" : ",",
      "whiteSpace" : false
    }, {
      "id" : "s1-t6",
      "begin" : 128,
      "end" : 129,
      "text" : "o",
      "whiteSpace" : false
    }, {
      "id" : "s1-t7",
      "begin" : 130,
      "end" : 134,
      "text" : "Fiat",
      "whiteSpace" : false
    }, {
      "id" : "s1-t8",
      "begin" : 135,
      "end" : 139,
      "text" : "Argo",
      "whiteSpace" : false
    }, {
      "id" : "s1-t9",
      "begin" : 140,
      "end" : 143,
      "text" : "faz",
      "whiteSpace" : false
    }, {
      "id" : "s1-t10",
      "begin" : 144,
      "end" : 147,
      "text" : "9,2",
      "whiteSpace" : false
    }, {
      "id" : "s1-t11",
      "begin" : 148,
      "end" : 152,
      "text" : "km/l",
      "whiteSpace" : false
    }, {
      "id" : "s1-t12",
      "begin" : 153,
      "end" : 155,
      "text" : "na",
      "whiteSpace" : false
    }, {
      "id" : "s1-t13",
      "begin" : 156,
      "end" : 162,
      "text" : "cidade",
      "whiteSpace" : false
    }, {
      "id" : "s1-t14",
      "begin" : 163,
      "end" : 164,
      "text" : "e",
      "whiteSpace" : false
    }, {
      "id" : "s1-t15",
      "begin" : 165,
      "end" : 169,
      "text" : "10,2",
      "whiteSpace" : false
    }, {
      "id" : "s1-t16",
      "begin" : 170,
      "end" : 174,
      "text" : "km/l",
      "whiteSpace" : false
    }, {
      "id" : "s1-t17",
      "begin" : 175,
      "end" : 177,
      "text" : "na",
      "whiteSpace" : false
    }, {
      "id" : "s1-t18",
      "begin" : 178,
      "end" : 185,
      "text" : "estrada",
      "whiteSpace" : false
    }, {
      "id" : "s1-t19",
      "begin" : 186,
      "end" : 188,
      "text" : "se",
      "whiteSpace" : false
    }, {
      "id" : "s1-t20",
      "begin" : 189,
      "end" : 199,
      "text" : "abastecido",
      "whiteSpace" : false
    }, {
      "id" : "s1-t21",
      "begin" : 200,
      "end" : 203,
      "text" : "com",
      "whiteSpace" : false
    }, {
      "id" : "s1-t22",
      "begin" : 204,
      "end" : 210,
      "text" : "etanol",
      "whiteSpace" : false
    }, {
      "id" : "s1-t23",
      "begin" : 211,
      "end" : 212,
      "text" : "e",
      "whiteSpace" : false
    }, {
      "id" : "s1-t24",
      "begin" : 213,
      "end" : 217,
      "text" : "12,9",
      "whiteSpace" : false
    }, {
      "id" : "s1-t25",
      "begin" : 218,
      "end" : 222,
      "text" : "km/l",
      "whiteSpace" : false
    }, {
      "id" : "s1-t26",
      "begin" : 223,
      "end" : 224,
      "text" : "e",
      "whiteSpace" : false
    }, {
      "id" : "s1-t27",
      "begin" : 225,
      "end" : 229,
      "text" : "14,3",
      "whiteSpace" : false
    }, {
      "id" : "s1-t28",
      "begin" : 230,
      "end" : 234,
      "text" : "km/l",
      "whiteSpace" : false
    }, {
      "id" : "s1-t29",
      "begin" : 235,
      "end" : 238,
      "text" : "com",
      "whiteSpace" : false
    }, {
      "id" : "s1-t30",
      "begin" : 239,
      "end" : 247,
      "text" : "gasolina",
      "whiteSpace" : false
    }, {
      "id" : "s1-t31",
      "begin" : 247,
      "end" : 248,
      "text" : ",",
      "whiteSpace" : false
    }, {
      "id" : "s1-t32",
      "begin" : 249,
      "end" : 250,
      "text" : "o",
      "whiteSpace" : false
    }, {
      "id" : "s1-t33",
      "begin" : 251,
      "end" : 254,
      "text" : "que",
      "whiteSpace" : false
    }, {
      "id" : "s1-t34",
      "begin" : 255,
      "end" : 256,
      "text" : "é",
      "whiteSpace" : false
    }, {
      "id" : "s1-t35",
      "begin" : 257,
      "end" : 266,
      "text" : "econômico",
      "whiteSpace" : false
    }, {
      "id" : "s1-t36",
      "begin" : 267,
      "end" : 271,
      "text" : "para",
      "whiteSpace" : false
    }, {
      "id" : "s1-t37",
      "begin" : 272,
      "end" : 273,
      "text" : "a",
      "whiteSpace" : false
    }, {
      "id" : "s1-t38",
      "begin" : 274,
      "end" : 283,
      "text" : "categoria",
      "whiteSpace" : false
    }, {
      "id" : "s1-t39",
      "begin" : 283,
      "end" : 284,
      "text" : ".",
      "whiteSpace" : false
    } ]
  } ],
  "mentions" : [ {
    "id" : "s0-m1",
    "properties" : {
      "SIRE_MENTION_ROLE" : "MODELO",
      "SIRE_ENTITY_SUBTYPE" : "NONE",
      "SIRE_MENTION_TYPE" : "NONE",
      "SIRE_MENTION_CLASS" : "SPC"
    },
    "type" : "MODELO",
    "begin" : 3,
    "end" : 7,
    "inCoref" : false
  }, {
    "id" : "s1-m1",
    "properties" : {
      "SIRE_MENTION_ROLE" : "MODELO",
      "SIRE_ENTITY_SUBTYPE" : "NONE",
      "SIRE_MENTION_TYPE" : "NONE",
      "SIRE_MENTION_CLASS" : "SPC"
    },
    "type" : "MODELO",
    "begin" : 135,
    "end" : 139,
    "inCoref" : false
  }, {
    "id" : "s1-m2",
    "properties" : {
      "SIRE_MENTION_ROLE" : "CONSUMO",
      "SIRE_ENTITY_SUBTYPE" : "NONE",
      "SIRE_MENTION_TYPE" : "NONE",
      "SIRE_MENTION_CLASS" : "SPC"
    },
    "type" : "CONSUMO",
    "begin" : 144,
    "end" : 152,
    "inCoref" : false
  }, {
    "id" : "s1-m3",
    "properties" : {
      "SIRE_MENTION_ROLE" : "CONSUMO",
      "SIRE_ENTITY_SUBTYPE" : "NONE",
      "SIRE_MENTION_TYPE" : "NONE",
      "SIRE_MENTION_CLASS" : "SPC"
    },
    "type" : "CONSUMO",
    "begin" : 165,
    "end" : 174,
    "inCoref" : false
  }, {
    "id" : "s1-m4",
    "properties" : {
      "SIRE_MENTION_ROLE" : "CONSUMO",
      "SIRE_ENTITY_SUBTYPE" : "NONE",
      "SIRE_MENTION_TYPE" : "NONE",
      "SIRE_MENTION_CLASS" : "SPC"
    },
    "type" : "CONSUMO",
    "begin" : 213,
    "end" : 222,
    "inCoref" : false
  }, {
    "id" : "s1-m5",
    "properties" : {
      "SIRE_MENTION_ROLE" : "CONSUMO",
      "SIRE_ENTITY_SUBTYPE" : "NONE",
      "SIRE_MENTION_TYPE" : "NONE",
      "SIRE_MENTION_CLASS" : "SPC"
    },
    "type" : "CONSUMO",
    "begin" : 225,
    "end" : 234,
    "inCoref" : false
  } ],
  "relations" : [ {
    "id" : "s1-r1",
    "properties" : { },
    "type" : "de",
    "args" : [ "s1-m2", "s1-m1" ]
  }, {
    "id" : "s1-r2",
    "properties" : { },
    "type" : "de",
    "args" : [ "s1-m3", "s1-m1" ]
  }, {
    "id" : "s1-r3",
    "properties" : { },
    "type" : "de",
    "args" : [ "s1-m4", "s1-m1" ]
  }, {
    "id" : "s1-r4",
    "properties" : { },
    "type" : "de",
    "args" : [ "s1-m5", "s1-m1" ]
  } ],
  "corefs" : [ ],
  "typeResolved" : true,
  "userResolved" : false
}