{
  "id" : "d14dfaa0-f5d1-11ea-946d-e76b3fc26918-11",
  "name" : "train_12.txt",
  "createdDate" : 0,
  "version" : 3,
  "text" : "O painel de instrumentos do Fiat Argo traz uma tela de TFT de 3,5 polegadas com visor colorido para o computador de bordo, incluindo funções como velocímetro digital e o sensor de pressão de pneus, que vem de série.\r\n",
  "docLength" : 0,
  "language" : "PT",
  "status" : "SUBMITTED",
  "modifiedDate" : 1600010051013,
  "documentSet" : [ ],
  "preannotation" : [ ],
  "sentences" : [ {
    "id" : "s0",
    "begin" : 0,
    "end" : 215,
    "text" : "O painel de instrumentos do Fiat Argo traz uma tela de TFT de 3,5 polegadas com visor colorido para o computador de bordo, incluindo funções como velocímetro digital e o sensor de pressão de pneus, que vem de série.",
    "tokens" : [ {
      "id" : "s0-t0",
      "begin" : 0,
      "end" : 1,
      "text" : "O",
      "whiteSpace" : false
    }, {
      "id" : "s0-t1",
      "begin" : 2,
      "end" : 8,
      "text" : "painel",
      "whiteSpace" : false
    }, {
      "id" : "s0-t2",
      "begin" : 9,
      "end" : 11,
      "text" : "de",
      "whiteSpace" : false
    }, {
      "id" : "s0-t3",
      "begin" : 12,
      "end" : 24,
      "text" : "instrumentos",
      "whiteSpace" : false
    }, {
      "id" : "s0-t4",
      "begin" : 25,
      "end" : 27,
      "text" : "do",
      "whiteSpace" : false
    }, {
      "id" : "s0-t5",
      "begin" : 28,
      "end" : 32,
      "text" : "Fiat",
      "whiteSpace" : false
    }, {
      "id" : "s0-t6",
      "begin" : 33,
      "end" : 37,
      "text" : "Argo",
      "whiteSpace" : false
    }, {
      "id" : "s0-t7",
      "begin" : 38,
      "end" : 42,
      "text" : "traz",
      "whiteSpace" : false
    }, {
      "id" : "s0-t8",
      "begin" : 43,
      "end" : 46,
      "text" : "uma",
      "whiteSpace" : false
    }, {
      "id" : "s0-t9",
      "begin" : 47,
      "end" : 51,
      "text" : "tela",
      "whiteSpace" : false
    }, {
      "id" : "s0-t10",
      "begin" : 52,
      "end" : 54,
      "text" : "de",
      "whiteSpace" : false
    }, {
      "id" : "s0-t11",
      "begin" : 55,
      "end" : 58,
      "text" : "TFT",
      "whiteSpace" : false
    }, {
      "id" : "s0-t12",
      "begin" : 59,
      "end" : 61,
      "text" : "de",
      "whiteSpace" : false
    }, {
      "id" : "s0-t13",
      "begin" : 62,
      "end" : 65,
      "text" : "3,5",
      "whiteSpace" : false
    }, {
      "id" : "s0-t14",
      "begin" : 66,
      "end" : 75,
      "text" : "polegadas",
      "whiteSpace" : false
    }, {
      "id" : "s0-t15",
      "begin" : 76,
      "end" : 79,
      "text" : "com",
      "whiteSpace" : false
    }, {
      "id" : "s0-t16",
      "begin" : 80,
      "end" : 85,
      "text" : "visor",
      "whiteSpace" : false
    }, {
      "id" : "s0-t17",
      "begin" : 86,
      "end" : 94,
      "text" : "colorido",
      "whiteSpace" : false
    }, {
      "id" : "s0-t18",
      "begin" : 95,
      "end" : 99,
      "text" : "para",
      "whiteSpace" : false
    }, {
      "id" : "s0-t19",
      "begin" : 100,
      "end" : 101,
      "text" : "o",
      "whiteSpace" : false
    }, {
      "id" : "s0-t20",
      "begin" : 102,
      "end" : 112,
      "text" : "computador",
      "whiteSpace" : false
    }, {
      "id" : "s0-t21",
      "begin" : 113,
      "end" : 115,
      "text" : "de",
      "whiteSpace" : false
    }, {
      "id" : "s0-t22",
      "begin" : 116,
      "end" : 121,
      "text" : "bordo",
      "whiteSpace" : false
    }, {
      "id" : "s0-t23",
      "begin" : 121,
      "end" : 122,
      "text" : ",",
      "whiteSpace" : false
    }, {
      "id" : "s0-t24",
      "begin" : 123,
      "end" : 132,
      "text" : "incluindo",
      "whiteSpace" : false
    }, {
      "id" : "s0-t25",
      "begin" : 133,
      "end" : 140,
      "text" : "funções",
      "whiteSpace" : false
    }, {
      "id" : "s0-t26",
      "begin" : 141,
      "end" : 145,
      "text" : "como",
      "whiteSpace" : false
    }, {
      "id" : "s0-t27",
      "begin" : 146,
      "end" : 157,
      "text" : "velocímetro",
      "whiteSpace" : false
    }, {
      "id" : "s0-t28",
      "begin" : 158,
      "end" : 165,
      "text" : "digital",
      "whiteSpace" : false
    }, {
      "id" : "s0-t29",
      "begin" : 166,
      "end" : 167,
      "text" : "e",
      "whiteSpace" : false
    }, {
      "id" : "s0-t30",
      "begin" : 168,
      "end" : 169,
      "text" : "o",
      "whiteSpace" : false
    }, {
      "id" : "s0-t31",
      "begin" : 170,
      "end" : 176,
      "text" : "sensor",
      "whiteSpace" : false
    }, {
      "id" : "s0-t32",
      "begin" : 177,
      "end" : 179,
      "text" : "de",
      "whiteSpace" : false
    }, {
      "id" : "s0-t33",
      "begin" : 180,
      "end" : 187,
      "text" : "pressão",
      "whiteSpace" : false
    }, {
      "id" : "s0-t34",
      "begin" : 188,
      "end" : 190,
      "text" : "de",
      "whiteSpace" : false
    }, {
      "id" : "s0-t35",
      "begin" : 191,
      "end" : 196,
      "text" : "pneus",
      "whiteSpace" : false
    }, {
      "id" : "s0-t36",
      "begin" : 196,
      "end" : 197,
      "text" : ",",
      "whiteSpace" : false
    }, {
      "id" : "s0-t37",
      "begin" : 198,
      "end" : 201,
      "text" : "que",
      "whiteSpace" : false
    }, {
      "id" : "s0-t38",
      "begin" : 202,
      "end" : 205,
      "text" : "vem",
      "whiteSpace" : false
    }, {
      "id" : "s0-t39",
      "begin" : 206,
      "end" : 208,
      "text" : "de",
      "whiteSpace" : false
    }, {
      "id" : "s0-t40",
      "begin" : 209,
      "end" : 214,
      "text" : "série",
      "whiteSpace" : false
    }, {
      "id" : "s0-t41",
      "begin" : 214,
      "end" : 215,
      "text" : ".",
      "whiteSpace" : false
    } ]
  } ],
  "mentions" : [ {
    "id" : "s0-m1",
    "properties" : {
      "SIRE_MENTION_ROLE" : "MODELO",
      "SIRE_ENTITY_SUBTYPE" : "NONE",
      "SIRE_MENTION_TYPE" : "NONE",
      "SIRE_MENTION_CLASS" : "SPC"
    },
    "type" : "MODELO",
    "begin" : 33,
    "end" : 37,
    "inCoref" : false
  }, {
    "id" : "s0-m2",
    "properties" : {
      "SIRE_MENTION_ROLE" : "ACESSORIOS",
      "SIRE_ENTITY_SUBTYPE" : "NONE",
      "SIRE_MENTION_TYPE" : "NONE",
      "SIRE_MENTION_CLASS" : "SPC"
    },
    "type" : "ACESSORIOS",
    "begin" : 47,
    "end" : 51,
    "inCoref" : false
  }, {
    "id" : "s0-m4",
    "properties" : {
      "SIRE_MENTION_ROLE" : "ACESSORIOS",
      "SIRE_ENTITY_SUBTYPE" : "NONE",
      "SIRE_MENTION_TYPE" : "NONE",
      "SIRE_MENTION_CLASS" : "SPC"
    },
    "type" : "ACESSORIOS",
    "begin" : 102,
    "end" : 121,
    "inCoref" : false
  }, {
    "id" : "s0-m5",
    "properties" : {
      "SIRE_MENTION_ROLE" : "ACESSORIOS",
      "SIRE_ENTITY_SUBTYPE" : "NONE",
      "SIRE_MENTION_TYPE" : "NONE",
      "SIRE_MENTION_CLASS" : "SPC"
    },
    "type" : "ACESSORIOS",
    "begin" : 146,
    "end" : 165,
    "inCoref" : false
  }, {
    "id" : "s0-m6",
    "properties" : {
      "SIRE_MENTION_ROLE" : "ACESSORIOS",
      "SIRE_ENTITY_SUBTYPE" : "NONE",
      "SIRE_MENTION_TYPE" : "NONE",
      "SIRE_MENTION_CLASS" : "SPC"
    },
    "type" : "ACESSORIOS",
    "begin" : 170,
    "end" : 196,
    "inCoref" : false
  } ],
  "relations" : [ {
    "id" : "s0-r1",
    "properties" : { },
    "type" : "de",
    "args" : [ "s0-m2", "s0-m1" ]
  }, {
    "id" : "s0-r2",
    "properties" : { },
    "type" : "de",
    "args" : [ "s0-m4", "s0-m1" ]
  }, {
    "id" : "s0-r3",
    "properties" : { },
    "type" : "de",
    "args" : [ "s0-m5", "s0-m1" ]
  }, {
    "id" : "s0-r4",
    "properties" : { },
    "type" : "de",
    "args" : [ "s0-m6", "s0-m1" ]
  } ],
  "corefs" : [ ],
  "typeResolved" : true,
  "userResolved" : false
}