{
  "id" : "d14dfaa0-f5d1-11ea-946d-e76b3fc26918-4",
  "name" : "train_4_1.txt",
  "createdDate" : 0,
  "version" : 3,
  "text" : "O Jeep Renegade Sport (R$ 91.590) possui central multimídia Uconnect de 7 polegadas, que é opcional, junto com o ar-condicionado automático bizona (que não existe nos rivais) e o monitor de pressão dos pneus, em um pacote que sai por R$ 4.000. No Renegade O rádio padrão tem tela de 5 polegadas só para exibir imagens da câmera de ré.\r\n",
  "docLength" : 0,
  "language" : "PT",
  "status" : "SUBMITTED",
  "modifiedDate" : 1600012157428,
  "documentSet" : [ ],
  "preannotation" : [ ],
  "sentences" : [ {
    "id" : "s0",
    "begin" : 0,
    "end" : 243,
    "text" : "O Jeep Renegade Sport (R$ 91.590) possui central multimídia Uconnect de 7 polegadas, que é opcional, junto com o ar-condicionado automático bizona (que não existe nos rivais) e o monitor de pressão dos pneus, em um pacote que sai por R$ 4.000.",
    "tokens" : [ {
      "id" : "s0-t0",
      "begin" : 0,
      "end" : 1,
      "text" : "O",
      "whiteSpace" : false
    }, {
      "id" : "s0-t1",
      "begin" : 2,
      "end" : 6,
      "text" : "Jeep",
      "whiteSpace" : false
    }, {
      "id" : "s0-t2",
      "begin" : 7,
      "end" : 15,
      "text" : "Renegade",
      "whiteSpace" : false
    }, {
      "id" : "s0-t3",
      "begin" : 16,
      "end" : 21,
      "text" : "Sport",
      "whiteSpace" : false
    }, {
      "id" : "s0-t4",
      "begin" : 22,
      "end" : 23,
      "text" : "(",
      "whiteSpace" : false
    }, {
      "id" : "s0-t5",
      "begin" : 23,
      "end" : 25,
      "text" : "R$",
      "whiteSpace" : false
    }, {
      "id" : "s0-t6",
      "begin" : 26,
      "end" : 32,
      "text" : "91.590",
      "whiteSpace" : false
    }, {
      "id" : "s0-t7",
      "begin" : 32,
      "end" : 33,
      "text" : ")",
      "whiteSpace" : false
    }, {
      "id" : "s0-t8",
      "begin" : 34,
      "end" : 40,
      "text" : "possui",
      "whiteSpace" : false
    }, {
      "id" : "s0-t9",
      "begin" : 41,
      "end" : 48,
      "text" : "central",
      "whiteSpace" : false
    }, {
      "id" : "s0-t10",
      "begin" : 49,
      "end" : 59,
      "text" : "multimídia",
      "whiteSpace" : false
    }, {
      "id" : "s0-t11",
      "begin" : 60,
      "end" : 68,
      "text" : "Uconnect",
      "whiteSpace" : false
    }, {
      "id" : "s0-t12",
      "begin" : 69,
      "end" : 71,
      "text" : "de",
      "whiteSpace" : false
    }, {
      "id" : "s0-t13",
      "begin" : 72,
      "end" : 73,
      "text" : "7",
      "whiteSpace" : false
    }, {
      "id" : "s0-t14",
      "begin" : 74,
      "end" : 83,
      "text" : "polegadas",
      "whiteSpace" : false
    }, {
      "id" : "s0-t15",
      "begin" : 83,
      "end" : 84,
      "text" : ",",
      "whiteSpace" : false
    }, {
      "id" : "s0-t16",
      "begin" : 85,
      "end" : 88,
      "text" : "que",
      "whiteSpace" : false
    }, {
      "id" : "s0-t17",
      "begin" : 89,
      "end" : 90,
      "text" : "é",
      "whiteSpace" : false
    }, {
      "id" : "s0-t18",
      "begin" : 91,
      "end" : 99,
      "text" : "opcional",
      "whiteSpace" : false
    }, {
      "id" : "s0-t19",
      "begin" : 99,
      "end" : 100,
      "text" : ",",
      "whiteSpace" : false
    }, {
      "id" : "s0-t20",
      "begin" : 101,
      "end" : 106,
      "text" : "junto",
      "whiteSpace" : false
    }, {
      "id" : "s0-t21",
      "begin" : 107,
      "end" : 110,
      "text" : "com",
      "whiteSpace" : false
    }, {
      "id" : "s0-t22",
      "begin" : 111,
      "end" : 112,
      "text" : "o",
      "whiteSpace" : false
    }, {
      "id" : "s0-t23",
      "begin" : 113,
      "end" : 128,
      "text" : "ar-condicionado",
      "whiteSpace" : false
    }, {
      "id" : "s0-t24",
      "begin" : 129,
      "end" : 139,
      "text" : "automático",
      "whiteSpace" : false
    }, {
      "id" : "s0-t25",
      "begin" : 140,
      "end" : 146,
      "text" : "bizona",
      "whiteSpace" : false
    }, {
      "id" : "s0-t26",
      "begin" : 147,
      "end" : 148,
      "text" : "(",
      "whiteSpace" : false
    }, {
      "id" : "s0-t27",
      "begin" : 148,
      "end" : 151,
      "text" : "que",
      "whiteSpace" : false
    }, {
      "id" : "s0-t28",
      "begin" : 152,
      "end" : 155,
      "text" : "não",
      "whiteSpace" : false
    }, {
      "id" : "s0-t29",
      "begin" : 156,
      "end" : 162,
      "text" : "existe",
      "whiteSpace" : false
    }, {
      "id" : "s0-t30",
      "begin" : 163,
      "end" : 166,
      "text" : "nos",
      "whiteSpace" : false
    }, {
      "id" : "s0-t31",
      "begin" : 167,
      "end" : 173,
      "text" : "rivais",
      "whiteSpace" : false
    }, {
      "id" : "s0-t32",
      "begin" : 173,
      "end" : 174,
      "text" : ")",
      "whiteSpace" : false
    }, {
      "id" : "s0-t33",
      "begin" : 175,
      "end" : 176,
      "text" : "e",
      "whiteSpace" : false
    }, {
      "id" : "s0-t34",
      "begin" : 177,
      "end" : 178,
      "text" : "o",
      "whiteSpace" : false
    }, {
      "id" : "s0-t35",
      "begin" : 179,
      "end" : 186,
      "text" : "monitor",
      "whiteSpace" : false
    }, {
      "id" : "s0-t36",
      "begin" : 187,
      "end" : 189,
      "text" : "de",
      "whiteSpace" : false
    }, {
      "id" : "s0-t37",
      "begin" : 190,
      "end" : 197,
      "text" : "pressão",
      "whiteSpace" : false
    }, {
      "id" : "s0-t38",
      "begin" : 198,
      "end" : 201,
      "text" : "dos",
      "whiteSpace" : false
    }, {
      "id" : "s0-t39",
      "begin" : 202,
      "end" : 207,
      "text" : "pneus",
      "whiteSpace" : false
    }, {
      "id" : "s0-t40",
      "begin" : 207,
      "end" : 208,
      "text" : ",",
      "whiteSpace" : false
    }, {
      "id" : "s0-t41",
      "begin" : 209,
      "end" : 211,
      "text" : "em",
      "whiteSpace" : false
    }, {
      "id" : "s0-t42",
      "begin" : 212,
      "end" : 214,
      "text" : "um",
      "whiteSpace" : false
    }, {
      "id" : "s0-t43",
      "begin" : 215,
      "end" : 221,
      "text" : "pacote",
      "whiteSpace" : false
    }, {
      "id" : "s0-t44",
      "begin" : 222,
      "end" : 225,
      "text" : "que",
      "whiteSpace" : false
    }, {
      "id" : "s0-t45",
      "begin" : 226,
      "end" : 229,
      "text" : "sai",
      "whiteSpace" : false
    }, {
      "id" : "s0-t46",
      "begin" : 230,
      "end" : 233,
      "text" : "por",
      "whiteSpace" : false
    }, {
      "id" : "s0-t47",
      "begin" : 234,
      "end" : 236,
      "text" : "R$",
      "whiteSpace" : false
    }, {
      "id" : "s0-t48",
      "begin" : 237,
      "end" : 242,
      "text" : "4.000",
      "whiteSpace" : false
    }, {
      "id" : "s0-t49",
      "begin" : 242,
      "end" : 243,
      "text" : ".",
      "whiteSpace" : false
    } ]
  }, {
    "id" : "s1",
    "begin" : 244,
    "end" : 334,
    "text" : "No Renegade O rádio padrão tem tela de 5 polegadas só para exibir imagens da câmera de ré.",
    "tokens" : [ {
      "id" : "s1-t0",
      "begin" : 244,
      "end" : 246,
      "text" : "No",
      "whiteSpace" : false
    }, {
      "id" : "s1-t1",
      "begin" : 247,
      "end" : 255,
      "text" : "Renegade",
      "whiteSpace" : false
    }, {
      "id" : "s1-t2",
      "begin" : 256,
      "end" : 257,
      "text" : "O",
      "whiteSpace" : false
    }, {
      "id" : "s1-t3",
      "begin" : 258,
      "end" : 263,
      "text" : "rádio",
      "whiteSpace" : false
    }, {
      "id" : "s1-t4",
      "begin" : 264,
      "end" : 270,
      "text" : "padrão",
      "whiteSpace" : false
    }, {
      "id" : "s1-t5",
      "begin" : 271,
      "end" : 274,
      "text" : "tem",
      "whiteSpace" : false
    }, {
      "id" : "s1-t6",
      "begin" : 275,
      "end" : 279,
      "text" : "tela",
      "whiteSpace" : false
    }, {
      "id" : "s1-t7",
      "begin" : 280,
      "end" : 282,
      "text" : "de",
      "whiteSpace" : false
    }, {
      "id" : "s1-t8",
      "begin" : 283,
      "end" : 284,
      "text" : "5",
      "whiteSpace" : false
    }, {
      "id" : "s1-t9",
      "begin" : 285,
      "end" : 294,
      "text" : "polegadas",
      "whiteSpace" : false
    }, {
      "id" : "s1-t10",
      "begin" : 295,
      "end" : 297,
      "text" : "só",
      "whiteSpace" : false
    }, {
      "id" : "s1-t11",
      "begin" : 298,
      "end" : 302,
      "text" : "para",
      "whiteSpace" : false
    }, {
      "id" : "s1-t12",
      "begin" : 303,
      "end" : 309,
      "text" : "exibir",
      "whiteSpace" : false
    }, {
      "id" : "s1-t13",
      "begin" : 310,
      "end" : 317,
      "text" : "imagens",
      "whiteSpace" : false
    }, {
      "id" : "s1-t14",
      "begin" : 318,
      "end" : 320,
      "text" : "da",
      "whiteSpace" : false
    }, {
      "id" : "s1-t15",
      "begin" : 321,
      "end" : 327,
      "text" : "câmera",
      "whiteSpace" : false
    }, {
      "id" : "s1-t16",
      "begin" : 328,
      "end" : 330,
      "text" : "de",
      "whiteSpace" : false
    }, {
      "id" : "s1-t17",
      "begin" : 331,
      "end" : 333,
      "text" : "ré",
      "whiteSpace" : false
    }, {
      "id" : "s1-t18",
      "begin" : 333,
      "end" : 334,
      "text" : ".",
      "whiteSpace" : false
    } ]
  } ],
  "mentions" : [ {
    "id" : "s0-m1",
    "properties" : {
      "SIRE_MENTION_ROLE" : "MODELO",
      "SIRE_ENTITY_SUBTYPE" : "NONE",
      "SIRE_MENTION_TYPE" : "NONE",
      "SIRE_MENTION_CLASS" : "SPC"
    },
    "type" : "MODELO",
    "begin" : 7,
    "end" : 15,
    "inCoref" : false
  }, {
    "id" : "s0-m2",
    "properties" : {
      "SIRE_MENTION_ROLE" : "ACESSORIOS",
      "SIRE_ENTITY_SUBTYPE" : "NONE",
      "SIRE_MENTION_TYPE" : "NONE",
      "SIRE_MENTION_CLASS" : "SPC"
    },
    "type" : "ACESSORIOS",
    "begin" : 49,
    "end" : 59,
    "inCoref" : false
  }, {
    "id" : "s0-m3",
    "properties" : {
      "SIRE_MENTION_ROLE" : "ACESSORIOS",
      "SIRE_ENTITY_SUBTYPE" : "NONE",
      "SIRE_MENTION_TYPE" : "NONE",
      "SIRE_MENTION_CLASS" : "SPC"
    },
    "type" : "ACESSORIOS",
    "begin" : 113,
    "end" : 128,
    "inCoref" : false
  }, {
    "id" : "s0-m4",
    "properties" : {
      "SIRE_MENTION_ROLE" : "ACESSORIOS",
      "SIRE_ENTITY_SUBTYPE" : "NONE",
      "SIRE_MENTION_TYPE" : "NONE",
      "SIRE_MENTION_CLASS" : "SPC"
    },
    "type" : "ACESSORIOS",
    "begin" : 179,
    "end" : 207,
    "inCoref" : false
  }, {
    "id" : "s1-m1",
    "properties" : {
      "SIRE_MENTION_ROLE" : "MODELO",
      "SIRE_ENTITY_SUBTYPE" : "NONE",
      "SIRE_MENTION_TYPE" : "NONE",
      "SIRE_MENTION_CLASS" : "SPC"
    },
    "type" : "MODELO",
    "begin" : 247,
    "end" : 255,
    "inCoref" : false
  }, {
    "id" : "s1-m2",
    "properties" : {
      "SIRE_MENTION_ROLE" : "ACESSORIOS",
      "SIRE_ENTITY_SUBTYPE" : "NONE",
      "SIRE_MENTION_TYPE" : "NONE",
      "SIRE_MENTION_CLASS" : "SPC"
    },
    "type" : "ACESSORIOS",
    "begin" : 258,
    "end" : 263,
    "inCoref" : false
  }, {
    "id" : "s1-m3",
    "properties" : {
      "SIRE_MENTION_ROLE" : "ACESSORIOS",
      "SIRE_ENTITY_SUBTYPE" : "NONE",
      "SIRE_MENTION_TYPE" : "NONE",
      "SIRE_MENTION_CLASS" : "SPC"
    },
    "type" : "ACESSORIOS",
    "begin" : 321,
    "end" : 333,
    "inCoref" : false
  } ],
  "relations" : [ {
    "id" : "s0-r1",
    "properties" : { },
    "type" : "de",
    "args" : [ "s0-m2", "s0-m1" ]
  }, {
    "id" : "s0-r2",
    "properties" : { },
    "type" : "de",
    "args" : [ "s0-m3", "s0-m1" ]
  }, {
    "id" : "s0-r3",
    "properties" : { },
    "type" : "de",
    "args" : [ "s0-m4", "s0-m1" ]
  }, {
    "id" : "s1-r1",
    "properties" : { },
    "type" : "de",
    "args" : [ "s1-m2", "s1-m1" ]
  }, {
    "id" : "s1-r2",
    "properties" : { },
    "type" : "de",
    "args" : [ "s1-m3", "s1-m1" ]
  } ],
  "corefs" : [ ],
  "typeResolved" : true,
  "userResolved" : false
}