{
  "id" : "d14dfaa0-f5d1-11ea-946d-e76b3fc26918-31",
  "name" : "train_32_1.txt",
  "createdDate" : 0,
  "version" : 3,
  "text" : "Veículo Linea muito confortável para viagens longas, muito confiável em curvas, o carro gruda no chão. Linea Possui bastante espaço no porta-malas e é bem econômico. Na versão manual o carro é uma nave. Apenas o barulho do motor do Linea que em alto giro você escuta de dentro do carro, mas nada que incomode muito.\r\n",
  "docLength" : 0,
  "language" : "PT",
  "status" : "SUBMITTED",
  "modifiedDate" : 1600011341155,
  "documentSet" : [ ],
  "preannotation" : [ ],
  "sentences" : [ {
    "id" : "s0",
    "begin" : 0,
    "end" : 102,
    "text" : "Veículo Linea muito confortável para viagens longas, muito confiável em curvas, o carro gruda no chão.",
    "tokens" : [ {
      "id" : "s0-t0",
      "begin" : 0,
      "end" : 7,
      "text" : "Veículo",
      "whiteSpace" : false
    }, {
      "id" : "s0-t1",
      "begin" : 8,
      "end" : 13,
      "text" : "Linea",
      "whiteSpace" : false
    }, {
      "id" : "s0-t2",
      "begin" : 14,
      "end" : 19,
      "text" : "muito",
      "whiteSpace" : false
    }, {
      "id" : "s0-t3",
      "begin" : 20,
      "end" : 31,
      "text" : "confortável",
      "whiteSpace" : false
    }, {
      "id" : "s0-t4",
      "begin" : 32,
      "end" : 36,
      "text" : "para",
      "whiteSpace" : false
    }, {
      "id" : "s0-t5",
      "begin" : 37,
      "end" : 44,
      "text" : "viagens",
      "whiteSpace" : false
    }, {
      "id" : "s0-t6",
      "begin" : 45,
      "end" : 51,
      "text" : "longas",
      "whiteSpace" : false
    }, {
      "id" : "s0-t7",
      "begin" : 51,
      "end" : 52,
      "text" : ",",
      "whiteSpace" : false
    }, {
      "id" : "s0-t8",
      "begin" : 53,
      "end" : 58,
      "text" : "muito",
      "whiteSpace" : false
    }, {
      "id" : "s0-t9",
      "begin" : 59,
      "end" : 68,
      "text" : "confiável",
      "whiteSpace" : false
    }, {
      "id" : "s0-t10",
      "begin" : 69,
      "end" : 71,
      "text" : "em",
      "whiteSpace" : false
    }, {
      "id" : "s0-t11",
      "begin" : 72,
      "end" : 78,
      "text" : "curvas",
      "whiteSpace" : false
    }, {
      "id" : "s0-t12",
      "begin" : 78,
      "end" : 79,
      "text" : ",",
      "whiteSpace" : false
    }, {
      "id" : "s0-t13",
      "begin" : 80,
      "end" : 81,
      "text" : "o",
      "whiteSpace" : false
    }, {
      "id" : "s0-t14",
      "begin" : 82,
      "end" : 87,
      "text" : "carro",
      "whiteSpace" : false
    }, {
      "id" : "s0-t15",
      "begin" : 88,
      "end" : 93,
      "text" : "gruda",
      "whiteSpace" : false
    }, {
      "id" : "s0-t16",
      "begin" : 94,
      "end" : 96,
      "text" : "no",
      "whiteSpace" : false
    }, {
      "id" : "s0-t17",
      "begin" : 97,
      "end" : 101,
      "text" : "chão",
      "whiteSpace" : false
    }, {
      "id" : "s0-t18",
      "begin" : 101,
      "end" : 102,
      "text" : ".",
      "whiteSpace" : false
    } ]
  }, {
    "id" : "s1",
    "begin" : 103,
    "end" : 165,
    "text" : "Linea Possui bastante espaço no porta-malas e é bem econômico.",
    "tokens" : [ {
      "id" : "s1-t0",
      "begin" : 103,
      "end" : 108,
      "text" : "Linea",
      "whiteSpace" : false
    }, {
      "id" : "s1-t1",
      "begin" : 109,
      "end" : 115,
      "text" : "Possui",
      "whiteSpace" : false
    }, {
      "id" : "s1-t2",
      "begin" : 116,
      "end" : 124,
      "text" : "bastante",
      "whiteSpace" : false
    }, {
      "id" : "s1-t3",
      "begin" : 125,
      "end" : 131,
      "text" : "espaço",
      "whiteSpace" : false
    }, {
      "id" : "s1-t4",
      "begin" : 132,
      "end" : 134,
      "text" : "no",
      "whiteSpace" : false
    }, {
      "id" : "s1-t5",
      "begin" : 135,
      "end" : 146,
      "text" : "porta-malas",
      "whiteSpace" : false
    }, {
      "id" : "s1-t6",
      "begin" : 147,
      "end" : 148,
      "text" : "e",
      "whiteSpace" : false
    }, {
      "id" : "s1-t7",
      "begin" : 149,
      "end" : 150,
      "text" : "é",
      "whiteSpace" : false
    }, {
      "id" : "s1-t8",
      "begin" : 151,
      "end" : 154,
      "text" : "bem",
      "whiteSpace" : false
    }, {
      "id" : "s1-t9",
      "begin" : 155,
      "end" : 164,
      "text" : "econômico",
      "whiteSpace" : false
    }, {
      "id" : "s1-t10",
      "begin" : 164,
      "end" : 165,
      "text" : ".",
      "whiteSpace" : false
    } ]
  }, {
    "id" : "s2",
    "begin" : 166,
    "end" : 202,
    "text" : "Na versão manual o carro é uma nave.",
    "tokens" : [ {
      "id" : "s2-t0",
      "begin" : 166,
      "end" : 168,
      "text" : "Na",
      "whiteSpace" : false
    }, {
      "id" : "s2-t1",
      "begin" : 169,
      "end" : 175,
      "text" : "versão",
      "whiteSpace" : false
    }, {
      "id" : "s2-t2",
      "begin" : 176,
      "end" : 182,
      "text" : "manual",
      "whiteSpace" : false
    }, {
      "id" : "s2-t3",
      "begin" : 183,
      "end" : 184,
      "text" : "o",
      "whiteSpace" : false
    }, {
      "id" : "s2-t4",
      "begin" : 185,
      "end" : 190,
      "text" : "carro",
      "whiteSpace" : false
    }, {
      "id" : "s2-t5",
      "begin" : 191,
      "end" : 192,
      "text" : "é",
      "whiteSpace" : false
    }, {
      "id" : "s2-t6",
      "begin" : 193,
      "end" : 196,
      "text" : "uma",
      "whiteSpace" : false
    }, {
      "id" : "s2-t7",
      "begin" : 197,
      "end" : 201,
      "text" : "nave",
      "whiteSpace" : false
    }, {
      "id" : "s2-t8",
      "begin" : 201,
      "end" : 202,
      "text" : ".",
      "whiteSpace" : false
    } ]
  }, {
    "id" : "s3",
    "begin" : 203,
    "end" : 315,
    "text" : "Apenas o barulho do motor do Linea que em alto giro você escuta de dentro do carro, mas nada que incomode muito.",
    "tokens" : [ {
      "id" : "s3-t0",
      "begin" : 203,
      "end" : 209,
      "text" : "Apenas",
      "whiteSpace" : false
    }, {
      "id" : "s3-t1",
      "begin" : 210,
      "end" : 211,
      "text" : "o",
      "whiteSpace" : false
    }, {
      "id" : "s3-t2",
      "begin" : 212,
      "end" : 219,
      "text" : "barulho",
      "whiteSpace" : false
    }, {
      "id" : "s3-t3",
      "begin" : 220,
      "end" : 222,
      "text" : "do",
      "whiteSpace" : false
    }, {
      "id" : "s3-t4",
      "begin" : 223,
      "end" : 228,
      "text" : "motor",
      "whiteSpace" : false
    }, {
      "id" : "s3-t5",
      "begin" : 229,
      "end" : 231,
      "text" : "do",
      "whiteSpace" : false
    }, {
      "id" : "s3-t6",
      "begin" : 232,
      "end" : 237,
      "text" : "Linea",
      "whiteSpace" : false
    }, {
      "id" : "s3-t7",
      "begin" : 238,
      "end" : 241,
      "text" : "que",
      "whiteSpace" : false
    }, {
      "id" : "s3-t8",
      "begin" : 242,
      "end" : 244,
      "text" : "em",
      "whiteSpace" : false
    }, {
      "id" : "s3-t9",
      "begin" : 245,
      "end" : 249,
      "text" : "alto",
      "whiteSpace" : false
    }, {
      "id" : "s3-t10",
      "begin" : 250,
      "end" : 254,
      "text" : "giro",
      "whiteSpace" : false
    }, {
      "id" : "s3-t11",
      "begin" : 255,
      "end" : 259,
      "text" : "você",
      "whiteSpace" : false
    }, {
      "id" : "s3-t12",
      "begin" : 260,
      "end" : 266,
      "text" : "escuta",
      "whiteSpace" : false
    }, {
      "id" : "s3-t13",
      "begin" : 267,
      "end" : 269,
      "text" : "de",
      "whiteSpace" : false
    }, {
      "id" : "s3-t14",
      "begin" : 270,
      "end" : 276,
      "text" : "dentro",
      "whiteSpace" : false
    }, {
      "id" : "s3-t15",
      "begin" : 277,
      "end" : 279,
      "text" : "do",
      "whiteSpace" : false
    }, {
      "id" : "s3-t16",
      "begin" : 280,
      "end" : 285,
      "text" : "carro",
      "whiteSpace" : false
    }, {
      "id" : "s3-t17",
      "begin" : 285,
      "end" : 286,
      "text" : ",",
      "whiteSpace" : false
    }, {
      "id" : "s3-t18",
      "begin" : 287,
      "end" : 290,
      "text" : "mas",
      "whiteSpace" : false
    }, {
      "id" : "s3-t19",
      "begin" : 291,
      "end" : 295,
      "text" : "nada",
      "whiteSpace" : false
    }, {
      "id" : "s3-t20",
      "begin" : 296,
      "end" : 299,
      "text" : "que",
      "whiteSpace" : false
    }, {
      "id" : "s3-t21",
      "begin" : 300,
      "end" : 308,
      "text" : "incomode",
      "whiteSpace" : false
    }, {
      "id" : "s3-t22",
      "begin" : 309,
      "end" : 314,
      "text" : "muito",
      "whiteSpace" : false
    }, {
      "id" : "s3-t23",
      "begin" : 314,
      "end" : 315,
      "text" : ".",
      "whiteSpace" : false
    } ]
  } ],
  "mentions" : [ {
    "id" : "s0-m1",
    "properties" : {
      "SIRE_MENTION_ROLE" : "MODELO",
      "SIRE_ENTITY_SUBTYPE" : "NONE",
      "SIRE_MENTION_TYPE" : "NONE",
      "SIRE_MENTION_CLASS" : "SPC"
    },
    "type" : "MODELO",
    "begin" : 8,
    "end" : 13,
    "inCoref" : false
  }, {
    "id" : "s0-m2",
    "properties" : {
      "SIRE_MENTION_ROLE" : "CONFORTO",
      "SIRE_ENTITY_SUBTYPE" : "NONE",
      "SIRE_MENTION_TYPE" : "NONE",
      "SIRE_MENTION_CLASS" : "SPC"
    },
    "type" : "CONFORTO",
    "begin" : 20,
    "end" : 31,
    "inCoref" : false
  }, {
    "id" : "s0-m3",
    "properties" : {
      "SIRE_MENTION_ROLE" : "SEGURANCA",
      "SIRE_ENTITY_SUBTYPE" : "NONE",
      "SIRE_MENTION_TYPE" : "NONE",
      "SIRE_MENTION_CLASS" : "SPC"
    },
    "type" : "SEGURANCA",
    "begin" : 59,
    "end" : 68,
    "inCoref" : false
  }, {
    "id" : "s1-m1",
    "properties" : {
      "SIRE_MENTION_ROLE" : "MODELO",
      "SIRE_ENTITY_SUBTYPE" : "NONE",
      "SIRE_MENTION_TYPE" : "NONE",
      "SIRE_MENTION_CLASS" : "SPC"
    },
    "type" : "MODELO",
    "begin" : 103,
    "end" : 108,
    "inCoref" : false
  }, {
    "id" : "s1-m2",
    "properties" : {
      "SIRE_MENTION_ROLE" : "ACESSORIOS",
      "SIRE_ENTITY_SUBTYPE" : "NONE",
      "SIRE_MENTION_TYPE" : "NONE",
      "SIRE_MENTION_CLASS" : "SPC"
    },
    "type" : "ACESSORIOS",
    "begin" : 135,
    "end" : 146,
    "inCoref" : false
  }, {
    "id" : "s1-m3",
    "properties" : {
      "SIRE_MENTION_ROLE" : "CONSUMO",
      "SIRE_ENTITY_SUBTYPE" : "NONE",
      "SIRE_MENTION_TYPE" : "NONE",
      "SIRE_MENTION_CLASS" : "SPC"
    },
    "type" : "CONSUMO",
    "begin" : 155,
    "end" : 164,
    "inCoref" : false
  }, {
    "id" : "s2-m1",
    "properties" : {
      "SIRE_MENTION_ROLE" : "ACESSORIOS",
      "SIRE_ENTITY_SUBTYPE" : "NONE",
      "SIRE_MENTION_TYPE" : "NONE",
      "SIRE_MENTION_CLASS" : "SPC"
    },
    "type" : "ACESSORIOS",
    "begin" : 176,
    "end" : 182,
    "inCoref" : false
  }, {
    "id" : "s3-m2",
    "properties" : {
      "SIRE_MENTION_ROLE" : "DESEMPENHO",
      "SIRE_ENTITY_SUBTYPE" : "NONE",
      "SIRE_MENTION_TYPE" : "NONE",
      "SIRE_MENTION_CLASS" : "SPC"
    },
    "type" : "DESEMPENHO",
    "begin" : 223,
    "end" : 228,
    "inCoref" : false
  }, {
    "id" : "s3-m1",
    "properties" : {
      "SIRE_MENTION_ROLE" : "MODELO",
      "SIRE_ENTITY_SUBTYPE" : "NONE",
      "SIRE_MENTION_TYPE" : "NONE",
      "SIRE_MENTION_CLASS" : "SPC"
    },
    "type" : "MODELO",
    "begin" : 232,
    "end" : 237,
    "inCoref" : false
  } ],
  "relations" : [ {
    "id" : "s0-r1",
    "properties" : { },
    "type" : "de",
    "args" : [ "s0-m2", "s0-m1" ]
  }, {
    "id" : "s0-r2",
    "properties" : { },
    "type" : "de",
    "args" : [ "s0-m3", "s0-m1" ]
  }, {
    "id" : "s1-r1",
    "properties" : { },
    "type" : "de",
    "args" : [ "s1-m2", "s1-m1" ]
  }, {
    "id" : "s1-r2",
    "properties" : { },
    "type" : "de",
    "args" : [ "s1-m3", "s1-m1" ]
  }, {
    "id" : "s3-r1",
    "properties" : { },
    "type" : "de",
    "args" : [ "s3-m2", "s3-m1" ]
  } ],
  "corefs" : [ ],
  "typeResolved" : true,
  "userResolved" : false
}