{
  "id" : "d14dfaa0-f5d1-11ea-946d-e76b3fc26918-83",
  "name" : "train_84.txt",
  "createdDate" : 0,
  "version" : 3,
  "text" : "Além da boa saída, o Fiat Ducato 2020 apresenta retomadas que atendem à proposta do veículo, que é transportar cargas e passageiros com segurança. Assim, o modelo possui direção hidráulica bem leve e progressiva em estrada, freios com ABS e EDB que permitem frenagens fortes sem desequilíbrio do veiculo, além de suspensão com calibração firme, melhorando a estabilidade, em especial nas curvas.\r\n",
  "docLength" : 0,
  "language" : "PT",
  "status" : "SUBMITTED",
  "modifiedDate" : 1600013693460,
  "documentSet" : [ ],
  "preannotation" : [ ],
  "sentences" : [ {
    "id" : "s0",
    "begin" : 0,
    "end" : 146,
    "text" : "Além da boa saída, o Fiat Ducato 2020 apresenta retomadas que atendem à proposta do veículo, que é transportar cargas e passageiros com segurança.",
    "tokens" : [ {
      "id" : "s0-t0",
      "begin" : 0,
      "end" : 4,
      "text" : "Além",
      "whiteSpace" : false
    }, {
      "id" : "s0-t1",
      "begin" : 5,
      "end" : 7,
      "text" : "da",
      "whiteSpace" : false
    }, {
      "id" : "s0-t2",
      "begin" : 8,
      "end" : 11,
      "text" : "boa",
      "whiteSpace" : false
    }, {
      "id" : "s0-t3",
      "begin" : 12,
      "end" : 17,
      "text" : "saída",
      "whiteSpace" : false
    }, {
      "id" : "s0-t4",
      "begin" : 17,
      "end" : 18,
      "text" : ",",
      "whiteSpace" : false
    }, {
      "id" : "s0-t5",
      "begin" : 19,
      "end" : 20,
      "text" : "o",
      "whiteSpace" : false
    }, {
      "id" : "s0-t6",
      "begin" : 21,
      "end" : 25,
      "text" : "Fiat",
      "whiteSpace" : false
    }, {
      "id" : "s0-t7",
      "begin" : 26,
      "end" : 32,
      "text" : "Ducato",
      "whiteSpace" : false
    }, {
      "id" : "s0-t8",
      "begin" : 33,
      "end" : 37,
      "text" : "2020",
      "whiteSpace" : false
    }, {
      "id" : "s0-t9",
      "begin" : 38,
      "end" : 47,
      "text" : "apresenta",
      "whiteSpace" : false
    }, {
      "id" : "s0-t10",
      "begin" : 48,
      "end" : 57,
      "text" : "retomadas",
      "whiteSpace" : false
    }, {
      "id" : "s0-t11",
      "begin" : 58,
      "end" : 61,
      "text" : "que",
      "whiteSpace" : false
    }, {
      "id" : "s0-t12",
      "begin" : 62,
      "end" : 69,
      "text" : "atendem",
      "whiteSpace" : false
    }, {
      "id" : "s0-t13",
      "begin" : 70,
      "end" : 71,
      "text" : "à",
      "whiteSpace" : false
    }, {
      "id" : "s0-t14",
      "begin" : 72,
      "end" : 80,
      "text" : "proposta",
      "whiteSpace" : false
    }, {
      "id" : "s0-t15",
      "begin" : 81,
      "end" : 83,
      "text" : "do",
      "whiteSpace" : false
    }, {
      "id" : "s0-t16",
      "begin" : 84,
      "end" : 91,
      "text" : "veículo",
      "whiteSpace" : false
    }, {
      "id" : "s0-t17",
      "begin" : 91,
      "end" : 92,
      "text" : ",",
      "whiteSpace" : false
    }, {
      "id" : "s0-t18",
      "begin" : 93,
      "end" : 96,
      "text" : "que",
      "whiteSpace" : false
    }, {
      "id" : "s0-t19",
      "begin" : 97,
      "end" : 98,
      "text" : "é",
      "whiteSpace" : false
    }, {
      "id" : "s0-t20",
      "begin" : 99,
      "end" : 110,
      "text" : "transportar",
      "whiteSpace" : false
    }, {
      "id" : "s0-t21",
      "begin" : 111,
      "end" : 117,
      "text" : "cargas",
      "whiteSpace" : false
    }, {
      "id" : "s0-t22",
      "begin" : 118,
      "end" : 119,
      "text" : "e",
      "whiteSpace" : false
    }, {
      "id" : "s0-t23",
      "begin" : 120,
      "end" : 131,
      "text" : "passageiros",
      "whiteSpace" : false
    }, {
      "id" : "s0-t24",
      "begin" : 132,
      "end" : 135,
      "text" : "com",
      "whiteSpace" : false
    }, {
      "id" : "s0-t25",
      "begin" : 136,
      "end" : 145,
      "text" : "segurança",
      "whiteSpace" : false
    }, {
      "id" : "s0-t26",
      "begin" : 145,
      "end" : 146,
      "text" : ".",
      "whiteSpace" : false
    } ]
  }, {
    "id" : "s1",
    "begin" : 147,
    "end" : 395,
    "text" : "Assim, o modelo possui direção hidráulica bem leve e progressiva em estrada, freios com ABS e EDB que permitem frenagens fortes sem desequilíbrio do veiculo, além de suspensão com calibração firme, melhorando a estabilidade, em especial nas curvas.",
    "tokens" : [ {
      "id" : "s1-t0",
      "begin" : 147,
      "end" : 152,
      "text" : "Assim",
      "whiteSpace" : false
    }, {
      "id" : "s1-t1",
      "begin" : 152,
      "end" : 153,
      "text" : ",",
      "whiteSpace" : false
    }, {
      "id" : "s1-t2",
      "begin" : 154,
      "end" : 155,
      "text" : "o",
      "whiteSpace" : false
    }, {
      "id" : "s1-t3",
      "begin" : 156,
      "end" : 162,
      "text" : "modelo",
      "whiteSpace" : false
    }, {
      "id" : "s1-t4",
      "begin" : 163,
      "end" : 169,
      "text" : "possui",
      "whiteSpace" : false
    }, {
      "id" : "s1-t5",
      "begin" : 170,
      "end" : 177,
      "text" : "direção",
      "whiteSpace" : false
    }, {
      "id" : "s1-t6",
      "begin" : 178,
      "end" : 188,
      "text" : "hidráulica",
      "whiteSpace" : false
    }, {
      "id" : "s1-t7",
      "begin" : 189,
      "end" : 192,
      "text" : "bem",
      "whiteSpace" : false
    }, {
      "id" : "s1-t8",
      "begin" : 193,
      "end" : 197,
      "text" : "leve",
      "whiteSpace" : false
    }, {
      "id" : "s1-t9",
      "begin" : 198,
      "end" : 199,
      "text" : "e",
      "whiteSpace" : false
    }, {
      "id" : "s1-t10",
      "begin" : 200,
      "end" : 211,
      "text" : "progressiva",
      "whiteSpace" : false
    }, {
      "id" : "s1-t11",
      "begin" : 212,
      "end" : 214,
      "text" : "em",
      "whiteSpace" : false
    }, {
      "id" : "s1-t12",
      "begin" : 215,
      "end" : 222,
      "text" : "estrada",
      "whiteSpace" : false
    }, {
      "id" : "s1-t13",
      "begin" : 222,
      "end" : 223,
      "text" : ",",
      "whiteSpace" : false
    }, {
      "id" : "s1-t14",
      "begin" : 224,
      "end" : 230,
      "text" : "freios",
      "whiteSpace" : false
    }, {
      "id" : "s1-t15",
      "begin" : 231,
      "end" : 234,
      "text" : "com",
      "whiteSpace" : false
    }, {
      "id" : "s1-t16",
      "begin" : 235,
      "end" : 238,
      "text" : "ABS",
      "whiteSpace" : false
    }, {
      "id" : "s1-t17",
      "begin" : 239,
      "end" : 240,
      "text" : "e",
      "whiteSpace" : false
    }, {
      "id" : "s1-t18",
      "begin" : 241,
      "end" : 244,
      "text" : "EDB",
      "whiteSpace" : false
    }, {
      "id" : "s1-t19",
      "begin" : 245,
      "end" : 248,
      "text" : "que",
      "whiteSpace" : false
    }, {
      "id" : "s1-t20",
      "begin" : 249,
      "end" : 257,
      "text" : "permitem",
      "whiteSpace" : false
    }, {
      "id" : "s1-t21",
      "begin" : 258,
      "end" : 267,
      "text" : "frenagens",
      "whiteSpace" : false
    }, {
      "id" : "s1-t22",
      "begin" : 268,
      "end" : 274,
      "text" : "fortes",
      "whiteSpace" : false
    }, {
      "id" : "s1-t23",
      "begin" : 275,
      "end" : 278,
      "text" : "sem",
      "whiteSpace" : false
    }, {
      "id" : "s1-t24",
      "begin" : 279,
      "end" : 292,
      "text" : "desequilíbrio",
      "whiteSpace" : false
    }, {
      "id" : "s1-t25",
      "begin" : 293,
      "end" : 295,
      "text" : "do",
      "whiteSpace" : false
    }, {
      "id" : "s1-t26",
      "begin" : 296,
      "end" : 303,
      "text" : "veiculo",
      "whiteSpace" : false
    }, {
      "id" : "s1-t27",
      "begin" : 303,
      "end" : 304,
      "text" : ",",
      "whiteSpace" : false
    }, {
      "id" : "s1-t28",
      "begin" : 305,
      "end" : 309,
      "text" : "além",
      "whiteSpace" : false
    }, {
      "id" : "s1-t29",
      "begin" : 310,
      "end" : 312,
      "text" : "de",
      "whiteSpace" : false
    }, {
      "id" : "s1-t30",
      "begin" : 313,
      "end" : 322,
      "text" : "suspensão",
      "whiteSpace" : false
    }, {
      "id" : "s1-t31",
      "begin" : 323,
      "end" : 326,
      "text" : "com",
      "whiteSpace" : false
    }, {
      "id" : "s1-t32",
      "begin" : 327,
      "end" : 337,
      "text" : "calibração",
      "whiteSpace" : false
    }, {
      "id" : "s1-t33",
      "begin" : 338,
      "end" : 343,
      "text" : "firme",
      "whiteSpace" : false
    }, {
      "id" : "s1-t34",
      "begin" : 343,
      "end" : 344,
      "text" : ",",
      "whiteSpace" : false
    }, {
      "id" : "s1-t35",
      "begin" : 345,
      "end" : 355,
      "text" : "melhorando",
      "whiteSpace" : false
    }, {
      "id" : "s1-t36",
      "begin" : 356,
      "end" : 357,
      "text" : "a",
      "whiteSpace" : false
    }, {
      "id" : "s1-t37",
      "begin" : 358,
      "end" : 370,
      "text" : "estabilidade",
      "whiteSpace" : false
    }, {
      "id" : "s1-t38",
      "begin" : 370,
      "end" : 371,
      "text" : ",",
      "whiteSpace" : false
    }, {
      "id" : "s1-t39",
      "begin" : 372,
      "end" : 374,
      "text" : "em",
      "whiteSpace" : false
    }, {
      "id" : "s1-t40",
      "begin" : 375,
      "end" : 383,
      "text" : "especial",
      "whiteSpace" : false
    }, {
      "id" : "s1-t41",
      "begin" : 384,
      "end" : 387,
      "text" : "nas",
      "whiteSpace" : false
    }, {
      "id" : "s1-t42",
      "begin" : 388,
      "end" : 394,
      "text" : "curvas",
      "whiteSpace" : false
    }, {
      "id" : "s1-t43",
      "begin" : 394,
      "end" : 395,
      "text" : ".",
      "whiteSpace" : false
    } ]
  } ],
  "mentions" : [ {
    "id" : "s0-m1",
    "properties" : {
      "SIRE_MENTION_ROLE" : "MODELO",
      "SIRE_ENTITY_SUBTYPE" : "NONE",
      "SIRE_MENTION_TYPE" : "NONE",
      "SIRE_MENTION_CLASS" : "SPC"
    },
    "type" : "MODELO",
    "begin" : 26,
    "end" : 32,
    "inCoref" : false
  }, {
    "id" : "s0-m2",
    "properties" : {
      "SIRE_MENTION_ROLE" : "SEGURANCA",
      "SIRE_ENTITY_SUBTYPE" : "NONE",
      "SIRE_MENTION_TYPE" : "NONE",
      "SIRE_MENTION_CLASS" : "SPC"
    },
    "type" : "SEGURANCA",
    "begin" : 136,
    "end" : 145,
    "inCoref" : false
  }, {
    "id" : "s1-m1",
    "properties" : {
      "SIRE_MENTION_ROLE" : "ACESSORIOS",
      "SIRE_ENTITY_SUBTYPE" : "NONE",
      "SIRE_MENTION_TYPE" : "NONE",
      "SIRE_MENTION_CLASS" : "SPC"
    },
    "type" : "ACESSORIOS",
    "begin" : 170,
    "end" : 188,
    "inCoref" : false
  }, {
    "id" : "s1-m2",
    "properties" : {
      "SIRE_MENTION_ROLE" : "SEGURANCA",
      "SIRE_ENTITY_SUBTYPE" : "NONE",
      "SIRE_MENTION_TYPE" : "NONE",
      "SIRE_MENTION_CLASS" : "SPC"
    },
    "type" : "SEGURANCA",
    "begin" : 224,
    "end" : 230,
    "inCoref" : false
  }, {
    "id" : "s1-m3",
    "properties" : {
      "SIRE_MENTION_ROLE" : "SEGURANCA",
      "SIRE_ENTITY_SUBTYPE" : "NONE",
      "SIRE_MENTION_TYPE" : "NONE",
      "SIRE_MENTION_CLASS" : "SPC"
    },
    "type" : "SEGURANCA",
    "begin" : 235,
    "end" : 238,
    "inCoref" : false
  }, {
    "id" : "s1-m4",
    "properties" : {
      "SIRE_MENTION_ROLE" : "SEGURANCA",
      "SIRE_ENTITY_SUBTYPE" : "NONE",
      "SIRE_MENTION_TYPE" : "NONE",
      "SIRE_MENTION_CLASS" : "SPC"
    },
    "type" : "SEGURANCA",
    "begin" : 241,
    "end" : 244,
    "inCoref" : false
  }, {
    "id" : "s1-m5",
    "properties" : {
      "SIRE_MENTION_ROLE" : "CONFORTO",
      "SIRE_ENTITY_SUBTYPE" : "NONE",
      "SIRE_MENTION_TYPE" : "NONE",
      "SIRE_MENTION_CLASS" : "SPC"
    },
    "type" : "CONFORTO",
    "begin" : 313,
    "end" : 322,
    "inCoref" : false
  }, {
    "id" : "s1-m6",
    "properties" : {
      "SIRE_MENTION_ROLE" : "SEGURANCA",
      "SIRE_ENTITY_SUBTYPE" : "NONE",
      "SIRE_MENTION_TYPE" : "NONE",
      "SIRE_MENTION_CLASS" : "SPC"
    },
    "type" : "SEGURANCA",
    "begin" : 358,
    "end" : 370,
    "inCoref" : false
  } ],
  "relations" : [ {
    "id" : "s0-r1",
    "properties" : { },
    "type" : "de",
    "args" : [ "s0-m2", "s0-m1" ]
  } ],
  "corefs" : [ ],
  "typeResolved" : true,
  "userResolved" : false
}