{
  "id" : "d14dfaa0-f5d1-11ea-946d-e76b3fc26918-47",
  "name" : "train_48_1.txt",
  "createdDate" : 0,
  "version" : 3,
  "text" : "O Fiat 500 cumpre perfeitamente a demanda urbana. No Fiat 500 O design e a personalidade do carro chama muita atenção onde para, além de possuir diversos itens de segurança como airbags, controle de tração e frenagem, estabilidade, etc. O carro é tão estável que se recusa a cantar pneu.\r\n",
  "docLength" : 0,
  "language" : "PT",
  "status" : "SUBMITTED",
  "modifiedDate" : 1600012088382,
  "documentSet" : [ ],
  "preannotation" : [ ],
  "sentences" : [ {
    "id" : "s0",
    "begin" : 0,
    "end" : 49,
    "text" : "O Fiat 500 cumpre perfeitamente a demanda urbana.",
    "tokens" : [ {
      "id" : "s0-t0",
      "begin" : 0,
      "end" : 1,
      "text" : "O",
      "whiteSpace" : false
    }, {
      "id" : "s0-t1",
      "begin" : 2,
      "end" : 6,
      "text" : "Fiat",
      "whiteSpace" : false
    }, {
      "id" : "s0-t2",
      "begin" : 7,
      "end" : 10,
      "text" : "500",
      "whiteSpace" : false
    }, {
      "id" : "s0-t3",
      "begin" : 11,
      "end" : 17,
      "text" : "cumpre",
      "whiteSpace" : false
    }, {
      "id" : "s0-t4",
      "begin" : 18,
      "end" : 31,
      "text" : "perfeitamente",
      "whiteSpace" : false
    }, {
      "id" : "s0-t5",
      "begin" : 32,
      "end" : 33,
      "text" : "a",
      "whiteSpace" : false
    }, {
      "id" : "s0-t6",
      "begin" : 34,
      "end" : 41,
      "text" : "demanda",
      "whiteSpace" : false
    }, {
      "id" : "s0-t7",
      "begin" : 42,
      "end" : 48,
      "text" : "urbana",
      "whiteSpace" : false
    }, {
      "id" : "s0-t8",
      "begin" : 48,
      "end" : 49,
      "text" : ".",
      "whiteSpace" : false
    } ]
  }, {
    "id" : "s1",
    "begin" : 50,
    "end" : 287,
    "text" : "No Fiat 500 O design e a personalidade do carro chama muita atenção onde para, além de possuir diversos itens de segurança como airbags, controle de tração e frenagem, estabilidade, etc. O carro é tão estável que se recusa a cantar pneu.",
    "tokens" : [ {
      "id" : "s1-t0",
      "begin" : 50,
      "end" : 52,
      "text" : "No",
      "whiteSpace" : false
    }, {
      "id" : "s1-t1",
      "begin" : 53,
      "end" : 57,
      "text" : "Fiat",
      "whiteSpace" : false
    }, {
      "id" : "s1-t2",
      "begin" : 58,
      "end" : 61,
      "text" : "500",
      "whiteSpace" : false
    }, {
      "id" : "s1-t3",
      "begin" : 62,
      "end" : 63,
      "text" : "O",
      "whiteSpace" : false
    }, {
      "id" : "s1-t4",
      "begin" : 64,
      "end" : 70,
      "text" : "design",
      "whiteSpace" : false
    }, {
      "id" : "s1-t5",
      "begin" : 71,
      "end" : 72,
      "text" : "e",
      "whiteSpace" : false
    }, {
      "id" : "s1-t6",
      "begin" : 73,
      "end" : 74,
      "text" : "a",
      "whiteSpace" : false
    }, {
      "id" : "s1-t7",
      "begin" : 75,
      "end" : 88,
      "text" : "personalidade",
      "whiteSpace" : false
    }, {
      "id" : "s1-t8",
      "begin" : 89,
      "end" : 91,
      "text" : "do",
      "whiteSpace" : false
    }, {
      "id" : "s1-t9",
      "begin" : 92,
      "end" : 97,
      "text" : "carro",
      "whiteSpace" : false
    }, {
      "id" : "s1-t10",
      "begin" : 98,
      "end" : 103,
      "text" : "chama",
      "whiteSpace" : false
    }, {
      "id" : "s1-t11",
      "begin" : 104,
      "end" : 109,
      "text" : "muita",
      "whiteSpace" : false
    }, {
      "id" : "s1-t12",
      "begin" : 110,
      "end" : 117,
      "text" : "atenção",
      "whiteSpace" : false
    }, {
      "id" : "s1-t13",
      "begin" : 118,
      "end" : 122,
      "text" : "onde",
      "whiteSpace" : false
    }, {
      "id" : "s1-t14",
      "begin" : 123,
      "end" : 127,
      "text" : "para",
      "whiteSpace" : false
    }, {
      "id" : "s1-t15",
      "begin" : 127,
      "end" : 128,
      "text" : ",",
      "whiteSpace" : false
    }, {
      "id" : "s1-t16",
      "begin" : 129,
      "end" : 133,
      "text" : "além",
      "whiteSpace" : false
    }, {
      "id" : "s1-t17",
      "begin" : 134,
      "end" : 136,
      "text" : "de",
      "whiteSpace" : false
    }, {
      "id" : "s1-t18",
      "begin" : 137,
      "end" : 144,
      "text" : "possuir",
      "whiteSpace" : false
    }, {
      "id" : "s1-t19",
      "begin" : 145,
      "end" : 153,
      "text" : "diversos",
      "whiteSpace" : false
    }, {
      "id" : "s1-t20",
      "begin" : 154,
      "end" : 159,
      "text" : "itens",
      "whiteSpace" : false
    }, {
      "id" : "s1-t21",
      "begin" : 160,
      "end" : 162,
      "text" : "de",
      "whiteSpace" : false
    }, {
      "id" : "s1-t22",
      "begin" : 163,
      "end" : 172,
      "text" : "segurança",
      "whiteSpace" : false
    }, {
      "id" : "s1-t23",
      "begin" : 173,
      "end" : 177,
      "text" : "como",
      "whiteSpace" : false
    }, {
      "id" : "s1-t24",
      "begin" : 178,
      "end" : 185,
      "text" : "airbags",
      "whiteSpace" : false
    }, {
      "id" : "s1-t25",
      "begin" : 185,
      "end" : 186,
      "text" : ",",
      "whiteSpace" : false
    }, {
      "id" : "s1-t26",
      "begin" : 187,
      "end" : 195,
      "text" : "controle",
      "whiteSpace" : false
    }, {
      "id" : "s1-t27",
      "begin" : 196,
      "end" : 198,
      "text" : "de",
      "whiteSpace" : false
    }, {
      "id" : "s1-t28",
      "begin" : 199,
      "end" : 205,
      "text" : "tração",
      "whiteSpace" : false
    }, {
      "id" : "s1-t29",
      "begin" : 206,
      "end" : 207,
      "text" : "e",
      "whiteSpace" : false
    }, {
      "id" : "s1-t30",
      "begin" : 208,
      "end" : 216,
      "text" : "frenagem",
      "whiteSpace" : false
    }, {
      "id" : "s1-t31",
      "begin" : 216,
      "end" : 217,
      "text" : ",",
      "whiteSpace" : false
    }, {
      "id" : "s1-t32",
      "begin" : 218,
      "end" : 230,
      "text" : "estabilidade",
      "whiteSpace" : false
    }, {
      "id" : "s1-t33",
      "begin" : 230,
      "end" : 231,
      "text" : ",",
      "whiteSpace" : false
    }, {
      "id" : "s1-t34",
      "begin" : 232,
      "end" : 236,
      "text" : "etc.",
      "whiteSpace" : false
    }, {
      "id" : "s1-t35",
      "begin" : 237,
      "end" : 238,
      "text" : "O",
      "whiteSpace" : false
    }, {
      "id" : "s1-t36",
      "begin" : 239,
      "end" : 244,
      "text" : "carro",
      "whiteSpace" : false
    }, {
      "id" : "s1-t37",
      "begin" : 245,
      "end" : 246,
      "text" : "é",
      "whiteSpace" : false
    }, {
      "id" : "s1-t38",
      "begin" : 247,
      "end" : 250,
      "text" : "tão",
      "whiteSpace" : false
    }, {
      "id" : "s1-t39",
      "begin" : 251,
      "end" : 258,
      "text" : "estável",
      "whiteSpace" : false
    }, {
      "id" : "s1-t40",
      "begin" : 259,
      "end" : 262,
      "text" : "que",
      "whiteSpace" : false
    }, {
      "id" : "s1-t41",
      "begin" : 263,
      "end" : 265,
      "text" : "se",
      "whiteSpace" : false
    }, {
      "id" : "s1-t42",
      "begin" : 266,
      "end" : 272,
      "text" : "recusa",
      "whiteSpace" : false
    }, {
      "id" : "s1-t43",
      "begin" : 273,
      "end" : 274,
      "text" : "a",
      "whiteSpace" : false
    }, {
      "id" : "s1-t44",
      "begin" : 275,
      "end" : 281,
      "text" : "cantar",
      "whiteSpace" : false
    }, {
      "id" : "s1-t45",
      "begin" : 282,
      "end" : 286,
      "text" : "pneu",
      "whiteSpace" : false
    }, {
      "id" : "s1-t46",
      "begin" : 286,
      "end" : 287,
      "text" : ".",
      "whiteSpace" : false
    } ]
  } ],
  "mentions" : [ {
    "id" : "s0-m1",
    "properties" : {
      "SIRE_MENTION_ROLE" : "MODELO",
      "SIRE_ENTITY_SUBTYPE" : "NONE",
      "SIRE_MENTION_TYPE" : "NONE",
      "SIRE_MENTION_CLASS" : "SPC"
    },
    "type" : "MODELO",
    "begin" : 2,
    "end" : 10,
    "inCoref" : false
  }, {
    "id" : "s1-m1",
    "properties" : {
      "SIRE_MENTION_ROLE" : "MODELO",
      "SIRE_ENTITY_SUBTYPE" : "NONE",
      "SIRE_MENTION_TYPE" : "NONE",
      "SIRE_MENTION_CLASS" : "SPC"
    },
    "type" : "MODELO",
    "begin" : 53,
    "end" : 61,
    "inCoref" : false
  }, {
    "id" : "s1-m2",
    "properties" : {
      "SIRE_MENTION_ROLE" : "DESIGN",
      "SIRE_ENTITY_SUBTYPE" : "NONE",
      "SIRE_MENTION_TYPE" : "NONE",
      "SIRE_MENTION_CLASS" : "SPC"
    },
    "type" : "DESIGN",
    "begin" : 64,
    "end" : 70,
    "inCoref" : false
  }, {
    "id" : "s1-m3",
    "properties" : {
      "SIRE_MENTION_ROLE" : "SEGURANCA",
      "SIRE_ENTITY_SUBTYPE" : "NONE",
      "SIRE_MENTION_TYPE" : "NONE",
      "SIRE_MENTION_CLASS" : "SPC"
    },
    "type" : "SEGURANCA",
    "begin" : 163,
    "end" : 172,
    "inCoref" : false
  }, {
    "id" : "s1-m4",
    "properties" : {
      "SIRE_MENTION_ROLE" : "SEGURANCA",
      "SIRE_ENTITY_SUBTYPE" : "NONE",
      "SIRE_MENTION_TYPE" : "NONE",
      "SIRE_MENTION_CLASS" : "SPC"
    },
    "type" : "SEGURANCA",
    "begin" : 178,
    "end" : 185,
    "inCoref" : false
  }, {
    "id" : "s1-m5",
    "properties" : {
      "SIRE_MENTION_ROLE" : "SEGURANCA",
      "SIRE_ENTITY_SUBTYPE" : "NONE",
      "SIRE_MENTION_TYPE" : "NONE",
      "SIRE_MENTION_CLASS" : "SPC"
    },
    "type" : "SEGURANCA",
    "begin" : 187,
    "end" : 205,
    "inCoref" : false
  }, {
    "id" : "s1-m6",
    "properties" : {
      "SIRE_MENTION_ROLE" : "SEGURANCA",
      "SIRE_ENTITY_SUBTYPE" : "NONE",
      "SIRE_MENTION_TYPE" : "NONE",
      "SIRE_MENTION_CLASS" : "SPC"
    },
    "type" : "SEGURANCA",
    "begin" : 208,
    "end" : 216,
    "inCoref" : false
  }, {
    "id" : "s1-m7",
    "properties" : {
      "SIRE_MENTION_ROLE" : "SEGURANCA",
      "SIRE_ENTITY_SUBTYPE" : "NONE",
      "SIRE_MENTION_TYPE" : "NONE",
      "SIRE_MENTION_CLASS" : "SPC"
    },
    "type" : "SEGURANCA",
    "begin" : 218,
    "end" : 230,
    "inCoref" : false
  }, {
    "id" : "s1-m8",
    "properties" : {
      "SIRE_MENTION_ROLE" : "SEGURANCA",
      "SIRE_ENTITY_SUBTYPE" : "NONE",
      "SIRE_MENTION_TYPE" : "NONE",
      "SIRE_MENTION_CLASS" : "SPC"
    },
    "type" : "SEGURANCA",
    "begin" : 251,
    "end" : 258,
    "inCoref" : false
  } ],
  "relations" : [ {
    "id" : "s1-r1",
    "properties" : { },
    "type" : "de",
    "args" : [ "s1-m2", "s1-m1" ]
  }, {
    "id" : "s1-r2",
    "properties" : { },
    "type" : "de",
    "args" : [ "s1-m3", "s1-m1" ]
  }, {
    "id" : "s1-r3",
    "properties" : { },
    "type" : "de",
    "args" : [ "s1-m4", "s1-m1" ]
  }, {
    "id" : "s1-r4",
    "properties" : { },
    "type" : "de",
    "args" : [ "s1-m5", "s1-m1" ]
  }, {
    "id" : "s1-r5",
    "properties" : { },
    "type" : "de",
    "args" : [ "s1-m6", "s1-m1" ]
  }, {
    "id" : "s1-r6",
    "properties" : { },
    "type" : "de",
    "args" : [ "s1-m7", "s1-m1" ]
  }, {
    "id" : "s1-r7",
    "properties" : { },
    "type" : "de",
    "args" : [ "s1-m8", "s1-m1" ]
  } ],
  "corefs" : [ ],
  "typeResolved" : true,
  "userResolved" : false
}