{
  "id" : "d14dfaa0-f5d1-11ea-946d-e76b3fc26918-94",
  "name" : "train_95.txt",
  "createdDate" : 0,
  "version" : 3,
  "text" : "A Fiat Toro é um ótimo carro, que traz prazer ao dirigir. A economia com Diesel é muito boa e o custo do seguro é baixo. O pacote tecnológico agrada muito, com exceção do multimídia. A segurança do veículo é de ponta, com airbags laterais.\r\n",
  "docLength" : 0,
  "language" : "PT",
  "status" : "SUBMITTED",
  "modifiedDate" : 1600013533809,
  "documentSet" : [ ],
  "preannotation" : [ ],
  "sentences" : [ {
    "id" : "s0",
    "begin" : 0,
    "end" : 57,
    "text" : "A Fiat Toro é um ótimo carro, que traz prazer ao dirigir.",
    "tokens" : [ {
      "id" : "s0-t0",
      "begin" : 0,
      "end" : 1,
      "text" : "A",
      "whiteSpace" : false
    }, {
      "id" : "s0-t1",
      "begin" : 2,
      "end" : 6,
      "text" : "Fiat",
      "whiteSpace" : false
    }, {
      "id" : "s0-t2",
      "begin" : 7,
      "end" : 11,
      "text" : "Toro",
      "whiteSpace" : false
    }, {
      "id" : "s0-t3",
      "begin" : 12,
      "end" : 13,
      "text" : "é",
      "whiteSpace" : false
    }, {
      "id" : "s0-t4",
      "begin" : 14,
      "end" : 16,
      "text" : "um",
      "whiteSpace" : false
    }, {
      "id" : "s0-t5",
      "begin" : 17,
      "end" : 22,
      "text" : "ótimo",
      "whiteSpace" : false
    }, {
      "id" : "s0-t6",
      "begin" : 23,
      "end" : 28,
      "text" : "carro",
      "whiteSpace" : false
    }, {
      "id" : "s0-t7",
      "begin" : 28,
      "end" : 29,
      "text" : ",",
      "whiteSpace" : false
    }, {
      "id" : "s0-t8",
      "begin" : 30,
      "end" : 33,
      "text" : "que",
      "whiteSpace" : false
    }, {
      "id" : "s0-t9",
      "begin" : 34,
      "end" : 38,
      "text" : "traz",
      "whiteSpace" : false
    }, {
      "id" : "s0-t10",
      "begin" : 39,
      "end" : 45,
      "text" : "prazer",
      "whiteSpace" : false
    }, {
      "id" : "s0-t11",
      "begin" : 46,
      "end" : 48,
      "text" : "ao",
      "whiteSpace" : false
    }, {
      "id" : "s0-t12",
      "begin" : 49,
      "end" : 56,
      "text" : "dirigir",
      "whiteSpace" : false
    }, {
      "id" : "s0-t13",
      "begin" : 56,
      "end" : 57,
      "text" : ".",
      "whiteSpace" : false
    } ]
  }, {
    "id" : "s1",
    "begin" : 58,
    "end" : 120,
    "text" : "A economia com Diesel é muito boa e o custo do seguro é baixo.",
    "tokens" : [ {
      "id" : "s1-t0",
      "begin" : 58,
      "end" : 59,
      "text" : "A",
      "whiteSpace" : false
    }, {
      "id" : "s1-t1",
      "begin" : 60,
      "end" : 68,
      "text" : "economia",
      "whiteSpace" : false
    }, {
      "id" : "s1-t2",
      "begin" : 69,
      "end" : 72,
      "text" : "com",
      "whiteSpace" : false
    }, {
      "id" : "s1-t3",
      "begin" : 73,
      "end" : 79,
      "text" : "Diesel",
      "whiteSpace" : false
    }, {
      "id" : "s1-t4",
      "begin" : 80,
      "end" : 81,
      "text" : "é",
      "whiteSpace" : false
    }, {
      "id" : "s1-t5",
      "begin" : 82,
      "end" : 87,
      "text" : "muito",
      "whiteSpace" : false
    }, {
      "id" : "s1-t6",
      "begin" : 88,
      "end" : 91,
      "text" : "boa",
      "whiteSpace" : false
    }, {
      "id" : "s1-t7",
      "begin" : 92,
      "end" : 93,
      "text" : "e",
      "whiteSpace" : false
    }, {
      "id" : "s1-t8",
      "begin" : 94,
      "end" : 95,
      "text" : "o",
      "whiteSpace" : false
    }, {
      "id" : "s1-t9",
      "begin" : 96,
      "end" : 101,
      "text" : "custo",
      "whiteSpace" : false
    }, {
      "id" : "s1-t10",
      "begin" : 102,
      "end" : 104,
      "text" : "do",
      "whiteSpace" : false
    }, {
      "id" : "s1-t11",
      "begin" : 105,
      "end" : 111,
      "text" : "seguro",
      "whiteSpace" : false
    }, {
      "id" : "s1-t12",
      "begin" : 112,
      "end" : 113,
      "text" : "é",
      "whiteSpace" : false
    }, {
      "id" : "s1-t13",
      "begin" : 114,
      "end" : 119,
      "text" : "baixo",
      "whiteSpace" : false
    }, {
      "id" : "s1-t14",
      "begin" : 119,
      "end" : 120,
      "text" : ".",
      "whiteSpace" : false
    } ]
  }, {
    "id" : "s2",
    "begin" : 121,
    "end" : 182,
    "text" : "O pacote tecnológico agrada muito, com exceção do multimídia.",
    "tokens" : [ {
      "id" : "s2-t0",
      "begin" : 121,
      "end" : 122,
      "text" : "O",
      "whiteSpace" : false
    }, {
      "id" : "s2-t1",
      "begin" : 123,
      "end" : 129,
      "text" : "pacote",
      "whiteSpace" : false
    }, {
      "id" : "s2-t2",
      "begin" : 130,
      "end" : 141,
      "text" : "tecnológico",
      "whiteSpace" : false
    }, {
      "id" : "s2-t3",
      "begin" : 142,
      "end" : 148,
      "text" : "agrada",
      "whiteSpace" : false
    }, {
      "id" : "s2-t4",
      "begin" : 149,
      "end" : 154,
      "text" : "muito",
      "whiteSpace" : false
    }, {
      "id" : "s2-t5",
      "begin" : 154,
      "end" : 155,
      "text" : ",",
      "whiteSpace" : false
    }, {
      "id" : "s2-t6",
      "begin" : 156,
      "end" : 159,
      "text" : "com",
      "whiteSpace" : false
    }, {
      "id" : "s2-t7",
      "begin" : 160,
      "end" : 167,
      "text" : "exceção",
      "whiteSpace" : false
    }, {
      "id" : "s2-t8",
      "begin" : 168,
      "end" : 170,
      "text" : "do",
      "whiteSpace" : false
    }, {
      "id" : "s2-t9",
      "begin" : 171,
      "end" : 181,
      "text" : "multimídia",
      "whiteSpace" : false
    }, {
      "id" : "s2-t10",
      "begin" : 181,
      "end" : 182,
      "text" : ".",
      "whiteSpace" : false
    } ]
  }, {
    "id" : "s3",
    "begin" : 183,
    "end" : 239,
    "text" : "A segurança do veículo é de ponta, com airbags laterais.",
    "tokens" : [ {
      "id" : "s3-t0",
      "begin" : 183,
      "end" : 184,
      "text" : "A",
      "whiteSpace" : false
    }, {
      "id" : "s3-t1",
      "begin" : 185,
      "end" : 194,
      "text" : "segurança",
      "whiteSpace" : false
    }, {
      "id" : "s3-t2",
      "begin" : 195,
      "end" : 197,
      "text" : "do",
      "whiteSpace" : false
    }, {
      "id" : "s3-t3",
      "begin" : 198,
      "end" : 205,
      "text" : "veículo",
      "whiteSpace" : false
    }, {
      "id" : "s3-t4",
      "begin" : 206,
      "end" : 207,
      "text" : "é",
      "whiteSpace" : false
    }, {
      "id" : "s3-t5",
      "begin" : 208,
      "end" : 210,
      "text" : "de",
      "whiteSpace" : false
    }, {
      "id" : "s3-t6",
      "begin" : 211,
      "end" : 216,
      "text" : "ponta",
      "whiteSpace" : false
    }, {
      "id" : "s3-t7",
      "begin" : 216,
      "end" : 217,
      "text" : ",",
      "whiteSpace" : false
    }, {
      "id" : "s3-t8",
      "begin" : 218,
      "end" : 221,
      "text" : "com",
      "whiteSpace" : false
    }, {
      "id" : "s3-t9",
      "begin" : 222,
      "end" : 229,
      "text" : "airbags",
      "whiteSpace" : false
    }, {
      "id" : "s3-t10",
      "begin" : 230,
      "end" : 238,
      "text" : "laterais",
      "whiteSpace" : false
    }, {
      "id" : "s3-t11",
      "begin" : 238,
      "end" : 239,
      "text" : ".",
      "whiteSpace" : false
    } ]
  } ],
  "mentions" : [ {
    "id" : "s0-m1",
    "properties" : {
      "SIRE_MENTION_ROLE" : "MODELO",
      "SIRE_ENTITY_SUBTYPE" : "NONE",
      "SIRE_MENTION_TYPE" : "NONE",
      "SIRE_MENTION_CLASS" : "SPC"
    },
    "type" : "MODELO",
    "begin" : 7,
    "end" : 11,
    "inCoref" : false
  }, {
    "id" : "s1-m1",
    "properties" : {
      "SIRE_MENTION_ROLE" : "CONSUMO",
      "SIRE_ENTITY_SUBTYPE" : "NONE",
      "SIRE_MENTION_TYPE" : "NONE",
      "SIRE_MENTION_CLASS" : "SPC"
    },
    "type" : "CONSUMO",
    "begin" : 60,
    "end" : 68,
    "inCoref" : false
  }, {
    "id" : "s3-m1",
    "properties" : {
      "SIRE_MENTION_ROLE" : "SEGURANCA",
      "SIRE_ENTITY_SUBTYPE" : "NONE",
      "SIRE_MENTION_TYPE" : "NONE",
      "SIRE_MENTION_CLASS" : "SPC"
    },
    "type" : "SEGURANCA",
    "begin" : 185,
    "end" : 194,
    "inCoref" : false
  }, {
    "id" : "s3-m2",
    "properties" : {
      "SIRE_MENTION_ROLE" : "SEGURANCA",
      "SIRE_ENTITY_SUBTYPE" : "NONE",
      "SIRE_MENTION_TYPE" : "NONE",
      "SIRE_MENTION_CLASS" : "SPC"
    },
    "type" : "SEGURANCA",
    "begin" : 222,
    "end" : 238,
    "inCoref" : false
  } ],
  "relations" : [ ],
  "corefs" : [ ],
  "typeResolved" : true,
  "userResolved" : false
}