{
  "id" : "d14dfaa0-f5d1-11ea-946d-e76b3fc26918-28",
  "name" : "train_29.txt",
  "createdDate" : 0,
  "version" : 3,
  "text" : "O mais crítico no Linea 2010 na minha opinião é a falta de iluminação no porta-luvas, e as saídas laterais e traseiras de ventilação são praticamente de enfeite pois sai muito pouco ar por elas quando se liga o ar condicionado, que por sinal demora bastante a gelar, mas depois que gela, quase neva dentro do carro.\r\n",
  "docLength" : 0,
  "language" : "PT",
  "status" : "SUBMITTED",
  "modifiedDate" : 1600011163041,
  "documentSet" : [ ],
  "preannotation" : [ ],
  "sentences" : [ {
    "id" : "s0",
    "begin" : 0,
    "end" : 315,
    "text" : "O mais crítico no Linea 2010 na minha opinião é a falta de iluminação no porta-luvas, e as saídas laterais e traseiras de ventilação são praticamente de enfeite pois sai muito pouco ar por elas quando se liga o ar condicionado, que por sinal demora bastante a gelar, mas depois que gela, quase neva dentro do carro.",
    "tokens" : [ {
      "id" : "s0-t0",
      "begin" : 0,
      "end" : 1,
      "text" : "O",
      "whiteSpace" : false
    }, {
      "id" : "s0-t1",
      "begin" : 2,
      "end" : 6,
      "text" : "mais",
      "whiteSpace" : false
    }, {
      "id" : "s0-t2",
      "begin" : 7,
      "end" : 14,
      "text" : "crítico",
      "whiteSpace" : false
    }, {
      "id" : "s0-t3",
      "begin" : 15,
      "end" : 17,
      "text" : "no",
      "whiteSpace" : false
    }, {
      "id" : "s0-t4",
      "begin" : 18,
      "end" : 23,
      "text" : "Linea",
      "whiteSpace" : false
    }, {
      "id" : "s0-t5",
      "begin" : 24,
      "end" : 28,
      "text" : "2010",
      "whiteSpace" : false
    }, {
      "id" : "s0-t6",
      "begin" : 29,
      "end" : 31,
      "text" : "na",
      "whiteSpace" : false
    }, {
      "id" : "s0-t7",
      "begin" : 32,
      "end" : 37,
      "text" : "minha",
      "whiteSpace" : false
    }, {
      "id" : "s0-t8",
      "begin" : 38,
      "end" : 45,
      "text" : "opinião",
      "whiteSpace" : false
    }, {
      "id" : "s0-t9",
      "begin" : 46,
      "end" : 47,
      "text" : "é",
      "whiteSpace" : false
    }, {
      "id" : "s0-t10",
      "begin" : 48,
      "end" : 49,
      "text" : "a",
      "whiteSpace" : false
    }, {
      "id" : "s0-t11",
      "begin" : 50,
      "end" : 55,
      "text" : "falta",
      "whiteSpace" : false
    }, {
      "id" : "s0-t12",
      "begin" : 56,
      "end" : 58,
      "text" : "de",
      "whiteSpace" : false
    }, {
      "id" : "s0-t13",
      "begin" : 59,
      "end" : 69,
      "text" : "iluminação",
      "whiteSpace" : false
    }, {
      "id" : "s0-t14",
      "begin" : 70,
      "end" : 72,
      "text" : "no",
      "whiteSpace" : false
    }, {
      "id" : "s0-t15",
      "begin" : 73,
      "end" : 84,
      "text" : "porta-luvas",
      "whiteSpace" : false
    }, {
      "id" : "s0-t16",
      "begin" : 84,
      "end" : 85,
      "text" : ",",
      "whiteSpace" : false
    }, {
      "id" : "s0-t17",
      "begin" : 86,
      "end" : 87,
      "text" : "e",
      "whiteSpace" : false
    }, {
      "id" : "s0-t18",
      "begin" : 88,
      "end" : 90,
      "text" : "as",
      "whiteSpace" : false
    }, {
      "id" : "s0-t19",
      "begin" : 91,
      "end" : 97,
      "text" : "saídas",
      "whiteSpace" : false
    }, {
      "id" : "s0-t20",
      "begin" : 98,
      "end" : 106,
      "text" : "laterais",
      "whiteSpace" : false
    }, {
      "id" : "s0-t21",
      "begin" : 107,
      "end" : 108,
      "text" : "e",
      "whiteSpace" : false
    }, {
      "id" : "s0-t22",
      "begin" : 109,
      "end" : 118,
      "text" : "traseiras",
      "whiteSpace" : false
    }, {
      "id" : "s0-t23",
      "begin" : 119,
      "end" : 121,
      "text" : "de",
      "whiteSpace" : false
    }, {
      "id" : "s0-t24",
      "begin" : 122,
      "end" : 132,
      "text" : "ventilação",
      "whiteSpace" : false
    }, {
      "id" : "s0-t25",
      "begin" : 133,
      "end" : 136,
      "text" : "são",
      "whiteSpace" : false
    }, {
      "id" : "s0-t26",
      "begin" : 137,
      "end" : 149,
      "text" : "praticamente",
      "whiteSpace" : false
    }, {
      "id" : "s0-t27",
      "begin" : 150,
      "end" : 152,
      "text" : "de",
      "whiteSpace" : false
    }, {
      "id" : "s0-t28",
      "begin" : 153,
      "end" : 160,
      "text" : "enfeite",
      "whiteSpace" : false
    }, {
      "id" : "s0-t29",
      "begin" : 161,
      "end" : 165,
      "text" : "pois",
      "whiteSpace" : false
    }, {
      "id" : "s0-t30",
      "begin" : 166,
      "end" : 169,
      "text" : "sai",
      "whiteSpace" : false
    }, {
      "id" : "s0-t31",
      "begin" : 170,
      "end" : 175,
      "text" : "muito",
      "whiteSpace" : false
    }, {
      "id" : "s0-t32",
      "begin" : 176,
      "end" : 181,
      "text" : "pouco",
      "whiteSpace" : false
    }, {
      "id" : "s0-t33",
      "begin" : 182,
      "end" : 184,
      "text" : "ar",
      "whiteSpace" : false
    }, {
      "id" : "s0-t34",
      "begin" : 185,
      "end" : 188,
      "text" : "por",
      "whiteSpace" : false
    }, {
      "id" : "s0-t35",
      "begin" : 189,
      "end" : 193,
      "text" : "elas",
      "whiteSpace" : false
    }, {
      "id" : "s0-t36",
      "begin" : 194,
      "end" : 200,
      "text" : "quando",
      "whiteSpace" : false
    }, {
      "id" : "s0-t37",
      "begin" : 201,
      "end" : 203,
      "text" : "se",
      "whiteSpace" : false
    }, {
      "id" : "s0-t38",
      "begin" : 204,
      "end" : 208,
      "text" : "liga",
      "whiteSpace" : false
    }, {
      "id" : "s0-t39",
      "begin" : 209,
      "end" : 210,
      "text" : "o",
      "whiteSpace" : false
    }, {
      "id" : "s0-t40",
      "begin" : 211,
      "end" : 213,
      "text" : "ar",
      "whiteSpace" : false
    }, {
      "id" : "s0-t41",
      "begin" : 214,
      "end" : 226,
      "text" : "condicionado",
      "whiteSpace" : false
    }, {
      "id" : "s0-t42",
      "begin" : 226,
      "end" : 227,
      "text" : ",",
      "whiteSpace" : false
    }, {
      "id" : "s0-t43",
      "begin" : 228,
      "end" : 231,
      "text" : "que",
      "whiteSpace" : false
    }, {
      "id" : "s0-t44",
      "begin" : 232,
      "end" : 235,
      "text" : "por",
      "whiteSpace" : false
    }, {
      "id" : "s0-t45",
      "begin" : 236,
      "end" : 241,
      "text" : "sinal",
      "whiteSpace" : false
    }, {
      "id" : "s0-t46",
      "begin" : 242,
      "end" : 248,
      "text" : "demora",
      "whiteSpace" : false
    }, {
      "id" : "s0-t47",
      "begin" : 249,
      "end" : 257,
      "text" : "bastante",
      "whiteSpace" : false
    }, {
      "id" : "s0-t48",
      "begin" : 258,
      "end" : 259,
      "text" : "a",
      "whiteSpace" : false
    }, {
      "id" : "s0-t49",
      "begin" : 260,
      "end" : 265,
      "text" : "gelar",
      "whiteSpace" : false
    }, {
      "id" : "s0-t50",
      "begin" : 265,
      "end" : 266,
      "text" : ",",
      "whiteSpace" : false
    }, {
      "id" : "s0-t51",
      "begin" : 267,
      "end" : 270,
      "text" : "mas",
      "whiteSpace" : false
    }, {
      "id" : "s0-t52",
      "begin" : 271,
      "end" : 277,
      "text" : "depois",
      "whiteSpace" : false
    }, {
      "id" : "s0-t53",
      "begin" : 278,
      "end" : 281,
      "text" : "que",
      "whiteSpace" : false
    }, {
      "id" : "s0-t54",
      "begin" : 282,
      "end" : 286,
      "text" : "gela",
      "whiteSpace" : false
    }, {
      "id" : "s0-t55",
      "begin" : 286,
      "end" : 287,
      "text" : ",",
      "whiteSpace" : false
    }, {
      "id" : "s0-t56",
      "begin" : 288,
      "end" : 293,
      "text" : "quase",
      "whiteSpace" : false
    }, {
      "id" : "s0-t57",
      "begin" : 294,
      "end" : 298,
      "text" : "neva",
      "whiteSpace" : false
    }, {
      "id" : "s0-t58",
      "begin" : 299,
      "end" : 305,
      "text" : "dentro",
      "whiteSpace" : false
    }, {
      "id" : "s0-t59",
      "begin" : 306,
      "end" : 308,
      "text" : "do",
      "whiteSpace" : false
    }, {
      "id" : "s0-t60",
      "begin" : 309,
      "end" : 314,
      "text" : "carro",
      "whiteSpace" : false
    }, {
      "id" : "s0-t61",
      "begin" : 314,
      "end" : 315,
      "text" : ".",
      "whiteSpace" : false
    } ]
  } ],
  "mentions" : [ {
    "id" : "s0-m1",
    "properties" : {
      "SIRE_MENTION_ROLE" : "MODELO",
      "SIRE_ENTITY_SUBTYPE" : "NONE",
      "SIRE_MENTION_TYPE" : "NONE",
      "SIRE_MENTION_CLASS" : "SPC"
    },
    "type" : "MODELO",
    "begin" : 18,
    "end" : 23,
    "inCoref" : false
  }, {
    "id" : "s0-m2",
    "properties" : {
      "SIRE_MENTION_ROLE" : "ACESSORIOS",
      "SIRE_ENTITY_SUBTYPE" : "NONE",
      "SIRE_MENTION_TYPE" : "NONE",
      "SIRE_MENTION_CLASS" : "SPC"
    },
    "type" : "ACESSORIOS",
    "begin" : 73,
    "end" : 84,
    "inCoref" : false
  }, {
    "id" : "s0-m3",
    "properties" : {
      "SIRE_MENTION_ROLE" : "ACESSORIOS",
      "SIRE_ENTITY_SUBTYPE" : "NONE",
      "SIRE_MENTION_TYPE" : "NONE",
      "SIRE_MENTION_CLASS" : "SPC"
    },
    "type" : "ACESSORIOS",
    "begin" : 91,
    "end" : 106,
    "inCoref" : false
  }, {
    "id" : "s0-m4",
    "properties" : {
      "SIRE_MENTION_ROLE" : "ACESSORIOS",
      "SIRE_ENTITY_SUBTYPE" : "NONE",
      "SIRE_MENTION_TYPE" : "NONE",
      "SIRE_MENTION_CLASS" : "SPC"
    },
    "type" : "ACESSORIOS",
    "begin" : 211,
    "end" : 226,
    "inCoref" : false
  } ],
  "relations" : [ {
    "id" : "s0-r1",
    "properties" : { },
    "type" : "de",
    "args" : [ "s0-m2", "s0-m1" ]
  }, {
    "id" : "s0-r2",
    "properties" : { },
    "type" : "de",
    "args" : [ "s0-m3", "s0-m1" ]
  }, {
    "id" : "s0-r3",
    "properties" : { },
    "type" : "de",
    "args" : [ "s0-m4", "s0-m1" ]
  } ],
  "corefs" : [ ],
  "typeResolved" : true,
  "userResolved" : false
}