{
  "id" : "d14dfaa0-f5d1-11ea-946d-e76b3fc26918-84",
  "name" : "train_85.txt",
  "createdDate" : 0,
  "version" : 3,
  "text" : "Com 130 cv e 32,7 kgfm, o motor da Fiat Ducato gira entre 3.600 e 1.800 rpm, respectivamente, que é a faixa onde se atuam os máximos de potência e torque\r\n",
  "docLength" : 0,
  "language" : "PT",
  "status" : "SUBMITTED",
  "modifiedDate" : 1600013817771,
  "documentSet" : [ ],
  "preannotation" : [ ],
  "sentences" : [ {
    "id" : "s0",
    "begin" : 0,
    "end" : 153,
    "text" : "Com 130 cv e 32,7 kgfm, o motor da Fiat Ducato gira entre 3.600 e 1.800 rpm, respectivamente, que é a faixa onde se atuam os máximos de potência e torque",
    "tokens" : [ {
      "id" : "s0-t0",
      "begin" : 0,
      "end" : 3,
      "text" : "Com",
      "whiteSpace" : false
    }, {
      "id" : "s0-t1",
      "begin" : 4,
      "end" : 7,
      "text" : "130",
      "whiteSpace" : false
    }, {
      "id" : "s0-t2",
      "begin" : 8,
      "end" : 10,
      "text" : "cv",
      "whiteSpace" : false
    }, {
      "id" : "s0-t3",
      "begin" : 11,
      "end" : 12,
      "text" : "e",
      "whiteSpace" : false
    }, {
      "id" : "s0-t4",
      "begin" : 13,
      "end" : 17,
      "text" : "32,7",
      "whiteSpace" : false
    }, {
      "id" : "s0-t5",
      "begin" : 18,
      "end" : 22,
      "text" : "kgfm",
      "whiteSpace" : false
    }, {
      "id" : "s0-t6",
      "begin" : 22,
      "end" : 23,
      "text" : ",",
      "whiteSpace" : false
    }, {
      "id" : "s0-t7",
      "begin" : 24,
      "end" : 25,
      "text" : "o",
      "whiteSpace" : false
    }, {
      "id" : "s0-t8",
      "begin" : 26,
      "end" : 31,
      "text" : "motor",
      "whiteSpace" : false
    }, {
      "id" : "s0-t9",
      "begin" : 32,
      "end" : 34,
      "text" : "da",
      "whiteSpace" : false
    }, {
      "id" : "s0-t10",
      "begin" : 35,
      "end" : 39,
      "text" : "Fiat",
      "whiteSpace" : false
    }, {
      "id" : "s0-t11",
      "begin" : 40,
      "end" : 46,
      "text" : "Ducato",
      "whiteSpace" : false
    }, {
      "id" : "s0-t12",
      "begin" : 47,
      "end" : 51,
      "text" : "gira",
      "whiteSpace" : false
    }, {
      "id" : "s0-t13",
      "begin" : 52,
      "end" : 57,
      "text" : "entre",
      "whiteSpace" : false
    }, {
      "id" : "s0-t14",
      "begin" : 58,
      "end" : 63,
      "text" : "3.600",
      "whiteSpace" : false
    }, {
      "id" : "s0-t15",
      "begin" : 64,
      "end" : 65,
      "text" : "e",
      "whiteSpace" : false
    }, {
      "id" : "s0-t16",
      "begin" : 66,
      "end" : 71,
      "text" : "1.800",
      "whiteSpace" : false
    }, {
      "id" : "s0-t17",
      "begin" : 72,
      "end" : 75,
      "text" : "rpm",
      "whiteSpace" : false
    }, {
      "id" : "s0-t18",
      "begin" : 75,
      "end" : 76,
      "text" : ",",
      "whiteSpace" : false
    }, {
      "id" : "s0-t19",
      "begin" : 77,
      "end" : 92,
      "text" : "respectivamente",
      "whiteSpace" : false
    }, {
      "id" : "s0-t20",
      "begin" : 92,
      "end" : 93,
      "text" : ",",
      "whiteSpace" : false
    }, {
      "id" : "s0-t21",
      "begin" : 94,
      "end" : 97,
      "text" : "que",
      "whiteSpace" : false
    }, {
      "id" : "s0-t22",
      "begin" : 98,
      "end" : 99,
      "text" : "é",
      "whiteSpace" : false
    }, {
      "id" : "s0-t23",
      "begin" : 100,
      "end" : 101,
      "text" : "a",
      "whiteSpace" : false
    }, {
      "id" : "s0-t24",
      "begin" : 102,
      "end" : 107,
      "text" : "faixa",
      "whiteSpace" : false
    }, {
      "id" : "s0-t25",
      "begin" : 108,
      "end" : 112,
      "text" : "onde",
      "whiteSpace" : false
    }, {
      "id" : "s0-t26",
      "begin" : 113,
      "end" : 115,
      "text" : "se",
      "whiteSpace" : false
    }, {
      "id" : "s0-t27",
      "begin" : 116,
      "end" : 121,
      "text" : "atuam",
      "whiteSpace" : false
    }, {
      "id" : "s0-t28",
      "begin" : 122,
      "end" : 124,
      "text" : "os",
      "whiteSpace" : false
    }, {
      "id" : "s0-t29",
      "begin" : 125,
      "end" : 132,
      "text" : "máximos",
      "whiteSpace" : false
    }, {
      "id" : "s0-t30",
      "begin" : 133,
      "end" : 135,
      "text" : "de",
      "whiteSpace" : false
    }, {
      "id" : "s0-t31",
      "begin" : 136,
      "end" : 144,
      "text" : "potência",
      "whiteSpace" : false
    }, {
      "id" : "s0-t32",
      "begin" : 145,
      "end" : 146,
      "text" : "e",
      "whiteSpace" : false
    }, {
      "id" : "s0-t33",
      "begin" : 147,
      "end" : 153,
      "text" : "torque",
      "whiteSpace" : false
    } ]
  } ],
  "mentions" : [ {
    "id" : "s0-m2",
    "properties" : {
      "SIRE_MENTION_ROLE" : "DESEMPENHO",
      "SIRE_ENTITY_SUBTYPE" : "NONE",
      "SIRE_MENTION_TYPE" : "NONE",
      "SIRE_MENTION_CLASS" : "SPC"
    },
    "type" : "DESEMPENHO",
    "begin" : 26,
    "end" : 31,
    "inCoref" : false
  }, {
    "id" : "s0-m1",
    "properties" : {
      "SIRE_MENTION_ROLE" : "MODELO",
      "SIRE_ENTITY_SUBTYPE" : "NONE",
      "SIRE_MENTION_TYPE" : "NONE",
      "SIRE_MENTION_CLASS" : "SPC"
    },
    "type" : "MODELO",
    "begin" : 40,
    "end" : 46,
    "inCoref" : false
  } ],
  "relations" : [ {
    "id" : "s0-r1",
    "properties" : { },
    "type" : "de",
    "args" : [ "s0-m2", "s0-m1" ]
  } ],
  "corefs" : [ ],
  "typeResolved" : true,
  "userResolved" : false
}