{
  "id" : "d14dfaa0-f5d1-11ea-946d-e76b3fc26918-26",
  "name" : "train_27.txt",
  "createdDate" : 0,
  "version" : 3,
  "text" : "Pra quem quer um carro com câmbio manual, o Fiat Argo é um ótimo carro e se você não pisar muito, ele tem um bom consumo, cerca de 13km/l na estrada a 90km/h e 10km/l na cidade com gasolina e com álcool 10km/l na estrada a 90km/h e 8km/l na cidade. No valor dele, não vejo outro carro com custo-benefício igual.\r\n",
  "docLength" : 0,
  "language" : "PT",
  "status" : "SUBMITTED",
  "modifiedDate" : 1600011061605,
  "documentSet" : [ ],
  "preannotation" : [ ],
  "sentences" : [ {
    "id" : "s0",
    "begin" : 0,
    "end" : 248,
    "text" : "Pra quem quer um carro com câmbio manual, o Fiat Argo é um ótimo carro e se você não pisar muito, ele tem um bom consumo, cerca de 13km/l na estrada a 90km/h e 10km/l na cidade com gasolina e com álcool 10km/l na estrada a 90km/h e 8km/l na cidade.",
    "tokens" : [ {
      "id" : "s0-t0",
      "begin" : 0,
      "end" : 3,
      "text" : "Pra",
      "whiteSpace" : false
    }, {
      "id" : "s0-t1",
      "begin" : 4,
      "end" : 8,
      "text" : "quem",
      "whiteSpace" : false
    }, {
      "id" : "s0-t2",
      "begin" : 9,
      "end" : 13,
      "text" : "quer",
      "whiteSpace" : false
    }, {
      "id" : "s0-t3",
      "begin" : 14,
      "end" : 16,
      "text" : "um",
      "whiteSpace" : false
    }, {
      "id" : "s0-t4",
      "begin" : 17,
      "end" : 22,
      "text" : "carro",
      "whiteSpace" : false
    }, {
      "id" : "s0-t5",
      "begin" : 23,
      "end" : 26,
      "text" : "com",
      "whiteSpace" : false
    }, {
      "id" : "s0-t6",
      "begin" : 27,
      "end" : 33,
      "text" : "câmbio",
      "whiteSpace" : false
    }, {
      "id" : "s0-t7",
      "begin" : 34,
      "end" : 40,
      "text" : "manual",
      "whiteSpace" : false
    }, {
      "id" : "s0-t8",
      "begin" : 40,
      "end" : 41,
      "text" : ",",
      "whiteSpace" : false
    }, {
      "id" : "s0-t9",
      "begin" : 42,
      "end" : 43,
      "text" : "o",
      "whiteSpace" : false
    }, {
      "id" : "s0-t10",
      "begin" : 44,
      "end" : 48,
      "text" : "Fiat",
      "whiteSpace" : false
    }, {
      "id" : "s0-t11",
      "begin" : 49,
      "end" : 53,
      "text" : "Argo",
      "whiteSpace" : false
    }, {
      "id" : "s0-t12",
      "begin" : 54,
      "end" : 55,
      "text" : "é",
      "whiteSpace" : false
    }, {
      "id" : "s0-t13",
      "begin" : 56,
      "end" : 58,
      "text" : "um",
      "whiteSpace" : false
    }, {
      "id" : "s0-t14",
      "begin" : 59,
      "end" : 64,
      "text" : "ótimo",
      "whiteSpace" : false
    }, {
      "id" : "s0-t15",
      "begin" : 65,
      "end" : 70,
      "text" : "carro",
      "whiteSpace" : false
    }, {
      "id" : "s0-t16",
      "begin" : 71,
      "end" : 72,
      "text" : "e",
      "whiteSpace" : false
    }, {
      "id" : "s0-t17",
      "begin" : 73,
      "end" : 75,
      "text" : "se",
      "whiteSpace" : false
    }, {
      "id" : "s0-t18",
      "begin" : 76,
      "end" : 80,
      "text" : "você",
      "whiteSpace" : false
    }, {
      "id" : "s0-t19",
      "begin" : 81,
      "end" : 84,
      "text" : "não",
      "whiteSpace" : false
    }, {
      "id" : "s0-t20",
      "begin" : 85,
      "end" : 90,
      "text" : "pisar",
      "whiteSpace" : false
    }, {
      "id" : "s0-t21",
      "begin" : 91,
      "end" : 96,
      "text" : "muito",
      "whiteSpace" : false
    }, {
      "id" : "s0-t22",
      "begin" : 96,
      "end" : 97,
      "text" : ",",
      "whiteSpace" : false
    }, {
      "id" : "s0-t23",
      "begin" : 98,
      "end" : 101,
      "text" : "ele",
      "whiteSpace" : false
    }, {
      "id" : "s0-t24",
      "begin" : 102,
      "end" : 105,
      "text" : "tem",
      "whiteSpace" : false
    }, {
      "id" : "s0-t25",
      "begin" : 106,
      "end" : 108,
      "text" : "um",
      "whiteSpace" : false
    }, {
      "id" : "s0-t26",
      "begin" : 109,
      "end" : 112,
      "text" : "bom",
      "whiteSpace" : false
    }, {
      "id" : "s0-t27",
      "begin" : 113,
      "end" : 120,
      "text" : "consumo",
      "whiteSpace" : false
    }, {
      "id" : "s0-t28",
      "begin" : 120,
      "end" : 121,
      "text" : ",",
      "whiteSpace" : false
    }, {
      "id" : "s0-t29",
      "begin" : 122,
      "end" : 127,
      "text" : "cerca",
      "whiteSpace" : false
    }, {
      "id" : "s0-t30",
      "begin" : 128,
      "end" : 130,
      "text" : "de",
      "whiteSpace" : false
    }, {
      "id" : "s0-t31",
      "begin" : 131,
      "end" : 137,
      "text" : "13km/l",
      "whiteSpace" : false
    }, {
      "id" : "s0-t32",
      "begin" : 138,
      "end" : 140,
      "text" : "na",
      "whiteSpace" : false
    }, {
      "id" : "s0-t33",
      "begin" : 141,
      "end" : 148,
      "text" : "estrada",
      "whiteSpace" : false
    }, {
      "id" : "s0-t34",
      "begin" : 149,
      "end" : 150,
      "text" : "a",
      "whiteSpace" : false
    }, {
      "id" : "s0-t35",
      "begin" : 151,
      "end" : 157,
      "text" : "90km/h",
      "whiteSpace" : false
    }, {
      "id" : "s0-t36",
      "begin" : 158,
      "end" : 159,
      "text" : "e",
      "whiteSpace" : false
    }, {
      "id" : "s0-t37",
      "begin" : 160,
      "end" : 166,
      "text" : "10km/l",
      "whiteSpace" : false
    }, {
      "id" : "s0-t38",
      "begin" : 167,
      "end" : 169,
      "text" : "na",
      "whiteSpace" : false
    }, {
      "id" : "s0-t39",
      "begin" : 170,
      "end" : 176,
      "text" : "cidade",
      "whiteSpace" : false
    }, {
      "id" : "s0-t40",
      "begin" : 177,
      "end" : 180,
      "text" : "com",
      "whiteSpace" : false
    }, {
      "id" : "s0-t41",
      "begin" : 181,
      "end" : 189,
      "text" : "gasolina",
      "whiteSpace" : false
    }, {
      "id" : "s0-t42",
      "begin" : 190,
      "end" : 191,
      "text" : "e",
      "whiteSpace" : false
    }, {
      "id" : "s0-t43",
      "begin" : 192,
      "end" : 195,
      "text" : "com",
      "whiteSpace" : false
    }, {
      "id" : "s0-t44",
      "begin" : 196,
      "end" : 202,
      "text" : "álcool",
      "whiteSpace" : false
    }, {
      "id" : "s0-t45",
      "begin" : 203,
      "end" : 209,
      "text" : "10km/l",
      "whiteSpace" : false
    }, {
      "id" : "s0-t46",
      "begin" : 210,
      "end" : 212,
      "text" : "na",
      "whiteSpace" : false
    }, {
      "id" : "s0-t47",
      "begin" : 213,
      "end" : 220,
      "text" : "estrada",
      "whiteSpace" : false
    }, {
      "id" : "s0-t48",
      "begin" : 221,
      "end" : 222,
      "text" : "a",
      "whiteSpace" : false
    }, {
      "id" : "s0-t49",
      "begin" : 223,
      "end" : 229,
      "text" : "90km/h",
      "whiteSpace" : false
    }, {
      "id" : "s0-t50",
      "begin" : 230,
      "end" : 231,
      "text" : "e",
      "whiteSpace" : false
    }, {
      "id" : "s0-t51",
      "begin" : 232,
      "end" : 237,
      "text" : "8km/l",
      "whiteSpace" : false
    }, {
      "id" : "s0-t52",
      "begin" : 238,
      "end" : 240,
      "text" : "na",
      "whiteSpace" : false
    }, {
      "id" : "s0-t53",
      "begin" : 241,
      "end" : 247,
      "text" : "cidade",
      "whiteSpace" : false
    }, {
      "id" : "s0-t54",
      "begin" : 247,
      "end" : 248,
      "text" : ".",
      "whiteSpace" : false
    } ]
  }, {
    "id" : "s1",
    "begin" : 249,
    "end" : 311,
    "text" : "No valor dele, não vejo outro carro com custo-benefício igual.",
    "tokens" : [ {
      "id" : "s1-t0",
      "begin" : 249,
      "end" : 251,
      "text" : "No",
      "whiteSpace" : false
    }, {
      "id" : "s1-t1",
      "begin" : 252,
      "end" : 257,
      "text" : "valor",
      "whiteSpace" : false
    }, {
      "id" : "s1-t2",
      "begin" : 258,
      "end" : 262,
      "text" : "dele",
      "whiteSpace" : false
    }, {
      "id" : "s1-t3",
      "begin" : 262,
      "end" : 263,
      "text" : ",",
      "whiteSpace" : false
    }, {
      "id" : "s1-t4",
      "begin" : 264,
      "end" : 267,
      "text" : "não",
      "whiteSpace" : false
    }, {
      "id" : "s1-t5",
      "begin" : 268,
      "end" : 272,
      "text" : "vejo",
      "whiteSpace" : false
    }, {
      "id" : "s1-t6",
      "begin" : 273,
      "end" : 278,
      "text" : "outro",
      "whiteSpace" : false
    }, {
      "id" : "s1-t7",
      "begin" : 279,
      "end" : 284,
      "text" : "carro",
      "whiteSpace" : false
    }, {
      "id" : "s1-t8",
      "begin" : 285,
      "end" : 288,
      "text" : "com",
      "whiteSpace" : false
    }, {
      "id" : "s1-t9",
      "begin" : 289,
      "end" : 304,
      "text" : "custo-benefício",
      "whiteSpace" : false
    }, {
      "id" : "s1-t10",
      "begin" : 305,
      "end" : 310,
      "text" : "igual",
      "whiteSpace" : false
    }, {
      "id" : "s1-t11",
      "begin" : 310,
      "end" : 311,
      "text" : ".",
      "whiteSpace" : false
    } ]
  } ],
  "mentions" : [ {
    "id" : "s0-m1",
    "properties" : {
      "SIRE_MENTION_ROLE" : "MODELO",
      "SIRE_ENTITY_SUBTYPE" : "NONE",
      "SIRE_MENTION_TYPE" : "NONE",
      "SIRE_MENTION_CLASS" : "SPC"
    },
    "type" : "MODELO",
    "begin" : 49,
    "end" : 53,
    "inCoref" : false
  }, {
    "id" : "s0-m2",
    "properties" : {
      "SIRE_MENTION_ROLE" : "CONSUMO",
      "SIRE_ENTITY_SUBTYPE" : "NONE",
      "SIRE_MENTION_TYPE" : "NONE",
      "SIRE_MENTION_CLASS" : "SPC"
    },
    "type" : "CONSUMO",
    "begin" : 113,
    "end" : 120,
    "inCoref" : false
  }, {
    "id" : "s0-m3",
    "properties" : {
      "SIRE_MENTION_ROLE" : "CONSUMO",
      "SIRE_ENTITY_SUBTYPE" : "NONE",
      "SIRE_MENTION_TYPE" : "NONE",
      "SIRE_MENTION_CLASS" : "SPC"
    },
    "type" : "CONSUMO",
    "begin" : 131,
    "end" : 137,
    "inCoref" : false
  }, {
    "id" : "s0-m4",
    "properties" : {
      "SIRE_MENTION_ROLE" : "CONSUMO",
      "SIRE_ENTITY_SUBTYPE" : "NONE",
      "SIRE_MENTION_TYPE" : "NONE",
      "SIRE_MENTION_CLASS" : "SPC"
    },
    "type" : "CONSUMO",
    "begin" : 160,
    "end" : 166,
    "inCoref" : false
  }, {
    "id" : "s0-m5",
    "properties" : {
      "SIRE_MENTION_ROLE" : "CONSUMO",
      "SIRE_ENTITY_SUBTYPE" : "NONE",
      "SIRE_MENTION_TYPE" : "NONE",
      "SIRE_MENTION_CLASS" : "SPC"
    },
    "type" : "CONSUMO",
    "begin" : 203,
    "end" : 209,
    "inCoref" : false
  }, {
    "id" : "s0-m7",
    "properties" : {
      "SIRE_MENTION_ROLE" : "CONSUMO",
      "SIRE_ENTITY_SUBTYPE" : "NONE",
      "SIRE_MENTION_TYPE" : "NONE",
      "SIRE_MENTION_CLASS" : "SPC"
    },
    "type" : "CONSUMO",
    "begin" : 232,
    "end" : 237,
    "inCoref" : false
  } ],
  "relations" : [ {
    "id" : "s0-r1",
    "properties" : { },
    "type" : "de",
    "args" : [ "s0-m4", "s0-m1" ]
  }, {
    "id" : "s0-r2",
    "properties" : { },
    "type" : "de",
    "args" : [ "s0-m2", "s0-m1" ]
  }, {
    "id" : "s0-r3",
    "properties" : { },
    "type" : "de",
    "args" : [ "s0-m5", "s0-m1" ]
  }, {
    "id" : "s0-r4",
    "properties" : { },
    "type" : "de",
    "args" : [ "s0-m7", "s0-m1" ]
  }, {
    "id" : "s0-r5",
    "properties" : { },
    "type" : "de",
    "args" : [ "s0-m3", "s0-m1" ]
  } ],
  "corefs" : [ ],
  "typeResolved" : true,
  "userResolved" : false
}