{
  "id" : "d14dfaa0-f5d1-11ea-946d-e76b3fc26918-12",
  "name" : "train_13_1.txt",
  "createdDate" : 0,
  "version" : 3,
  "text" : "O Argo trás diversos acessórios e multimídia interessantes: no centro da cabine fica a tela de 7 polegadas da central multimídia UConnect, bastante intuitiva de operar. No Argo, bastam poucos minutos para se familiarizar com os menus e funções principais do item, cuja principal vantagem é o suporte a Apple CarPlay e Android Auto.\r\n",
  "docLength" : 0,
  "language" : "PT",
  "status" : "SUBMITTED",
  "modifiedDate" : 1600010104974,
  "documentSet" : [ ],
  "preannotation" : [ ],
  "sentences" : [ {
    "id" : "s0",
    "begin" : 0,
    "end" : 168,
    "text" : "O Argo trás diversos acessórios e multimídia interessantes: no centro da cabine fica a tela de 7 polegadas da central multimídia UConnect, bastante intuitiva de operar.",
    "tokens" : [ {
      "id" : "s0-t0",
      "begin" : 0,
      "end" : 1,
      "text" : "O",
      "whiteSpace" : false
    }, {
      "id" : "s0-t1",
      "begin" : 2,
      "end" : 6,
      "text" : "Argo",
      "whiteSpace" : false
    }, {
      "id" : "s0-t2",
      "begin" : 7,
      "end" : 11,
      "text" : "trás",
      "whiteSpace" : false
    }, {
      "id" : "s0-t3",
      "begin" : 12,
      "end" : 20,
      "text" : "diversos",
      "whiteSpace" : false
    }, {
      "id" : "s0-t4",
      "begin" : 21,
      "end" : 31,
      "text" : "acessórios",
      "whiteSpace" : false
    }, {
      "id" : "s0-t5",
      "begin" : 32,
      "end" : 33,
      "text" : "e",
      "whiteSpace" : false
    }, {
      "id" : "s0-t6",
      "begin" : 34,
      "end" : 44,
      "text" : "multimídia",
      "whiteSpace" : false
    }, {
      "id" : "s0-t7",
      "begin" : 45,
      "end" : 58,
      "text" : "interessantes",
      "whiteSpace" : false
    }, {
      "id" : "s0-t8",
      "begin" : 58,
      "end" : 59,
      "text" : ":",
      "whiteSpace" : false
    }, {
      "id" : "s0-t9",
      "begin" : 60,
      "end" : 62,
      "text" : "no",
      "whiteSpace" : false
    }, {
      "id" : "s0-t10",
      "begin" : 63,
      "end" : 69,
      "text" : "centro",
      "whiteSpace" : false
    }, {
      "id" : "s0-t11",
      "begin" : 70,
      "end" : 72,
      "text" : "da",
      "whiteSpace" : false
    }, {
      "id" : "s0-t12",
      "begin" : 73,
      "end" : 79,
      "text" : "cabine",
      "whiteSpace" : false
    }, {
      "id" : "s0-t13",
      "begin" : 80,
      "end" : 84,
      "text" : "fica",
      "whiteSpace" : false
    }, {
      "id" : "s0-t14",
      "begin" : 85,
      "end" : 86,
      "text" : "a",
      "whiteSpace" : false
    }, {
      "id" : "s0-t15",
      "begin" : 87,
      "end" : 91,
      "text" : "tela",
      "whiteSpace" : false
    }, {
      "id" : "s0-t16",
      "begin" : 92,
      "end" : 94,
      "text" : "de",
      "whiteSpace" : false
    }, {
      "id" : "s0-t17",
      "begin" : 95,
      "end" : 96,
      "text" : "7",
      "whiteSpace" : false
    }, {
      "id" : "s0-t18",
      "begin" : 97,
      "end" : 106,
      "text" : "polegadas",
      "whiteSpace" : false
    }, {
      "id" : "s0-t19",
      "begin" : 107,
      "end" : 109,
      "text" : "da",
      "whiteSpace" : false
    }, {
      "id" : "s0-t20",
      "begin" : 110,
      "end" : 117,
      "text" : "central",
      "whiteSpace" : false
    }, {
      "id" : "s0-t21",
      "begin" : 118,
      "end" : 128,
      "text" : "multimídia",
      "whiteSpace" : false
    }, {
      "id" : "s0-t22",
      "begin" : 129,
      "end" : 137,
      "text" : "UConnect",
      "whiteSpace" : false
    }, {
      "id" : "s0-t23",
      "begin" : 137,
      "end" : 138,
      "text" : ",",
      "whiteSpace" : false
    }, {
      "id" : "s0-t24",
      "begin" : 139,
      "end" : 147,
      "text" : "bastante",
      "whiteSpace" : false
    }, {
      "id" : "s0-t25",
      "begin" : 148,
      "end" : 157,
      "text" : "intuitiva",
      "whiteSpace" : false
    }, {
      "id" : "s0-t26",
      "begin" : 158,
      "end" : 160,
      "text" : "de",
      "whiteSpace" : false
    }, {
      "id" : "s0-t27",
      "begin" : 161,
      "end" : 167,
      "text" : "operar",
      "whiteSpace" : false
    }, {
      "id" : "s0-t28",
      "begin" : 167,
      "end" : 168,
      "text" : ".",
      "whiteSpace" : false
    } ]
  }, {
    "id" : "s1",
    "begin" : 169,
    "end" : 331,
    "text" : "No Argo, bastam poucos minutos para se familiarizar com os menus e funções principais do item, cuja principal vantagem é o suporte a Apple CarPlay e Android Auto.",
    "tokens" : [ {
      "id" : "s1-t0",
      "begin" : 169,
      "end" : 171,
      "text" : "No",
      "whiteSpace" : false
    }, {
      "id" : "s1-t1",
      "begin" : 172,
      "end" : 176,
      "text" : "Argo",
      "whiteSpace" : false
    }, {
      "id" : "s1-t2",
      "begin" : 176,
      "end" : 177,
      "text" : ",",
      "whiteSpace" : false
    }, {
      "id" : "s1-t3",
      "begin" : 178,
      "end" : 184,
      "text" : "bastam",
      "whiteSpace" : false
    }, {
      "id" : "s1-t4",
      "begin" : 185,
      "end" : 191,
      "text" : "poucos",
      "whiteSpace" : false
    }, {
      "id" : "s1-t5",
      "begin" : 192,
      "end" : 199,
      "text" : "minutos",
      "whiteSpace" : false
    }, {
      "id" : "s1-t6",
      "begin" : 200,
      "end" : 204,
      "text" : "para",
      "whiteSpace" : false
    }, {
      "id" : "s1-t7",
      "begin" : 205,
      "end" : 207,
      "text" : "se",
      "whiteSpace" : false
    }, {
      "id" : "s1-t8",
      "begin" : 208,
      "end" : 220,
      "text" : "familiarizar",
      "whiteSpace" : false
    }, {
      "id" : "s1-t9",
      "begin" : 221,
      "end" : 224,
      "text" : "com",
      "whiteSpace" : false
    }, {
      "id" : "s1-t10",
      "begin" : 225,
      "end" : 227,
      "text" : "os",
      "whiteSpace" : false
    }, {
      "id" : "s1-t11",
      "begin" : 228,
      "end" : 233,
      "text" : "menus",
      "whiteSpace" : false
    }, {
      "id" : "s1-t12",
      "begin" : 234,
      "end" : 235,
      "text" : "e",
      "whiteSpace" : false
    }, {
      "id" : "s1-t13",
      "begin" : 236,
      "end" : 243,
      "text" : "funções",
      "whiteSpace" : false
    }, {
      "id" : "s1-t14",
      "begin" : 244,
      "end" : 254,
      "text" : "principais",
      "whiteSpace" : false
    }, {
      "id" : "s1-t15",
      "begin" : 255,
      "end" : 257,
      "text" : "do",
      "whiteSpace" : false
    }, {
      "id" : "s1-t16",
      "begin" : 258,
      "end" : 262,
      "text" : "item",
      "whiteSpace" : false
    }, {
      "id" : "s1-t17",
      "begin" : 262,
      "end" : 263,
      "text" : ",",
      "whiteSpace" : false
    }, {
      "id" : "s1-t18",
      "begin" : 264,
      "end" : 268,
      "text" : "cuja",
      "whiteSpace" : false
    }, {
      "id" : "s1-t19",
      "begin" : 269,
      "end" : 278,
      "text" : "principal",
      "whiteSpace" : false
    }, {
      "id" : "s1-t20",
      "begin" : 279,
      "end" : 287,
      "text" : "vantagem",
      "whiteSpace" : false
    }, {
      "id" : "s1-t21",
      "begin" : 288,
      "end" : 289,
      "text" : "é",
      "whiteSpace" : false
    }, {
      "id" : "s1-t22",
      "begin" : 290,
      "end" : 291,
      "text" : "o",
      "whiteSpace" : false
    }, {
      "id" : "s1-t23",
      "begin" : 292,
      "end" : 299,
      "text" : "suporte",
      "whiteSpace" : false
    }, {
      "id" : "s1-t24",
      "begin" : 300,
      "end" : 301,
      "text" : "a",
      "whiteSpace" : false
    }, {
      "id" : "s1-t25",
      "begin" : 302,
      "end" : 307,
      "text" : "Apple",
      "whiteSpace" : false
    }, {
      "id" : "s1-t26",
      "begin" : 308,
      "end" : 315,
      "text" : "CarPlay",
      "whiteSpace" : false
    }, {
      "id" : "s1-t27",
      "begin" : 316,
      "end" : 317,
      "text" : "e",
      "whiteSpace" : false
    }, {
      "id" : "s1-t28",
      "begin" : 318,
      "end" : 325,
      "text" : "Android",
      "whiteSpace" : false
    }, {
      "id" : "s1-t29",
      "begin" : 326,
      "end" : 330,
      "text" : "Auto",
      "whiteSpace" : false
    }, {
      "id" : "s1-t30",
      "begin" : 330,
      "end" : 331,
      "text" : ".",
      "whiteSpace" : false
    } ]
  } ],
  "mentions" : [ {
    "id" : "s0-m1",
    "properties" : {
      "SIRE_MENTION_ROLE" : "MODELO",
      "SIRE_ENTITY_SUBTYPE" : "NONE",
      "SIRE_MENTION_TYPE" : "NONE",
      "SIRE_MENTION_CLASS" : "SPC"
    },
    "type" : "MODELO",
    "begin" : 2,
    "end" : 6,
    "inCoref" : false
  }, {
    "id" : "s0-m2",
    "properties" : {
      "SIRE_MENTION_ROLE" : "ACESSORIOS",
      "SIRE_ENTITY_SUBTYPE" : "NONE",
      "SIRE_MENTION_TYPE" : "NONE",
      "SIRE_MENTION_CLASS" : "SPC"
    },
    "type" : "ACESSORIOS",
    "begin" : 34,
    "end" : 44,
    "inCoref" : false
  }, {
    "id" : "s0-m3",
    "properties" : {
      "SIRE_MENTION_ROLE" : "ACESSORIOS",
      "SIRE_ENTITY_SUBTYPE" : "NONE",
      "SIRE_MENTION_TYPE" : "NONE",
      "SIRE_MENTION_CLASS" : "SPC"
    },
    "type" : "ACESSORIOS",
    "begin" : 87,
    "end" : 91,
    "inCoref" : false
  }, {
    "id" : "s0-m4",
    "properties" : {
      "SIRE_MENTION_ROLE" : "ACESSORIOS",
      "SIRE_ENTITY_SUBTYPE" : "NONE",
      "SIRE_MENTION_TYPE" : "NONE",
      "SIRE_MENTION_CLASS" : "SPC"
    },
    "type" : "ACESSORIOS",
    "begin" : 118,
    "end" : 128,
    "inCoref" : false
  }, {
    "id" : "s0-m5",
    "properties" : {
      "SIRE_MENTION_ROLE" : "ACESSORIOS",
      "SIRE_ENTITY_SUBTYPE" : "NONE",
      "SIRE_MENTION_TYPE" : "NONE",
      "SIRE_MENTION_CLASS" : "SPC"
    },
    "type" : "ACESSORIOS",
    "begin" : 129,
    "end" : 137,
    "inCoref" : false
  }, {
    "id" : "s1-m1",
    "properties" : {
      "SIRE_MENTION_ROLE" : "MODELO",
      "SIRE_ENTITY_SUBTYPE" : "NONE",
      "SIRE_MENTION_TYPE" : "NONE",
      "SIRE_MENTION_CLASS" : "SPC"
    },
    "type" : "MODELO",
    "begin" : 172,
    "end" : 176,
    "inCoref" : false
  }, {
    "id" : "s1-m2",
    "properties" : {
      "SIRE_MENTION_ROLE" : "ACESSORIOS",
      "SIRE_ENTITY_SUBTYPE" : "NONE",
      "SIRE_MENTION_TYPE" : "NONE",
      "SIRE_MENTION_CLASS" : "SPC"
    },
    "type" : "ACESSORIOS",
    "begin" : 302,
    "end" : 315,
    "inCoref" : false
  }, {
    "id" : "s1-m3",
    "properties" : {
      "SIRE_MENTION_ROLE" : "ACESSORIOS",
      "SIRE_ENTITY_SUBTYPE" : "NONE",
      "SIRE_MENTION_TYPE" : "NONE",
      "SIRE_MENTION_CLASS" : "SPC"
    },
    "type" : "ACESSORIOS",
    "begin" : 318,
    "end" : 330,
    "inCoref" : false
  } ],
  "relations" : [ {
    "id" : "s0-r1",
    "properties" : { },
    "type" : "de",
    "args" : [ "s0-m2", "s0-m1" ]
  }, {
    "id" : "s0-r2",
    "properties" : { },
    "type" : "de",
    "args" : [ "s0-m3", "s0-m1" ]
  }, {
    "id" : "s0-r3",
    "properties" : { },
    "type" : "de",
    "args" : [ "s0-m4", "s0-m1" ]
  }, {
    "id" : "s1-r1",
    "properties" : { },
    "type" : "de",
    "args" : [ "s1-m2", "s1-m1" ]
  }, {
    "id" : "s1-r2",
    "properties" : { },
    "type" : "de",
    "args" : [ "s1-m3", "s1-m1" ]
  } ],
  "corefs" : [ ],
  "typeResolved" : true,
  "userResolved" : false
}