{
  "id" : "d14dfaa0-f5d1-11ea-946d-e76b3fc26918-44",
  "name" : "train_45_1.txt",
  "createdDate" : 0,
  "version" : 3,
  "text" : "Fiat 500 é um Carro muito bom e muito confortável (embora apenas para quem anda na frente), e seguro. No Fiat 500 Dá pra fazer curvas a 140 km/h ou mais com tranquilidade, mas não recomendo. O Fiat 500 tem um desenho que continua moderno e chama muita atenção por onde passa.\r\n",
  "docLength" : 0,
  "language" : "PT",
  "status" : "SUBMITTED",
  "modifiedDate" : 1600011767482,
  "documentSet" : [ ],
  "preannotation" : [ ],
  "sentences" : [ {
    "id" : "s0",
    "begin" : 0,
    "end" : 101,
    "text" : "Fiat 500 é um Carro muito bom e muito confortável (embora apenas para quem anda na frente), e seguro.",
    "tokens" : [ {
      "id" : "s0-t0",
      "begin" : 0,
      "end" : 4,
      "text" : "Fiat",
      "whiteSpace" : false
    }, {
      "id" : "s0-t1",
      "begin" : 5,
      "end" : 8,
      "text" : "500",
      "whiteSpace" : false
    }, {
      "id" : "s0-t2",
      "begin" : 9,
      "end" : 10,
      "text" : "é",
      "whiteSpace" : false
    }, {
      "id" : "s0-t3",
      "begin" : 11,
      "end" : 13,
      "text" : "um",
      "whiteSpace" : false
    }, {
      "id" : "s0-t4",
      "begin" : 14,
      "end" : 19,
      "text" : "Carro",
      "whiteSpace" : false
    }, {
      "id" : "s0-t5",
      "begin" : 20,
      "end" : 25,
      "text" : "muito",
      "whiteSpace" : false
    }, {
      "id" : "s0-t6",
      "begin" : 26,
      "end" : 29,
      "text" : "bom",
      "whiteSpace" : false
    }, {
      "id" : "s0-t7",
      "begin" : 30,
      "end" : 31,
      "text" : "e",
      "whiteSpace" : false
    }, {
      "id" : "s0-t8",
      "begin" : 32,
      "end" : 37,
      "text" : "muito",
      "whiteSpace" : false
    }, {
      "id" : "s0-t9",
      "begin" : 38,
      "end" : 49,
      "text" : "confortável",
      "whiteSpace" : false
    }, {
      "id" : "s0-t10",
      "begin" : 50,
      "end" : 51,
      "text" : "(",
      "whiteSpace" : false
    }, {
      "id" : "s0-t11",
      "begin" : 51,
      "end" : 57,
      "text" : "embora",
      "whiteSpace" : false
    }, {
      "id" : "s0-t12",
      "begin" : 58,
      "end" : 64,
      "text" : "apenas",
      "whiteSpace" : false
    }, {
      "id" : "s0-t13",
      "begin" : 65,
      "end" : 69,
      "text" : "para",
      "whiteSpace" : false
    }, {
      "id" : "s0-t14",
      "begin" : 70,
      "end" : 74,
      "text" : "quem",
      "whiteSpace" : false
    }, {
      "id" : "s0-t15",
      "begin" : 75,
      "end" : 79,
      "text" : "anda",
      "whiteSpace" : false
    }, {
      "id" : "s0-t16",
      "begin" : 80,
      "end" : 82,
      "text" : "na",
      "whiteSpace" : false
    }, {
      "id" : "s0-t17",
      "begin" : 83,
      "end" : 89,
      "text" : "frente",
      "whiteSpace" : false
    }, {
      "id" : "s0-t18",
      "begin" : 89,
      "end" : 90,
      "text" : ")",
      "whiteSpace" : false
    }, {
      "id" : "s0-t19",
      "begin" : 90,
      "end" : 91,
      "text" : ",",
      "whiteSpace" : false
    }, {
      "id" : "s0-t20",
      "begin" : 92,
      "end" : 93,
      "text" : "e",
      "whiteSpace" : false
    }, {
      "id" : "s0-t21",
      "begin" : 94,
      "end" : 100,
      "text" : "seguro",
      "whiteSpace" : false
    }, {
      "id" : "s0-t22",
      "begin" : 100,
      "end" : 101,
      "text" : ".",
      "whiteSpace" : false
    } ]
  }, {
    "id" : "s1",
    "begin" : 102,
    "end" : 190,
    "text" : "No Fiat 500 Dá pra fazer curvas a 140 km/h ou mais com tranquilidade, mas não recomendo.",
    "tokens" : [ {
      "id" : "s1-t0",
      "begin" : 102,
      "end" : 104,
      "text" : "No",
      "whiteSpace" : false
    }, {
      "id" : "s1-t1",
      "begin" : 105,
      "end" : 109,
      "text" : "Fiat",
      "whiteSpace" : false
    }, {
      "id" : "s1-t2",
      "begin" : 110,
      "end" : 113,
      "text" : "500",
      "whiteSpace" : false
    }, {
      "id" : "s1-t3",
      "begin" : 114,
      "end" : 116,
      "text" : "Dá",
      "whiteSpace" : false
    }, {
      "id" : "s1-t4",
      "begin" : 117,
      "end" : 120,
      "text" : "pra",
      "whiteSpace" : false
    }, {
      "id" : "s1-t5",
      "begin" : 121,
      "end" : 126,
      "text" : "fazer",
      "whiteSpace" : false
    }, {
      "id" : "s1-t6",
      "begin" : 127,
      "end" : 133,
      "text" : "curvas",
      "whiteSpace" : false
    }, {
      "id" : "s1-t7",
      "begin" : 134,
      "end" : 135,
      "text" : "a",
      "whiteSpace" : false
    }, {
      "id" : "s1-t8",
      "begin" : 136,
      "end" : 139,
      "text" : "140",
      "whiteSpace" : false
    }, {
      "id" : "s1-t9",
      "begin" : 140,
      "end" : 144,
      "text" : "km/h",
      "whiteSpace" : false
    }, {
      "id" : "s1-t10",
      "begin" : 145,
      "end" : 147,
      "text" : "ou",
      "whiteSpace" : false
    }, {
      "id" : "s1-t11",
      "begin" : 148,
      "end" : 152,
      "text" : "mais",
      "whiteSpace" : false
    }, {
      "id" : "s1-t12",
      "begin" : 153,
      "end" : 156,
      "text" : "com",
      "whiteSpace" : false
    }, {
      "id" : "s1-t13",
      "begin" : 157,
      "end" : 170,
      "text" : "tranquilidade",
      "whiteSpace" : false
    }, {
      "id" : "s1-t14",
      "begin" : 170,
      "end" : 171,
      "text" : ",",
      "whiteSpace" : false
    }, {
      "id" : "s1-t15",
      "begin" : 172,
      "end" : 175,
      "text" : "mas",
      "whiteSpace" : false
    }, {
      "id" : "s1-t16",
      "begin" : 176,
      "end" : 179,
      "text" : "não",
      "whiteSpace" : false
    }, {
      "id" : "s1-t17",
      "begin" : 180,
      "end" : 189,
      "text" : "recomendo",
      "whiteSpace" : false
    }, {
      "id" : "s1-t18",
      "begin" : 189,
      "end" : 190,
      "text" : ".",
      "whiteSpace" : false
    } ]
  }, {
    "id" : "s2",
    "begin" : 191,
    "end" : 275,
    "text" : "O Fiat 500 tem um desenho que continua moderno e chama muita atenção por onde passa.",
    "tokens" : [ {
      "id" : "s2-t0",
      "begin" : 191,
      "end" : 192,
      "text" : "O",
      "whiteSpace" : false
    }, {
      "id" : "s2-t1",
      "begin" : 193,
      "end" : 197,
      "text" : "Fiat",
      "whiteSpace" : false
    }, {
      "id" : "s2-t2",
      "begin" : 198,
      "end" : 201,
      "text" : "500",
      "whiteSpace" : false
    }, {
      "id" : "s2-t3",
      "begin" : 202,
      "end" : 205,
      "text" : "tem",
      "whiteSpace" : false
    }, {
      "id" : "s2-t4",
      "begin" : 206,
      "end" : 208,
      "text" : "um",
      "whiteSpace" : false
    }, {
      "id" : "s2-t5",
      "begin" : 209,
      "end" : 216,
      "text" : "desenho",
      "whiteSpace" : false
    }, {
      "id" : "s2-t6",
      "begin" : 217,
      "end" : 220,
      "text" : "que",
      "whiteSpace" : false
    }, {
      "id" : "s2-t7",
      "begin" : 221,
      "end" : 229,
      "text" : "continua",
      "whiteSpace" : false
    }, {
      "id" : "s2-t8",
      "begin" : 230,
      "end" : 237,
      "text" : "moderno",
      "whiteSpace" : false
    }, {
      "id" : "s2-t9",
      "begin" : 238,
      "end" : 239,
      "text" : "e",
      "whiteSpace" : false
    }, {
      "id" : "s2-t10",
      "begin" : 240,
      "end" : 245,
      "text" : "chama",
      "whiteSpace" : false
    }, {
      "id" : "s2-t11",
      "begin" : 246,
      "end" : 251,
      "text" : "muita",
      "whiteSpace" : false
    }, {
      "id" : "s2-t12",
      "begin" : 252,
      "end" : 259,
      "text" : "atenção",
      "whiteSpace" : false
    }, {
      "id" : "s2-t13",
      "begin" : 260,
      "end" : 263,
      "text" : "por",
      "whiteSpace" : false
    }, {
      "id" : "s2-t14",
      "begin" : 264,
      "end" : 268,
      "text" : "onde",
      "whiteSpace" : false
    }, {
      "id" : "s2-t15",
      "begin" : 269,
      "end" : 274,
      "text" : "passa",
      "whiteSpace" : false
    }, {
      "id" : "s2-t16",
      "begin" : 274,
      "end" : 275,
      "text" : ".",
      "whiteSpace" : false
    } ]
  } ],
  "mentions" : [ {
    "id" : "s0-m1",
    "properties" : {
      "SIRE_MENTION_ROLE" : "MODELO",
      "SIRE_ENTITY_SUBTYPE" : "NONE",
      "SIRE_MENTION_TYPE" : "NONE",
      "SIRE_MENTION_CLASS" : "SPC"
    },
    "type" : "MODELO",
    "begin" : 0,
    "end" : 8,
    "inCoref" : false
  }, {
    "id" : "s0-m2",
    "properties" : {
      "SIRE_MENTION_ROLE" : "CONFORTO",
      "SIRE_ENTITY_SUBTYPE" : "NONE",
      "SIRE_MENTION_TYPE" : "NONE",
      "SIRE_MENTION_CLASS" : "SPC"
    },
    "type" : "CONFORTO",
    "begin" : 38,
    "end" : 49,
    "inCoref" : false
  }, {
    "id" : "s0-m3",
    "properties" : {
      "SIRE_MENTION_ROLE" : "SEGURANCA",
      "SIRE_ENTITY_SUBTYPE" : "NONE",
      "SIRE_MENTION_TYPE" : "NONE",
      "SIRE_MENTION_CLASS" : "SPC"
    },
    "type" : "SEGURANCA",
    "begin" : 94,
    "end" : 100,
    "inCoref" : false
  }, {
    "id" : "s1-m1",
    "properties" : {
      "SIRE_MENTION_ROLE" : "MODELO",
      "SIRE_ENTITY_SUBTYPE" : "NONE",
      "SIRE_MENTION_TYPE" : "NONE",
      "SIRE_MENTION_CLASS" : "SPC"
    },
    "type" : "MODELO",
    "begin" : 105,
    "end" : 113,
    "inCoref" : false
  }, {
    "id" : "s2-m1",
    "properties" : {
      "SIRE_MENTION_ROLE" : "MODELO",
      "SIRE_ENTITY_SUBTYPE" : "NONE",
      "SIRE_MENTION_TYPE" : "NONE",
      "SIRE_MENTION_CLASS" : "SPC"
    },
    "type" : "MODELO",
    "begin" : 193,
    "end" : 201,
    "inCoref" : false
  }, {
    "id" : "s2-m2",
    "properties" : {
      "SIRE_MENTION_ROLE" : "DESEMPENHO",
      "SIRE_ENTITY_SUBTYPE" : "NONE",
      "SIRE_MENTION_TYPE" : "NONE",
      "SIRE_MENTION_CLASS" : "SPC"
    },
    "type" : "DESEMPENHO",
    "begin" : 209,
    "end" : 216,
    "inCoref" : false
  }, {
    "id" : "s2-m3",
    "properties" : {
      "SIRE_MENTION_ROLE" : "DESIGN",
      "SIRE_ENTITY_SUBTYPE" : "NONE",
      "SIRE_MENTION_TYPE" : "NONE",
      "SIRE_MENTION_CLASS" : "SPC"
    },
    "type" : "DESIGN",
    "begin" : 230,
    "end" : 237,
    "inCoref" : false
  } ],
  "relations" : [ {
    "id" : "s0-r1",
    "properties" : { },
    "type" : "de",
    "args" : [ "s0-m2", "s0-m1" ]
  }, {
    "id" : "s0-r2",
    "properties" : { },
    "type" : "de",
    "args" : [ "s0-m3", "s0-m1" ]
  }, {
    "id" : "s2-r1",
    "properties" : { },
    "type" : "de",
    "args" : [ "s2-m2", "s2-m1" ]
  }, {
    "id" : "s2-r2",
    "properties" : { },
    "type" : "de",
    "args" : [ "s2-m3", "s2-m1" ]
  } ],
  "corefs" : [ ],
  "typeResolved" : true,
  "userResolved" : false
}