{
  "id" : "d14dfaa0-f5d1-11ea-946d-e76b3fc26918-63",
  "name" : "train_64.txt",
  "createdDate" : 0,
  "version" : 3,
  "text" : "Na pista de testes, sempre com gasolina, o Cronos seguiu a lógica: números muito parecidos com o Argo 1.8 AT6. O desempenho está dentro da média: aceleração de 0 a 100 km/h em 11,2 s e retomada de 80 a 20 km/h em 8,3 s\r\n",
  "docLength" : 0,
  "language" : "PT",
  "status" : "SUBMITTED",
  "modifiedDate" : 1600012673902,
  "documentSet" : [ ],
  "preannotation" : [ ],
  "sentences" : [ {
    "id" : "s0",
    "begin" : 0,
    "end" : 110,
    "text" : "Na pista de testes, sempre com gasolina, o Cronos seguiu a lógica: números muito parecidos com o Argo 1.8 AT6.",
    "tokens" : [ {
      "id" : "s0-t0",
      "begin" : 0,
      "end" : 2,
      "text" : "Na",
      "whiteSpace" : false
    }, {
      "id" : "s0-t1",
      "begin" : 3,
      "end" : 8,
      "text" : "pista",
      "whiteSpace" : false
    }, {
      "id" : "s0-t2",
      "begin" : 9,
      "end" : 11,
      "text" : "de",
      "whiteSpace" : false
    }, {
      "id" : "s0-t3",
      "begin" : 12,
      "end" : 18,
      "text" : "testes",
      "whiteSpace" : false
    }, {
      "id" : "s0-t4",
      "begin" : 18,
      "end" : 19,
      "text" : ",",
      "whiteSpace" : false
    }, {
      "id" : "s0-t5",
      "begin" : 20,
      "end" : 26,
      "text" : "sempre",
      "whiteSpace" : false
    }, {
      "id" : "s0-t6",
      "begin" : 27,
      "end" : 30,
      "text" : "com",
      "whiteSpace" : false
    }, {
      "id" : "s0-t7",
      "begin" : 31,
      "end" : 39,
      "text" : "gasolina",
      "whiteSpace" : false
    }, {
      "id" : "s0-t8",
      "begin" : 39,
      "end" : 40,
      "text" : ",",
      "whiteSpace" : false
    }, {
      "id" : "s0-t9",
      "begin" : 41,
      "end" : 42,
      "text" : "o",
      "whiteSpace" : false
    }, {
      "id" : "s0-t10",
      "begin" : 43,
      "end" : 49,
      "text" : "Cronos",
      "whiteSpace" : false
    }, {
      "id" : "s0-t11",
      "begin" : 50,
      "end" : 56,
      "text" : "seguiu",
      "whiteSpace" : false
    }, {
      "id" : "s0-t12",
      "begin" : 57,
      "end" : 58,
      "text" : "a",
      "whiteSpace" : false
    }, {
      "id" : "s0-t13",
      "begin" : 59,
      "end" : 65,
      "text" : "lógica",
      "whiteSpace" : false
    }, {
      "id" : "s0-t14",
      "begin" : 65,
      "end" : 66,
      "text" : ":",
      "whiteSpace" : false
    }, {
      "id" : "s0-t15",
      "begin" : 67,
      "end" : 74,
      "text" : "números",
      "whiteSpace" : false
    }, {
      "id" : "s0-t16",
      "begin" : 75,
      "end" : 80,
      "text" : "muito",
      "whiteSpace" : false
    }, {
      "id" : "s0-t17",
      "begin" : 81,
      "end" : 90,
      "text" : "parecidos",
      "whiteSpace" : false
    }, {
      "id" : "s0-t18",
      "begin" : 91,
      "end" : 94,
      "text" : "com",
      "whiteSpace" : false
    }, {
      "id" : "s0-t19",
      "begin" : 95,
      "end" : 96,
      "text" : "o",
      "whiteSpace" : false
    }, {
      "id" : "s0-t20",
      "begin" : 97,
      "end" : 101,
      "text" : "Argo",
      "whiteSpace" : false
    }, {
      "id" : "s0-t21",
      "begin" : 102,
      "end" : 105,
      "text" : "1.8",
      "whiteSpace" : false
    }, {
      "id" : "s0-t22",
      "begin" : 106,
      "end" : 109,
      "text" : "AT6",
      "whiteSpace" : false
    }, {
      "id" : "s0-t23",
      "begin" : 109,
      "end" : 110,
      "text" : ".",
      "whiteSpace" : false
    } ]
  }, {
    "id" : "s1",
    "begin" : 111,
    "end" : 218,
    "text" : "O desempenho está dentro da média: aceleração de 0 a 100 km/h em 11,2 s e retomada de 80 a 20 km/h em 8,3 s",
    "tokens" : [ {
      "id" : "s1-t0",
      "begin" : 111,
      "end" : 112,
      "text" : "O",
      "whiteSpace" : false
    }, {
      "id" : "s1-t1",
      "begin" : 113,
      "end" : 123,
      "text" : "desempenho",
      "whiteSpace" : false
    }, {
      "id" : "s1-t2",
      "begin" : 124,
      "end" : 128,
      "text" : "está",
      "whiteSpace" : false
    }, {
      "id" : "s1-t3",
      "begin" : 129,
      "end" : 135,
      "text" : "dentro",
      "whiteSpace" : false
    }, {
      "id" : "s1-t4",
      "begin" : 136,
      "end" : 138,
      "text" : "da",
      "whiteSpace" : false
    }, {
      "id" : "s1-t5",
      "begin" : 139,
      "end" : 144,
      "text" : "média",
      "whiteSpace" : false
    }, {
      "id" : "s1-t6",
      "begin" : 144,
      "end" : 145,
      "text" : ":",
      "whiteSpace" : false
    }, {
      "id" : "s1-t7",
      "begin" : 146,
      "end" : 156,
      "text" : "aceleração",
      "whiteSpace" : false
    }, {
      "id" : "s1-t8",
      "begin" : 157,
      "end" : 159,
      "text" : "de",
      "whiteSpace" : false
    }, {
      "id" : "s1-t9",
      "begin" : 160,
      "end" : 161,
      "text" : "0",
      "whiteSpace" : false
    }, {
      "id" : "s1-t10",
      "begin" : 162,
      "end" : 163,
      "text" : "a",
      "whiteSpace" : false
    }, {
      "id" : "s1-t11",
      "begin" : 164,
      "end" : 167,
      "text" : "100",
      "whiteSpace" : false
    }, {
      "id" : "s1-t12",
      "begin" : 168,
      "end" : 172,
      "text" : "km/h",
      "whiteSpace" : false
    }, {
      "id" : "s1-t13",
      "begin" : 173,
      "end" : 175,
      "text" : "em",
      "whiteSpace" : false
    }, {
      "id" : "s1-t14",
      "begin" : 176,
      "end" : 180,
      "text" : "11,2",
      "whiteSpace" : false
    }, {
      "id" : "s1-t15",
      "begin" : 181,
      "end" : 182,
      "text" : "s",
      "whiteSpace" : false
    }, {
      "id" : "s1-t16",
      "begin" : 183,
      "end" : 184,
      "text" : "e",
      "whiteSpace" : false
    }, {
      "id" : "s1-t17",
      "begin" : 185,
      "end" : 193,
      "text" : "retomada",
      "whiteSpace" : false
    }, {
      "id" : "s1-t18",
      "begin" : 194,
      "end" : 196,
      "text" : "de",
      "whiteSpace" : false
    }, {
      "id" : "s1-t19",
      "begin" : 197,
      "end" : 199,
      "text" : "80",
      "whiteSpace" : false
    }, {
      "id" : "s1-t20",
      "begin" : 200,
      "end" : 201,
      "text" : "a",
      "whiteSpace" : false
    }, {
      "id" : "s1-t21",
      "begin" : 202,
      "end" : 204,
      "text" : "20",
      "whiteSpace" : false
    }, {
      "id" : "s1-t22",
      "begin" : 205,
      "end" : 209,
      "text" : "km/h",
      "whiteSpace" : false
    }, {
      "id" : "s1-t23",
      "begin" : 210,
      "end" : 212,
      "text" : "em",
      "whiteSpace" : false
    }, {
      "id" : "s1-t24",
      "begin" : 213,
      "end" : 216,
      "text" : "8,3",
      "whiteSpace" : false
    }, {
      "id" : "s1-t25",
      "begin" : 217,
      "end" : 218,
      "text" : "s",
      "whiteSpace" : false
    } ]
  } ],
  "mentions" : [ {
    "id" : "s0-m1",
    "properties" : {
      "SIRE_MENTION_ROLE" : "MODELO",
      "SIRE_ENTITY_SUBTYPE" : "NONE",
      "SIRE_MENTION_TYPE" : "NONE",
      "SIRE_MENTION_CLASS" : "SPC"
    },
    "type" : "MODELO",
    "begin" : 43,
    "end" : 49,
    "inCoref" : false
  }, {
    "id" : "s1-m1",
    "properties" : {
      "SIRE_MENTION_ROLE" : "DESEMPENHO",
      "SIRE_ENTITY_SUBTYPE" : "NONE",
      "SIRE_MENTION_TYPE" : "NONE",
      "SIRE_MENTION_CLASS" : "SPC"
    },
    "type" : "DESEMPENHO",
    "begin" : 113,
    "end" : 123,
    "inCoref" : false
  } ],
  "relations" : [ ],
  "corefs" : [ ],
  "typeResolved" : true,
  "userResolved" : false
}