{
  "id" : "d14dfaa0-f5d1-11ea-946d-e76b3fc26918-35",
  "name" : "train_36_1.txt",
  "createdDate" : 0,
  "version" : 3,
  "text" : "O Marea chama o motorista para uma tocada mais agressiva, mas se comporta como um excelente sedã em uma tocada branca com a família a bordo. É um lobo em pele de cordeiro. No Marea Os ajustes de altura do volante e do banco possuem regulagem lombar e são muito confortáveis. No Marea O espaço interno e o porta-malas são muito bons!\r\n",
  "docLength" : 0,
  "language" : "PT",
  "status" : "SUBMITTED",
  "modifiedDate" : 1600011504986,
  "documentSet" : [ ],
  "preannotation" : [ ],
  "sentences" : [ {
    "id" : "s0",
    "begin" : 0,
    "end" : 140,
    "text" : "O Marea chama o motorista para uma tocada mais agressiva, mas se comporta como um excelente sedã em uma tocada branca com a família a bordo.",
    "tokens" : [ {
      "id" : "s0-t0",
      "begin" : 0,
      "end" : 1,
      "text" : "O",
      "whiteSpace" : false
    }, {
      "id" : "s0-t1",
      "begin" : 2,
      "end" : 7,
      "text" : "Marea",
      "whiteSpace" : false
    }, {
      "id" : "s0-t2",
      "begin" : 8,
      "end" : 13,
      "text" : "chama",
      "whiteSpace" : false
    }, {
      "id" : "s0-t3",
      "begin" : 14,
      "end" : 15,
      "text" : "o",
      "whiteSpace" : false
    }, {
      "id" : "s0-t4",
      "begin" : 16,
      "end" : 25,
      "text" : "motorista",
      "whiteSpace" : false
    }, {
      "id" : "s0-t5",
      "begin" : 26,
      "end" : 30,
      "text" : "para",
      "whiteSpace" : false
    }, {
      "id" : "s0-t6",
      "begin" : 31,
      "end" : 34,
      "text" : "uma",
      "whiteSpace" : false
    }, {
      "id" : "s0-t7",
      "begin" : 35,
      "end" : 41,
      "text" : "tocada",
      "whiteSpace" : false
    }, {
      "id" : "s0-t8",
      "begin" : 42,
      "end" : 46,
      "text" : "mais",
      "whiteSpace" : false
    }, {
      "id" : "s0-t9",
      "begin" : 47,
      "end" : 56,
      "text" : "agressiva",
      "whiteSpace" : false
    }, {
      "id" : "s0-t10",
      "begin" : 56,
      "end" : 57,
      "text" : ",",
      "whiteSpace" : false
    }, {
      "id" : "s0-t11",
      "begin" : 58,
      "end" : 61,
      "text" : "mas",
      "whiteSpace" : false
    }, {
      "id" : "s0-t12",
      "begin" : 62,
      "end" : 64,
      "text" : "se",
      "whiteSpace" : false
    }, {
      "id" : "s0-t13",
      "begin" : 65,
      "end" : 73,
      "text" : "comporta",
      "whiteSpace" : false
    }, {
      "id" : "s0-t14",
      "begin" : 74,
      "end" : 78,
      "text" : "como",
      "whiteSpace" : false
    }, {
      "id" : "s0-t15",
      "begin" : 79,
      "end" : 81,
      "text" : "um",
      "whiteSpace" : false
    }, {
      "id" : "s0-t16",
      "begin" : 82,
      "end" : 91,
      "text" : "excelente",
      "whiteSpace" : false
    }, {
      "id" : "s0-t17",
      "begin" : 92,
      "end" : 96,
      "text" : "sedã",
      "whiteSpace" : false
    }, {
      "id" : "s0-t18",
      "begin" : 97,
      "end" : 99,
      "text" : "em",
      "whiteSpace" : false
    }, {
      "id" : "s0-t19",
      "begin" : 100,
      "end" : 103,
      "text" : "uma",
      "whiteSpace" : false
    }, {
      "id" : "s0-t20",
      "begin" : 104,
      "end" : 110,
      "text" : "tocada",
      "whiteSpace" : false
    }, {
      "id" : "s0-t21",
      "begin" : 111,
      "end" : 117,
      "text" : "branca",
      "whiteSpace" : false
    }, {
      "id" : "s0-t22",
      "begin" : 118,
      "end" : 121,
      "text" : "com",
      "whiteSpace" : false
    }, {
      "id" : "s0-t23",
      "begin" : 122,
      "end" : 123,
      "text" : "a",
      "whiteSpace" : false
    }, {
      "id" : "s0-t24",
      "begin" : 124,
      "end" : 131,
      "text" : "família",
      "whiteSpace" : false
    }, {
      "id" : "s0-t25",
      "begin" : 132,
      "end" : 133,
      "text" : "a",
      "whiteSpace" : false
    }, {
      "id" : "s0-t26",
      "begin" : 134,
      "end" : 139,
      "text" : "bordo",
      "whiteSpace" : false
    }, {
      "id" : "s0-t27",
      "begin" : 139,
      "end" : 140,
      "text" : ".",
      "whiteSpace" : false
    } ]
  }, {
    "id" : "s1",
    "begin" : 141,
    "end" : 171,
    "text" : "É um lobo em pele de cordeiro.",
    "tokens" : [ {
      "id" : "s1-t0",
      "begin" : 141,
      "end" : 142,
      "text" : "É",
      "whiteSpace" : false
    }, {
      "id" : "s1-t1",
      "begin" : 143,
      "end" : 145,
      "text" : "um",
      "whiteSpace" : false
    }, {
      "id" : "s1-t2",
      "begin" : 146,
      "end" : 150,
      "text" : "lobo",
      "whiteSpace" : false
    }, {
      "id" : "s1-t3",
      "begin" : 151,
      "end" : 153,
      "text" : "em",
      "whiteSpace" : false
    }, {
      "id" : "s1-t4",
      "begin" : 154,
      "end" : 158,
      "text" : "pele",
      "whiteSpace" : false
    }, {
      "id" : "s1-t5",
      "begin" : 159,
      "end" : 161,
      "text" : "de",
      "whiteSpace" : false
    }, {
      "id" : "s1-t6",
      "begin" : 162,
      "end" : 170,
      "text" : "cordeiro",
      "whiteSpace" : false
    }, {
      "id" : "s1-t7",
      "begin" : 170,
      "end" : 171,
      "text" : ".",
      "whiteSpace" : false
    } ]
  }, {
    "id" : "s2",
    "begin" : 172,
    "end" : 274,
    "text" : "No Marea Os ajustes de altura do volante e do banco possuem regulagem lombar e são muito confortáveis.",
    "tokens" : [ {
      "id" : "s2-t0",
      "begin" : 172,
      "end" : 174,
      "text" : "No",
      "whiteSpace" : false
    }, {
      "id" : "s2-t1",
      "begin" : 175,
      "end" : 180,
      "text" : "Marea",
      "whiteSpace" : false
    }, {
      "id" : "s2-t2",
      "begin" : 181,
      "end" : 183,
      "text" : "Os",
      "whiteSpace" : false
    }, {
      "id" : "s2-t3",
      "begin" : 184,
      "end" : 191,
      "text" : "ajustes",
      "whiteSpace" : false
    }, {
      "id" : "s2-t4",
      "begin" : 192,
      "end" : 194,
      "text" : "de",
      "whiteSpace" : false
    }, {
      "id" : "s2-t5",
      "begin" : 195,
      "end" : 201,
      "text" : "altura",
      "whiteSpace" : false
    }, {
      "id" : "s2-t6",
      "begin" : 202,
      "end" : 204,
      "text" : "do",
      "whiteSpace" : false
    }, {
      "id" : "s2-t7",
      "begin" : 205,
      "end" : 212,
      "text" : "volante",
      "whiteSpace" : false
    }, {
      "id" : "s2-t8",
      "begin" : 213,
      "end" : 214,
      "text" : "e",
      "whiteSpace" : false
    }, {
      "id" : "s2-t9",
      "begin" : 215,
      "end" : 217,
      "text" : "do",
      "whiteSpace" : false
    }, {
      "id" : "s2-t10",
      "begin" : 218,
      "end" : 223,
      "text" : "banco",
      "whiteSpace" : false
    }, {
      "id" : "s2-t11",
      "begin" : 224,
      "end" : 231,
      "text" : "possuem",
      "whiteSpace" : false
    }, {
      "id" : "s2-t12",
      "begin" : 232,
      "end" : 241,
      "text" : "regulagem",
      "whiteSpace" : false
    }, {
      "id" : "s2-t13",
      "begin" : 242,
      "end" : 248,
      "text" : "lombar",
      "whiteSpace" : false
    }, {
      "id" : "s2-t14",
      "begin" : 249,
      "end" : 250,
      "text" : "e",
      "whiteSpace" : false
    }, {
      "id" : "s2-t15",
      "begin" : 251,
      "end" : 254,
      "text" : "são",
      "whiteSpace" : false
    }, {
      "id" : "s2-t16",
      "begin" : 255,
      "end" : 260,
      "text" : "muito",
      "whiteSpace" : false
    }, {
      "id" : "s2-t17",
      "begin" : 261,
      "end" : 273,
      "text" : "confortáveis",
      "whiteSpace" : false
    }, {
      "id" : "s2-t18",
      "begin" : 273,
      "end" : 274,
      "text" : ".",
      "whiteSpace" : false
    } ]
  }, {
    "id" : "s3",
    "begin" : 275,
    "end" : 332,
    "text" : "No Marea O espaço interno e o porta-malas são muito bons!",
    "tokens" : [ {
      "id" : "s3-t0",
      "begin" : 275,
      "end" : 277,
      "text" : "No",
      "whiteSpace" : false
    }, {
      "id" : "s3-t1",
      "begin" : 278,
      "end" : 283,
      "text" : "Marea",
      "whiteSpace" : false
    }, {
      "id" : "s3-t2",
      "begin" : 284,
      "end" : 285,
      "text" : "O",
      "whiteSpace" : false
    }, {
      "id" : "s3-t3",
      "begin" : 286,
      "end" : 292,
      "text" : "espaço",
      "whiteSpace" : false
    }, {
      "id" : "s3-t4",
      "begin" : 293,
      "end" : 300,
      "text" : "interno",
      "whiteSpace" : false
    }, {
      "id" : "s3-t5",
      "begin" : 301,
      "end" : 302,
      "text" : "e",
      "whiteSpace" : false
    }, {
      "id" : "s3-t6",
      "begin" : 303,
      "end" : 304,
      "text" : "o",
      "whiteSpace" : false
    }, {
      "id" : "s3-t7",
      "begin" : 305,
      "end" : 316,
      "text" : "porta-malas",
      "whiteSpace" : false
    }, {
      "id" : "s3-t8",
      "begin" : 317,
      "end" : 320,
      "text" : "são",
      "whiteSpace" : false
    }, {
      "id" : "s3-t9",
      "begin" : 321,
      "end" : 326,
      "text" : "muito",
      "whiteSpace" : false
    }, {
      "id" : "s3-t10",
      "begin" : 327,
      "end" : 331,
      "text" : "bons",
      "whiteSpace" : false
    }, {
      "id" : "s3-t11",
      "begin" : 331,
      "end" : 332,
      "text" : "!",
      "whiteSpace" : false
    } ]
  } ],
  "mentions" : [ {
    "id" : "s0-m1",
    "properties" : {
      "SIRE_MENTION_ROLE" : "MODELO",
      "SIRE_ENTITY_SUBTYPE" : "NONE",
      "SIRE_MENTION_TYPE" : "NONE",
      "SIRE_MENTION_CLASS" : "SPC"
    },
    "type" : "MODELO",
    "begin" : 2,
    "end" : 7,
    "inCoref" : false
  }, {
    "id" : "s2-m1",
    "properties" : {
      "SIRE_MENTION_ROLE" : "MODELO",
      "SIRE_ENTITY_SUBTYPE" : "NONE",
      "SIRE_MENTION_TYPE" : "NONE",
      "SIRE_MENTION_CLASS" : "SPC"
    },
    "type" : "MODELO",
    "begin" : 175,
    "end" : 180,
    "inCoref" : false
  }, {
    "id" : "s2-m2",
    "properties" : {
      "SIRE_MENTION_ROLE" : "CONFORTO",
      "SIRE_ENTITY_SUBTYPE" : "NONE",
      "SIRE_MENTION_TYPE" : "NONE",
      "SIRE_MENTION_CLASS" : "SPC"
    },
    "type" : "CONFORTO",
    "begin" : 218,
    "end" : 223,
    "inCoref" : false
  }, {
    "id" : "s2-m3",
    "properties" : {
      "SIRE_MENTION_ROLE" : "CONFORTO",
      "SIRE_ENTITY_SUBTYPE" : "NONE",
      "SIRE_MENTION_TYPE" : "NONE",
      "SIRE_MENTION_CLASS" : "SPC"
    },
    "type" : "CONFORTO",
    "begin" : 261,
    "end" : 273,
    "inCoref" : false
  }, {
    "id" : "s3-m1",
    "properties" : {
      "SIRE_MENTION_ROLE" : "MODELO",
      "SIRE_ENTITY_SUBTYPE" : "NONE",
      "SIRE_MENTION_TYPE" : "NONE",
      "SIRE_MENTION_CLASS" : "SPC"
    },
    "type" : "MODELO",
    "begin" : 278,
    "end" : 283,
    "inCoref" : false
  }, {
    "id" : "s3-m2",
    "properties" : {
      "SIRE_MENTION_ROLE" : "CONFORTO",
      "SIRE_ENTITY_SUBTYPE" : "NONE",
      "SIRE_MENTION_TYPE" : "NONE",
      "SIRE_MENTION_CLASS" : "SPC"
    },
    "type" : "CONFORTO",
    "begin" : 286,
    "end" : 300,
    "inCoref" : false
  }, {
    "id" : "s3-m3",
    "properties" : {
      "SIRE_MENTION_ROLE" : "ACESSORIOS",
      "SIRE_ENTITY_SUBTYPE" : "NONE",
      "SIRE_MENTION_TYPE" : "NONE",
      "SIRE_MENTION_CLASS" : "SPC"
    },
    "type" : "ACESSORIOS",
    "begin" : 305,
    "end" : 316,
    "inCoref" : false
  } ],
  "relations" : [ {
    "id" : "s2-r1",
    "properties" : { },
    "type" : "de",
    "args" : [ "s2-m2", "s2-m1" ]
  }, {
    "id" : "s2-r2",
    "properties" : { },
    "type" : "de",
    "args" : [ "s2-m3", "s2-m1" ]
  }, {
    "id" : "s3-r1",
    "properties" : { },
    "type" : "de",
    "args" : [ "s3-m2", "s3-m1" ]
  }, {
    "id" : "s3-r2",
    "properties" : { },
    "type" : "de",
    "args" : [ "s3-m3", "s3-m1" ]
  } ],
  "corefs" : [ ],
  "typeResolved" : true,
  "userResolved" : false
}