{
  "id" : "d14dfaa0-f5d1-11ea-946d-e76b3fc26918-96",
  "name" : "train_97.txt",
  "createdDate" : 0,
  "version" : 3,
  "text" : "A Toro é bem econômica, com uma média mista de 14km/L, conforto, motor potente, forte e silencioso. É um carro confiável, com custo de manutenção baixo para a categoria. Sem dúvidas o melhor veículo a diesel no quesito custo/benefício no Brasil na atualidade.\r\n",
  "docLength" : 0,
  "language" : "PT",
  "status" : "SUBMITTED",
  "modifiedDate" : 1600013404972,
  "documentSet" : [ ],
  "preannotation" : [ ],
  "sentences" : [ {
    "id" : "s0",
    "begin" : 0,
    "end" : 99,
    "text" : "A Toro é bem econômica, com uma média mista de 14km/L, conforto, motor potente, forte e silencioso.",
    "tokens" : [ {
      "id" : "s0-t0",
      "begin" : 0,
      "end" : 1,
      "text" : "A",
      "whiteSpace" : false
    }, {
      "id" : "s0-t1",
      "begin" : 2,
      "end" : 6,
      "text" : "Toro",
      "whiteSpace" : false
    }, {
      "id" : "s0-t2",
      "begin" : 7,
      "end" : 8,
      "text" : "é",
      "whiteSpace" : false
    }, {
      "id" : "s0-t3",
      "begin" : 9,
      "end" : 12,
      "text" : "bem",
      "whiteSpace" : false
    }, {
      "id" : "s0-t4",
      "begin" : 13,
      "end" : 22,
      "text" : "econômica",
      "whiteSpace" : false
    }, {
      "id" : "s0-t5",
      "begin" : 22,
      "end" : 23,
      "text" : ",",
      "whiteSpace" : false
    }, {
      "id" : "s0-t6",
      "begin" : 24,
      "end" : 27,
      "text" : "com",
      "whiteSpace" : false
    }, {
      "id" : "s0-t7",
      "begin" : 28,
      "end" : 31,
      "text" : "uma",
      "whiteSpace" : false
    }, {
      "id" : "s0-t8",
      "begin" : 32,
      "end" : 37,
      "text" : "média",
      "whiteSpace" : false
    }, {
      "id" : "s0-t9",
      "begin" : 38,
      "end" : 43,
      "text" : "mista",
      "whiteSpace" : false
    }, {
      "id" : "s0-t10",
      "begin" : 44,
      "end" : 46,
      "text" : "de",
      "whiteSpace" : false
    }, {
      "id" : "s0-t11",
      "begin" : 47,
      "end" : 53,
      "text" : "14km/L",
      "whiteSpace" : false
    }, {
      "id" : "s0-t12",
      "begin" : 53,
      "end" : 54,
      "text" : ",",
      "whiteSpace" : false
    }, {
      "id" : "s0-t13",
      "begin" : 55,
      "end" : 63,
      "text" : "conforto",
      "whiteSpace" : false
    }, {
      "id" : "s0-t14",
      "begin" : 63,
      "end" : 64,
      "text" : ",",
      "whiteSpace" : false
    }, {
      "id" : "s0-t15",
      "begin" : 65,
      "end" : 70,
      "text" : "motor",
      "whiteSpace" : false
    }, {
      "id" : "s0-t16",
      "begin" : 71,
      "end" : 78,
      "text" : "potente",
      "whiteSpace" : false
    }, {
      "id" : "s0-t17",
      "begin" : 78,
      "end" : 79,
      "text" : ",",
      "whiteSpace" : false
    }, {
      "id" : "s0-t18",
      "begin" : 80,
      "end" : 85,
      "text" : "forte",
      "whiteSpace" : false
    }, {
      "id" : "s0-t19",
      "begin" : 86,
      "end" : 87,
      "text" : "e",
      "whiteSpace" : false
    }, {
      "id" : "s0-t20",
      "begin" : 88,
      "end" : 98,
      "text" : "silencioso",
      "whiteSpace" : false
    }, {
      "id" : "s0-t21",
      "begin" : 98,
      "end" : 99,
      "text" : ".",
      "whiteSpace" : false
    } ]
  }, {
    "id" : "s1",
    "begin" : 100,
    "end" : 169,
    "text" : "É um carro confiável, com custo de manutenção baixo para a categoria.",
    "tokens" : [ {
      "id" : "s1-t0",
      "begin" : 100,
      "end" : 101,
      "text" : "É",
      "whiteSpace" : false
    }, {
      "id" : "s1-t1",
      "begin" : 102,
      "end" : 104,
      "text" : "um",
      "whiteSpace" : false
    }, {
      "id" : "s1-t2",
      "begin" : 105,
      "end" : 110,
      "text" : "carro",
      "whiteSpace" : false
    }, {
      "id" : "s1-t3",
      "begin" : 111,
      "end" : 120,
      "text" : "confiável",
      "whiteSpace" : false
    }, {
      "id" : "s1-t4",
      "begin" : 120,
      "end" : 121,
      "text" : ",",
      "whiteSpace" : false
    }, {
      "id" : "s1-t5",
      "begin" : 122,
      "end" : 125,
      "text" : "com",
      "whiteSpace" : false
    }, {
      "id" : "s1-t6",
      "begin" : 126,
      "end" : 131,
      "text" : "custo",
      "whiteSpace" : false
    }, {
      "id" : "s1-t7",
      "begin" : 132,
      "end" : 134,
      "text" : "de",
      "whiteSpace" : false
    }, {
      "id" : "s1-t8",
      "begin" : 135,
      "end" : 145,
      "text" : "manutenção",
      "whiteSpace" : false
    }, {
      "id" : "s1-t9",
      "begin" : 146,
      "end" : 151,
      "text" : "baixo",
      "whiteSpace" : false
    }, {
      "id" : "s1-t10",
      "begin" : 152,
      "end" : 156,
      "text" : "para",
      "whiteSpace" : false
    }, {
      "id" : "s1-t11",
      "begin" : 157,
      "end" : 158,
      "text" : "a",
      "whiteSpace" : false
    }, {
      "id" : "s1-t12",
      "begin" : 159,
      "end" : 168,
      "text" : "categoria",
      "whiteSpace" : false
    }, {
      "id" : "s1-t13",
      "begin" : 168,
      "end" : 169,
      "text" : ".",
      "whiteSpace" : false
    } ]
  }, {
    "id" : "s2",
    "begin" : 170,
    "end" : 259,
    "text" : "Sem dúvidas o melhor veículo a diesel no quesito custo/benefício no Brasil na atualidade.",
    "tokens" : [ {
      "id" : "s2-t0",
      "begin" : 170,
      "end" : 173,
      "text" : "Sem",
      "whiteSpace" : false
    }, {
      "id" : "s2-t1",
      "begin" : 174,
      "end" : 181,
      "text" : "dúvidas",
      "whiteSpace" : false
    }, {
      "id" : "s2-t2",
      "begin" : 182,
      "end" : 183,
      "text" : "o",
      "whiteSpace" : false
    }, {
      "id" : "s2-t3",
      "begin" : 184,
      "end" : 190,
      "text" : "melhor",
      "whiteSpace" : false
    }, {
      "id" : "s2-t4",
      "begin" : 191,
      "end" : 198,
      "text" : "veículo",
      "whiteSpace" : false
    }, {
      "id" : "s2-t5",
      "begin" : 199,
      "end" : 200,
      "text" : "a",
      "whiteSpace" : false
    }, {
      "id" : "s2-t6",
      "begin" : 201,
      "end" : 207,
      "text" : "diesel",
      "whiteSpace" : false
    }, {
      "id" : "s2-t7",
      "begin" : 208,
      "end" : 210,
      "text" : "no",
      "whiteSpace" : false
    }, {
      "id" : "s2-t8",
      "begin" : 211,
      "end" : 218,
      "text" : "quesito",
      "whiteSpace" : false
    }, {
      "id" : "s2-t9",
      "begin" : 219,
      "end" : 224,
      "text" : "custo",
      "whiteSpace" : false
    }, {
      "id" : "s2-t10",
      "begin" : 224,
      "end" : 225,
      "text" : "/",
      "whiteSpace" : false
    }, {
      "id" : "s2-t11",
      "begin" : 225,
      "end" : 234,
      "text" : "benefício",
      "whiteSpace" : false
    }, {
      "id" : "s2-t12",
      "begin" : 235,
      "end" : 237,
      "text" : "no",
      "whiteSpace" : false
    }, {
      "id" : "s2-t13",
      "begin" : 238,
      "end" : 244,
      "text" : "Brasil",
      "whiteSpace" : false
    }, {
      "id" : "s2-t14",
      "begin" : 245,
      "end" : 247,
      "text" : "na",
      "whiteSpace" : false
    }, {
      "id" : "s2-t15",
      "begin" : 248,
      "end" : 258,
      "text" : "atualidade",
      "whiteSpace" : false
    }, {
      "id" : "s2-t16",
      "begin" : 258,
      "end" : 259,
      "text" : ".",
      "whiteSpace" : false
    } ]
  } ],
  "mentions" : [ {
    "id" : "s0-m1",
    "properties" : {
      "SIRE_MENTION_ROLE" : "MODELO",
      "SIRE_ENTITY_SUBTYPE" : "NONE",
      "SIRE_MENTION_TYPE" : "NONE",
      "SIRE_MENTION_CLASS" : "SPC"
    },
    "type" : "MODELO",
    "begin" : 2,
    "end" : 6,
    "inCoref" : false
  }, {
    "id" : "s0-m2",
    "properties" : {
      "SIRE_MENTION_ROLE" : "CONSUMO",
      "SIRE_ENTITY_SUBTYPE" : "NONE",
      "SIRE_MENTION_TYPE" : "NONE",
      "SIRE_MENTION_CLASS" : "SPC"
    },
    "type" : "CONSUMO",
    "begin" : 13,
    "end" : 22,
    "inCoref" : false
  }, {
    "id" : "s0-m3",
    "properties" : {
      "SIRE_MENTION_ROLE" : "CONSUMO",
      "SIRE_ENTITY_SUBTYPE" : "NONE",
      "SIRE_MENTION_TYPE" : "NONE",
      "SIRE_MENTION_CLASS" : "SPC"
    },
    "type" : "CONSUMO",
    "begin" : 47,
    "end" : 53,
    "inCoref" : false
  }, {
    "id" : "s0-m4",
    "properties" : {
      "SIRE_MENTION_ROLE" : "DESEMPENHO",
      "SIRE_ENTITY_SUBTYPE" : "NONE",
      "SIRE_MENTION_TYPE" : "NONE",
      "SIRE_MENTION_CLASS" : "SPC"
    },
    "type" : "DESEMPENHO",
    "begin" : 65,
    "end" : 70,
    "inCoref" : false
  }, {
    "id" : "s1-m1",
    "properties" : {
      "SIRE_MENTION_ROLE" : "SEGURANCA",
      "SIRE_ENTITY_SUBTYPE" : "NONE",
      "SIRE_MENTION_TYPE" : "NONE",
      "SIRE_MENTION_CLASS" : "SPC"
    },
    "type" : "SEGURANCA",
    "begin" : 111,
    "end" : 120,
    "inCoref" : false
  }, {
    "id" : "s1-m2",
    "properties" : {
      "SIRE_MENTION_ROLE" : "MANUTENCAO",
      "SIRE_ENTITY_SUBTYPE" : "NONE",
      "SIRE_MENTION_TYPE" : "NONE",
      "SIRE_MENTION_CLASS" : "SPC"
    },
    "type" : "MANUTENCAO",
    "begin" : 135,
    "end" : 145,
    "inCoref" : false
  } ],
  "relations" : [ {
    "id" : "s0-r1",
    "properties" : { },
    "type" : "de",
    "args" : [ "s0-m2", "s0-m1" ]
  }, {
    "id" : "s0-r2",
    "properties" : { },
    "type" : "de",
    "args" : [ "s0-m3", "s0-m1" ]
  }, {
    "id" : "s0-r3",
    "properties" : { },
    "type" : "de",
    "args" : [ "s0-m4", "s0-m1" ]
  } ],
  "corefs" : [ ],
  "typeResolved" : true,
  "userResolved" : false
}