{
  "id" : "d14dfaa0-f5d1-11ea-946d-e76b3fc26918-58",
  "name" : "train_59.txt",
  "createdDate" : 0,
  "version" : 3,
  "text" : "O Cronos é um excelente veículo para proposta apresentada, econômico em cidade [12 a 14km/L na gasolina] e estrada [15 a 16 km/L na gasolina com veículo carregado]. Ótimo desempenho na estrada com câmbio na posição esporte sem comprometer o consumo. Porta-malas muito espaçoso, espaço interno bom para 5 passageiros.\r\n",
  "docLength" : 0,
  "language" : "PT",
  "status" : "SUBMITTED",
  "modifiedDate" : 1600012538573,
  "documentSet" : [ ],
  "preannotation" : [ ],
  "sentences" : [ {
    "id" : "s0",
    "begin" : 0,
    "end" : 164,
    "text" : "O Cronos é um excelente veículo para proposta apresentada, econômico em cidade [12 a 14km/L na gasolina] e estrada [15 a 16 km/L na gasolina com veículo carregado].",
    "tokens" : [ {
      "id" : "s0-t0",
      "begin" : 0,
      "end" : 1,
      "text" : "O",
      "whiteSpace" : false
    }, {
      "id" : "s0-t1",
      "begin" : 2,
      "end" : 8,
      "text" : "Cronos",
      "whiteSpace" : false
    }, {
      "id" : "s0-t2",
      "begin" : 9,
      "end" : 10,
      "text" : "é",
      "whiteSpace" : false
    }, {
      "id" : "s0-t3",
      "begin" : 11,
      "end" : 13,
      "text" : "um",
      "whiteSpace" : false
    }, {
      "id" : "s0-t4",
      "begin" : 14,
      "end" : 23,
      "text" : "excelente",
      "whiteSpace" : false
    }, {
      "id" : "s0-t5",
      "begin" : 24,
      "end" : 31,
      "text" : "veículo",
      "whiteSpace" : false
    }, {
      "id" : "s0-t6",
      "begin" : 32,
      "end" : 36,
      "text" : "para",
      "whiteSpace" : false
    }, {
      "id" : "s0-t7",
      "begin" : 37,
      "end" : 45,
      "text" : "proposta",
      "whiteSpace" : false
    }, {
      "id" : "s0-t8",
      "begin" : 46,
      "end" : 57,
      "text" : "apresentada",
      "whiteSpace" : false
    }, {
      "id" : "s0-t9",
      "begin" : 57,
      "end" : 58,
      "text" : ",",
      "whiteSpace" : false
    }, {
      "id" : "s0-t10",
      "begin" : 59,
      "end" : 68,
      "text" : "econômico",
      "whiteSpace" : false
    }, {
      "id" : "s0-t11",
      "begin" : 69,
      "end" : 71,
      "text" : "em",
      "whiteSpace" : false
    }, {
      "id" : "s0-t12",
      "begin" : 72,
      "end" : 78,
      "text" : "cidade",
      "whiteSpace" : false
    }, {
      "id" : "s0-t13",
      "begin" : 79,
      "end" : 80,
      "text" : "[",
      "whiteSpace" : false
    }, {
      "id" : "s0-t14",
      "begin" : 80,
      "end" : 82,
      "text" : "12",
      "whiteSpace" : false
    }, {
      "id" : "s0-t15",
      "begin" : 83,
      "end" : 84,
      "text" : "a",
      "whiteSpace" : false
    }, {
      "id" : "s0-t16",
      "begin" : 85,
      "end" : 91,
      "text" : "14km/L",
      "whiteSpace" : false
    }, {
      "id" : "s0-t17",
      "begin" : 92,
      "end" : 94,
      "text" : "na",
      "whiteSpace" : false
    }, {
      "id" : "s0-t18",
      "begin" : 95,
      "end" : 103,
      "text" : "gasolina",
      "whiteSpace" : false
    }, {
      "id" : "s0-t19",
      "begin" : 103,
      "end" : 104,
      "text" : "]",
      "whiteSpace" : false
    }, {
      "id" : "s0-t20",
      "begin" : 105,
      "end" : 106,
      "text" : "e",
      "whiteSpace" : false
    }, {
      "id" : "s0-t21",
      "begin" : 107,
      "end" : 114,
      "text" : "estrada",
      "whiteSpace" : false
    }, {
      "id" : "s0-t22",
      "begin" : 115,
      "end" : 116,
      "text" : "[",
      "whiteSpace" : false
    }, {
      "id" : "s0-t23",
      "begin" : 116,
      "end" : 118,
      "text" : "15",
      "whiteSpace" : false
    }, {
      "id" : "s0-t24",
      "begin" : 119,
      "end" : 120,
      "text" : "a",
      "whiteSpace" : false
    }, {
      "id" : "s0-t25",
      "begin" : 121,
      "end" : 123,
      "text" : "16",
      "whiteSpace" : false
    }, {
      "id" : "s0-t26",
      "begin" : 124,
      "end" : 128,
      "text" : "km/L",
      "whiteSpace" : false
    }, {
      "id" : "s0-t27",
      "begin" : 129,
      "end" : 131,
      "text" : "na",
      "whiteSpace" : false
    }, {
      "id" : "s0-t28",
      "begin" : 132,
      "end" : 140,
      "text" : "gasolina",
      "whiteSpace" : false
    }, {
      "id" : "s0-t29",
      "begin" : 141,
      "end" : 144,
      "text" : "com",
      "whiteSpace" : false
    }, {
      "id" : "s0-t30",
      "begin" : 145,
      "end" : 152,
      "text" : "veículo",
      "whiteSpace" : false
    }, {
      "id" : "s0-t31",
      "begin" : 153,
      "end" : 162,
      "text" : "carregado",
      "whiteSpace" : false
    }, {
      "id" : "s0-t32",
      "begin" : 162,
      "end" : 163,
      "text" : "]",
      "whiteSpace" : false
    }, {
      "id" : "s0-t33",
      "begin" : 163,
      "end" : 164,
      "text" : ".",
      "whiteSpace" : false
    } ]
  }, {
    "id" : "s1",
    "begin" : 165,
    "end" : 249,
    "text" : "Ótimo desempenho na estrada com câmbio na posição esporte sem comprometer o consumo.",
    "tokens" : [ {
      "id" : "s1-t0",
      "begin" : 165,
      "end" : 170,
      "text" : "Ótimo",
      "whiteSpace" : false
    }, {
      "id" : "s1-t1",
      "begin" : 171,
      "end" : 181,
      "text" : "desempenho",
      "whiteSpace" : false
    }, {
      "id" : "s1-t2",
      "begin" : 182,
      "end" : 184,
      "text" : "na",
      "whiteSpace" : false
    }, {
      "id" : "s1-t3",
      "begin" : 185,
      "end" : 192,
      "text" : "estrada",
      "whiteSpace" : false
    }, {
      "id" : "s1-t4",
      "begin" : 193,
      "end" : 196,
      "text" : "com",
      "whiteSpace" : false
    }, {
      "id" : "s1-t5",
      "begin" : 197,
      "end" : 203,
      "text" : "câmbio",
      "whiteSpace" : false
    }, {
      "id" : "s1-t6",
      "begin" : 204,
      "end" : 206,
      "text" : "na",
      "whiteSpace" : false
    }, {
      "id" : "s1-t7",
      "begin" : 207,
      "end" : 214,
      "text" : "posição",
      "whiteSpace" : false
    }, {
      "id" : "s1-t8",
      "begin" : 215,
      "end" : 222,
      "text" : "esporte",
      "whiteSpace" : false
    }, {
      "id" : "s1-t9",
      "begin" : 223,
      "end" : 226,
      "text" : "sem",
      "whiteSpace" : false
    }, {
      "id" : "s1-t10",
      "begin" : 227,
      "end" : 238,
      "text" : "comprometer",
      "whiteSpace" : false
    }, {
      "id" : "s1-t11",
      "begin" : 239,
      "end" : 240,
      "text" : "o",
      "whiteSpace" : false
    }, {
      "id" : "s1-t12",
      "begin" : 241,
      "end" : 248,
      "text" : "consumo",
      "whiteSpace" : false
    }, {
      "id" : "s1-t13",
      "begin" : 248,
      "end" : 249,
      "text" : ".",
      "whiteSpace" : false
    } ]
  }, {
    "id" : "s2",
    "begin" : 250,
    "end" : 316,
    "text" : "Porta-malas muito espaçoso, espaço interno bom para 5 passageiros.",
    "tokens" : [ {
      "id" : "s2-t0",
      "begin" : 250,
      "end" : 261,
      "text" : "Porta-malas",
      "whiteSpace" : false
    }, {
      "id" : "s2-t1",
      "begin" : 262,
      "end" : 267,
      "text" : "muito",
      "whiteSpace" : false
    }, {
      "id" : "s2-t2",
      "begin" : 268,
      "end" : 276,
      "text" : "espaçoso",
      "whiteSpace" : false
    }, {
      "id" : "s2-t3",
      "begin" : 276,
      "end" : 277,
      "text" : ",",
      "whiteSpace" : false
    }, {
      "id" : "s2-t4",
      "begin" : 278,
      "end" : 284,
      "text" : "espaço",
      "whiteSpace" : false
    }, {
      "id" : "s2-t5",
      "begin" : 285,
      "end" : 292,
      "text" : "interno",
      "whiteSpace" : false
    }, {
      "id" : "s2-t6",
      "begin" : 293,
      "end" : 296,
      "text" : "bom",
      "whiteSpace" : false
    }, {
      "id" : "s2-t7",
      "begin" : 297,
      "end" : 301,
      "text" : "para",
      "whiteSpace" : false
    }, {
      "id" : "s2-t8",
      "begin" : 302,
      "end" : 303,
      "text" : "5",
      "whiteSpace" : false
    }, {
      "id" : "s2-t9",
      "begin" : 304,
      "end" : 315,
      "text" : "passageiros",
      "whiteSpace" : false
    }, {
      "id" : "s2-t10",
      "begin" : 315,
      "end" : 316,
      "text" : ".",
      "whiteSpace" : false
    } ]
  } ],
  "mentions" : [ {
    "id" : "s0-m1",
    "properties" : {
      "SIRE_MENTION_ROLE" : "MODELO",
      "SIRE_ENTITY_SUBTYPE" : "NONE",
      "SIRE_MENTION_TYPE" : "NONE",
      "SIRE_MENTION_CLASS" : "SPC"
    },
    "type" : "MODELO",
    "begin" : 2,
    "end" : 8,
    "inCoref" : false
  }, {
    "id" : "s0-m2",
    "properties" : {
      "SIRE_MENTION_ROLE" : "CONSUMO",
      "SIRE_ENTITY_SUBTYPE" : "NONE",
      "SIRE_MENTION_TYPE" : "NONE",
      "SIRE_MENTION_CLASS" : "SPC"
    },
    "type" : "CONSUMO",
    "begin" : 59,
    "end" : 68,
    "inCoref" : false
  }, {
    "id" : "s0-m3",
    "properties" : {
      "SIRE_MENTION_ROLE" : "CONSUMO",
      "SIRE_ENTITY_SUBTYPE" : "NONE",
      "SIRE_MENTION_TYPE" : "NONE",
      "SIRE_MENTION_CLASS" : "SPC"
    },
    "type" : "CONSUMO",
    "begin" : 80,
    "end" : 91,
    "inCoref" : false
  }, {
    "id" : "s0-m4",
    "properties" : {
      "SIRE_MENTION_ROLE" : "CONSUMO",
      "SIRE_ENTITY_SUBTYPE" : "NONE",
      "SIRE_MENTION_TYPE" : "NONE",
      "SIRE_MENTION_CLASS" : "SPC"
    },
    "type" : "CONSUMO",
    "begin" : 116,
    "end" : 128,
    "inCoref" : false
  }, {
    "id" : "s1-m1",
    "properties" : {
      "SIRE_MENTION_ROLE" : "DESEMPENHO",
      "SIRE_ENTITY_SUBTYPE" : "NONE",
      "SIRE_MENTION_TYPE" : "NONE",
      "SIRE_MENTION_CLASS" : "SPC"
    },
    "type" : "DESEMPENHO",
    "begin" : 171,
    "end" : 181,
    "inCoref" : false
  }, {
    "id" : "s1-m2",
    "properties" : {
      "SIRE_MENTION_ROLE" : "ACESSORIOS",
      "SIRE_ENTITY_SUBTYPE" : "NONE",
      "SIRE_MENTION_TYPE" : "NONE",
      "SIRE_MENTION_CLASS" : "SPC"
    },
    "type" : "ACESSORIOS",
    "begin" : 197,
    "end" : 203,
    "inCoref" : false
  }, {
    "id" : "s1-m3",
    "properties" : {
      "SIRE_MENTION_ROLE" : "CONSUMO",
      "SIRE_ENTITY_SUBTYPE" : "NONE",
      "SIRE_MENTION_TYPE" : "NONE",
      "SIRE_MENTION_CLASS" : "SPC"
    },
    "type" : "CONSUMO",
    "begin" : 241,
    "end" : 248,
    "inCoref" : false
  }, {
    "id" : "s2-m1",
    "properties" : {
      "SIRE_MENTION_ROLE" : "ACESSORIOS",
      "SIRE_ENTITY_SUBTYPE" : "NONE",
      "SIRE_MENTION_TYPE" : "NONE",
      "SIRE_MENTION_CLASS" : "SPC"
    },
    "type" : "ACESSORIOS",
    "begin" : 250,
    "end" : 261,
    "inCoref" : false
  } ],
  "relations" : [ {
    "id" : "s0-r1",
    "properties" : { },
    "type" : "de",
    "args" : [ "s0-m4", "s0-m1" ]
  }, {
    "id" : "s0-r2",
    "properties" : { },
    "type" : "de",
    "args" : [ "s0-m2", "s0-m1" ]
  }, {
    "id" : "s0-r3",
    "properties" : { },
    "type" : "de",
    "args" : [ "s0-m3", "s0-m1" ]
  } ],
  "corefs" : [ ],
  "typeResolved" : true,
  "userResolved" : false
}