{
  "id" : "d14dfaa0-f5d1-11ea-946d-e76b3fc26918-46",
  "name" : "train_47_1.txt",
  "createdDate" : 0,
  "version" : 3,
  "text" : "No Fiat 500 O maior problema desse carro na minha opinião é o custo alto das peças originais que são exclusivas. No Fiat 500 as Peças únicas de acabamento do carro você não pode nem pensar em quebrá-las. Para quem busca um carro bonito, econômico e com manutenção barata, será um prazer dirigir o Fiat 500.\r\n",
  "docLength" : 0,
  "language" : "PT",
  "status" : "SUBMITTED",
  "modifiedDate" : 1600012045251,
  "documentSet" : [ ],
  "preannotation" : [ ],
  "sentences" : [ {
    "id" : "s0",
    "begin" : 0,
    "end" : 112,
    "text" : "No Fiat 500 O maior problema desse carro na minha opinião é o custo alto das peças originais que são exclusivas.",
    "tokens" : [ {
      "id" : "s0-t0",
      "begin" : 0,
      "end" : 2,
      "text" : "No",
      "whiteSpace" : false
    }, {
      "id" : "s0-t1",
      "begin" : 3,
      "end" : 7,
      "text" : "Fiat",
      "whiteSpace" : false
    }, {
      "id" : "s0-t2",
      "begin" : 8,
      "end" : 11,
      "text" : "500",
      "whiteSpace" : false
    }, {
      "id" : "s0-t3",
      "begin" : 12,
      "end" : 13,
      "text" : "O",
      "whiteSpace" : false
    }, {
      "id" : "s0-t4",
      "begin" : 14,
      "end" : 19,
      "text" : "maior",
      "whiteSpace" : false
    }, {
      "id" : "s0-t5",
      "begin" : 20,
      "end" : 28,
      "text" : "problema",
      "whiteSpace" : false
    }, {
      "id" : "s0-t6",
      "begin" : 29,
      "end" : 34,
      "text" : "desse",
      "whiteSpace" : false
    }, {
      "id" : "s0-t7",
      "begin" : 35,
      "end" : 40,
      "text" : "carro",
      "whiteSpace" : false
    }, {
      "id" : "s0-t8",
      "begin" : 41,
      "end" : 43,
      "text" : "na",
      "whiteSpace" : false
    }, {
      "id" : "s0-t9",
      "begin" : 44,
      "end" : 49,
      "text" : "minha",
      "whiteSpace" : false
    }, {
      "id" : "s0-t10",
      "begin" : 50,
      "end" : 57,
      "text" : "opinião",
      "whiteSpace" : false
    }, {
      "id" : "s0-t11",
      "begin" : 58,
      "end" : 59,
      "text" : "é",
      "whiteSpace" : false
    }, {
      "id" : "s0-t12",
      "begin" : 60,
      "end" : 61,
      "text" : "o",
      "whiteSpace" : false
    }, {
      "id" : "s0-t13",
      "begin" : 62,
      "end" : 67,
      "text" : "custo",
      "whiteSpace" : false
    }, {
      "id" : "s0-t14",
      "begin" : 68,
      "end" : 72,
      "text" : "alto",
      "whiteSpace" : false
    }, {
      "id" : "s0-t15",
      "begin" : 73,
      "end" : 76,
      "text" : "das",
      "whiteSpace" : false
    }, {
      "id" : "s0-t16",
      "begin" : 77,
      "end" : 82,
      "text" : "peças",
      "whiteSpace" : false
    }, {
      "id" : "s0-t17",
      "begin" : 83,
      "end" : 92,
      "text" : "originais",
      "whiteSpace" : false
    }, {
      "id" : "s0-t18",
      "begin" : 93,
      "end" : 96,
      "text" : "que",
      "whiteSpace" : false
    }, {
      "id" : "s0-t19",
      "begin" : 97,
      "end" : 100,
      "text" : "são",
      "whiteSpace" : false
    }, {
      "id" : "s0-t20",
      "begin" : 101,
      "end" : 111,
      "text" : "exclusivas",
      "whiteSpace" : false
    }, {
      "id" : "s0-t21",
      "begin" : 111,
      "end" : 112,
      "text" : ".",
      "whiteSpace" : false
    } ]
  }, {
    "id" : "s1",
    "begin" : 113,
    "end" : 203,
    "text" : "No Fiat 500 as Peças únicas de acabamento do carro você não pode nem pensar em quebrá-las.",
    "tokens" : [ {
      "id" : "s1-t0",
      "begin" : 113,
      "end" : 115,
      "text" : "No",
      "whiteSpace" : false
    }, {
      "id" : "s1-t1",
      "begin" : 116,
      "end" : 120,
      "text" : "Fiat",
      "whiteSpace" : false
    }, {
      "id" : "s1-t2",
      "begin" : 121,
      "end" : 124,
      "text" : "500",
      "whiteSpace" : false
    }, {
      "id" : "s1-t3",
      "begin" : 125,
      "end" : 127,
      "text" : "as",
      "whiteSpace" : false
    }, {
      "id" : "s1-t4",
      "begin" : 128,
      "end" : 133,
      "text" : "Peças",
      "whiteSpace" : false
    }, {
      "id" : "s1-t5",
      "begin" : 134,
      "end" : 140,
      "text" : "únicas",
      "whiteSpace" : false
    }, {
      "id" : "s1-t6",
      "begin" : 141,
      "end" : 143,
      "text" : "de",
      "whiteSpace" : false
    }, {
      "id" : "s1-t7",
      "begin" : 144,
      "end" : 154,
      "text" : "acabamento",
      "whiteSpace" : false
    }, {
      "id" : "s1-t8",
      "begin" : 155,
      "end" : 157,
      "text" : "do",
      "whiteSpace" : false
    }, {
      "id" : "s1-t9",
      "begin" : 158,
      "end" : 163,
      "text" : "carro",
      "whiteSpace" : false
    }, {
      "id" : "s1-t10",
      "begin" : 164,
      "end" : 168,
      "text" : "você",
      "whiteSpace" : false
    }, {
      "id" : "s1-t11",
      "begin" : 169,
      "end" : 172,
      "text" : "não",
      "whiteSpace" : false
    }, {
      "id" : "s1-t12",
      "begin" : 173,
      "end" : 177,
      "text" : "pode",
      "whiteSpace" : false
    }, {
      "id" : "s1-t13",
      "begin" : 178,
      "end" : 181,
      "text" : "nem",
      "whiteSpace" : false
    }, {
      "id" : "s1-t14",
      "begin" : 182,
      "end" : 188,
      "text" : "pensar",
      "whiteSpace" : false
    }, {
      "id" : "s1-t15",
      "begin" : 189,
      "end" : 191,
      "text" : "em",
      "whiteSpace" : false
    }, {
      "id" : "s1-t16",
      "begin" : 192,
      "end" : 202,
      "text" : "quebrá-las",
      "whiteSpace" : false
    }, {
      "id" : "s1-t17",
      "begin" : 202,
      "end" : 203,
      "text" : ".",
      "whiteSpace" : false
    } ]
  }, {
    "id" : "s2",
    "begin" : 204,
    "end" : 306,
    "text" : "Para quem busca um carro bonito, econômico e com manutenção barata, será um prazer dirigir o Fiat 500.",
    "tokens" : [ {
      "id" : "s2-t0",
      "begin" : 204,
      "end" : 208,
      "text" : "Para",
      "whiteSpace" : false
    }, {
      "id" : "s2-t1",
      "begin" : 209,
      "end" : 213,
      "text" : "quem",
      "whiteSpace" : false
    }, {
      "id" : "s2-t2",
      "begin" : 214,
      "end" : 219,
      "text" : "busca",
      "whiteSpace" : false
    }, {
      "id" : "s2-t3",
      "begin" : 220,
      "end" : 222,
      "text" : "um",
      "whiteSpace" : false
    }, {
      "id" : "s2-t4",
      "begin" : 223,
      "end" : 228,
      "text" : "carro",
      "whiteSpace" : false
    }, {
      "id" : "s2-t5",
      "begin" : 229,
      "end" : 235,
      "text" : "bonito",
      "whiteSpace" : false
    }, {
      "id" : "s2-t6",
      "begin" : 235,
      "end" : 236,
      "text" : ",",
      "whiteSpace" : false
    }, {
      "id" : "s2-t7",
      "begin" : 237,
      "end" : 246,
      "text" : "econômico",
      "whiteSpace" : false
    }, {
      "id" : "s2-t8",
      "begin" : 247,
      "end" : 248,
      "text" : "e",
      "whiteSpace" : false
    }, {
      "id" : "s2-t9",
      "begin" : 249,
      "end" : 252,
      "text" : "com",
      "whiteSpace" : false
    }, {
      "id" : "s2-t10",
      "begin" : 253,
      "end" : 263,
      "text" : "manutenção",
      "whiteSpace" : false
    }, {
      "id" : "s2-t11",
      "begin" : 264,
      "end" : 270,
      "text" : "barata",
      "whiteSpace" : false
    }, {
      "id" : "s2-t12",
      "begin" : 270,
      "end" : 271,
      "text" : ",",
      "whiteSpace" : false
    }, {
      "id" : "s2-t13",
      "begin" : 272,
      "end" : 276,
      "text" : "será",
      "whiteSpace" : false
    }, {
      "id" : "s2-t14",
      "begin" : 277,
      "end" : 279,
      "text" : "um",
      "whiteSpace" : false
    }, {
      "id" : "s2-t15",
      "begin" : 280,
      "end" : 286,
      "text" : "prazer",
      "whiteSpace" : false
    }, {
      "id" : "s2-t16",
      "begin" : 287,
      "end" : 294,
      "text" : "dirigir",
      "whiteSpace" : false
    }, {
      "id" : "s2-t17",
      "begin" : 295,
      "end" : 296,
      "text" : "o",
      "whiteSpace" : false
    }, {
      "id" : "s2-t18",
      "begin" : 297,
      "end" : 301,
      "text" : "Fiat",
      "whiteSpace" : false
    }, {
      "id" : "s2-t19",
      "begin" : 302,
      "end" : 305,
      "text" : "500",
      "whiteSpace" : false
    }, {
      "id" : "s2-t20",
      "begin" : 305,
      "end" : 306,
      "text" : ".",
      "whiteSpace" : false
    } ]
  } ],
  "mentions" : [ {
    "id" : "s0-m1",
    "properties" : {
      "SIRE_MENTION_ROLE" : "MODELO",
      "SIRE_ENTITY_SUBTYPE" : "NONE",
      "SIRE_MENTION_TYPE" : "NONE",
      "SIRE_MENTION_CLASS" : "SPC"
    },
    "type" : "MODELO",
    "begin" : 3,
    "end" : 11,
    "inCoref" : false
  }, {
    "id" : "s0-m2",
    "properties" : {
      "SIRE_MENTION_ROLE" : "MANUTENCAO",
      "SIRE_ENTITY_SUBTYPE" : "NONE",
      "SIRE_MENTION_TYPE" : "NONE",
      "SIRE_MENTION_CLASS" : "SPC"
    },
    "type" : "MANUTENCAO",
    "begin" : 77,
    "end" : 82,
    "inCoref" : false
  }, {
    "id" : "s1-m1",
    "properties" : {
      "SIRE_MENTION_ROLE" : "MODELO",
      "SIRE_ENTITY_SUBTYPE" : "NONE",
      "SIRE_MENTION_TYPE" : "NONE",
      "SIRE_MENTION_CLASS" : "SPC"
    },
    "type" : "MODELO",
    "begin" : 116,
    "end" : 124,
    "inCoref" : false
  }, {
    "id" : "s1-m2",
    "properties" : {
      "SIRE_MENTION_ROLE" : "MANUTENCAO",
      "SIRE_ENTITY_SUBTYPE" : "NONE",
      "SIRE_MENTION_TYPE" : "NONE",
      "SIRE_MENTION_CLASS" : "SPC"
    },
    "type" : "MANUTENCAO",
    "begin" : 128,
    "end" : 133,
    "inCoref" : false
  }, {
    "id" : "s2-m2",
    "properties" : {
      "SIRE_MENTION_ROLE" : "DESIGN",
      "SIRE_ENTITY_SUBTYPE" : "NONE",
      "SIRE_MENTION_TYPE" : "NONE",
      "SIRE_MENTION_CLASS" : "SPC"
    },
    "type" : "DESIGN",
    "begin" : 229,
    "end" : 235,
    "inCoref" : false
  }, {
    "id" : "s2-m3",
    "properties" : {
      "SIRE_MENTION_ROLE" : "CONSUMO",
      "SIRE_ENTITY_SUBTYPE" : "NONE",
      "SIRE_MENTION_TYPE" : "NONE",
      "SIRE_MENTION_CLASS" : "SPC"
    },
    "type" : "CONSUMO",
    "begin" : 237,
    "end" : 246,
    "inCoref" : false
  }, {
    "id" : "s2-m4",
    "properties" : {
      "SIRE_MENTION_ROLE" : "MANUTENCAO",
      "SIRE_ENTITY_SUBTYPE" : "NONE",
      "SIRE_MENTION_TYPE" : "NONE",
      "SIRE_MENTION_CLASS" : "SPC"
    },
    "type" : "MANUTENCAO",
    "begin" : 253,
    "end" : 263,
    "inCoref" : false
  }, {
    "id" : "s2-m1",
    "properties" : {
      "SIRE_MENTION_ROLE" : "MODELO",
      "SIRE_ENTITY_SUBTYPE" : "NONE",
      "SIRE_MENTION_TYPE" : "NONE",
      "SIRE_MENTION_CLASS" : "SPC"
    },
    "type" : "MODELO",
    "begin" : 297,
    "end" : 305,
    "inCoref" : false
  } ],
  "relations" : [ {
    "id" : "s0-r1",
    "properties" : { },
    "type" : "de",
    "args" : [ "s0-m2", "s0-m1" ]
  }, {
    "id" : "s1-r1",
    "properties" : { },
    "type" : "de",
    "args" : [ "s1-m2", "s1-m1" ]
  }, {
    "id" : "s2-r1",
    "properties" : { },
    "type" : "de",
    "args" : [ "s2-m4", "s2-m1" ]
  }, {
    "id" : "s2-r2",
    "properties" : { },
    "type" : "de",
    "args" : [ "s2-m3", "s2-m1" ]
  }, {
    "id" : "s2-r3",
    "properties" : { },
    "type" : "de",
    "args" : [ "s2-m2", "s2-m1" ]
  } ],
  "corefs" : [ ],
  "typeResolved" : true,
  "userResolved" : false
}