{
  "id" : "d14dfaa0-f5d1-11ea-946d-e76b3fc26918-59",
  "name" : "train_60.txt",
  "createdDate" : 0,
  "version" : 3,
  "text" : "O acabamento interno do Cronos é maravilhoso, porém o tecido dos bancos poderia ser melhor. Muito satisfeito com o carro. Ele tem potência e arrancada, além de ser confortável e espaçoso. O fato de ser manual é essencial para reduzir nas ultrapassagens.\r\n",
  "docLength" : 0,
  "language" : "PT",
  "status" : "SUBMITTED",
  "modifiedDate" : 1600012573185,
  "documentSet" : [ ],
  "preannotation" : [ ],
  "sentences" : [ {
    "id" : "s0",
    "begin" : 0,
    "end" : 91,
    "text" : "O acabamento interno do Cronos é maravilhoso, porém o tecido dos bancos poderia ser melhor.",
    "tokens" : [ {
      "id" : "s0-t0",
      "begin" : 0,
      "end" : 1,
      "text" : "O",
      "whiteSpace" : false
    }, {
      "id" : "s0-t1",
      "begin" : 2,
      "end" : 12,
      "text" : "acabamento",
      "whiteSpace" : false
    }, {
      "id" : "s0-t2",
      "begin" : 13,
      "end" : 20,
      "text" : "interno",
      "whiteSpace" : false
    }, {
      "id" : "s0-t3",
      "begin" : 21,
      "end" : 23,
      "text" : "do",
      "whiteSpace" : false
    }, {
      "id" : "s0-t4",
      "begin" : 24,
      "end" : 30,
      "text" : "Cronos",
      "whiteSpace" : false
    }, {
      "id" : "s0-t5",
      "begin" : 31,
      "end" : 32,
      "text" : "é",
      "whiteSpace" : false
    }, {
      "id" : "s0-t6",
      "begin" : 33,
      "end" : 44,
      "text" : "maravilhoso",
      "whiteSpace" : false
    }, {
      "id" : "s0-t7",
      "begin" : 44,
      "end" : 45,
      "text" : ",",
      "whiteSpace" : false
    }, {
      "id" : "s0-t8",
      "begin" : 46,
      "end" : 51,
      "text" : "porém",
      "whiteSpace" : false
    }, {
      "id" : "s0-t9",
      "begin" : 52,
      "end" : 53,
      "text" : "o",
      "whiteSpace" : false
    }, {
      "id" : "s0-t10",
      "begin" : 54,
      "end" : 60,
      "text" : "tecido",
      "whiteSpace" : false
    }, {
      "id" : "s0-t11",
      "begin" : 61,
      "end" : 64,
      "text" : "dos",
      "whiteSpace" : false
    }, {
      "id" : "s0-t12",
      "begin" : 65,
      "end" : 71,
      "text" : "bancos",
      "whiteSpace" : false
    }, {
      "id" : "s0-t13",
      "begin" : 72,
      "end" : 79,
      "text" : "poderia",
      "whiteSpace" : false
    }, {
      "id" : "s0-t14",
      "begin" : 80,
      "end" : 83,
      "text" : "ser",
      "whiteSpace" : false
    }, {
      "id" : "s0-t15",
      "begin" : 84,
      "end" : 90,
      "text" : "melhor",
      "whiteSpace" : false
    }, {
      "id" : "s0-t16",
      "begin" : 90,
      "end" : 91,
      "text" : ".",
      "whiteSpace" : false
    } ]
  }, {
    "id" : "s1",
    "begin" : 92,
    "end" : 121,
    "text" : "Muito satisfeito com o carro.",
    "tokens" : [ {
      "id" : "s1-t0",
      "begin" : 92,
      "end" : 97,
      "text" : "Muito",
      "whiteSpace" : false
    }, {
      "id" : "s1-t1",
      "begin" : 98,
      "end" : 108,
      "text" : "satisfeito",
      "whiteSpace" : false
    }, {
      "id" : "s1-t2",
      "begin" : 109,
      "end" : 112,
      "text" : "com",
      "whiteSpace" : false
    }, {
      "id" : "s1-t3",
      "begin" : 113,
      "end" : 114,
      "text" : "o",
      "whiteSpace" : false
    }, {
      "id" : "s1-t4",
      "begin" : 115,
      "end" : 120,
      "text" : "carro",
      "whiteSpace" : false
    }, {
      "id" : "s1-t5",
      "begin" : 120,
      "end" : 121,
      "text" : ".",
      "whiteSpace" : false
    } ]
  }, {
    "id" : "s2",
    "begin" : 122,
    "end" : 187,
    "text" : "Ele tem potência e arrancada, além de ser confortável e espaçoso.",
    "tokens" : [ {
      "id" : "s2-t0",
      "begin" : 122,
      "end" : 125,
      "text" : "Ele",
      "whiteSpace" : false
    }, {
      "id" : "s2-t1",
      "begin" : 126,
      "end" : 129,
      "text" : "tem",
      "whiteSpace" : false
    }, {
      "id" : "s2-t2",
      "begin" : 130,
      "end" : 138,
      "text" : "potência",
      "whiteSpace" : false
    }, {
      "id" : "s2-t3",
      "begin" : 139,
      "end" : 140,
      "text" : "e",
      "whiteSpace" : false
    }, {
      "id" : "s2-t4",
      "begin" : 141,
      "end" : 150,
      "text" : "arrancada",
      "whiteSpace" : false
    }, {
      "id" : "s2-t5",
      "begin" : 150,
      "end" : 151,
      "text" : ",",
      "whiteSpace" : false
    }, {
      "id" : "s2-t6",
      "begin" : 152,
      "end" : 156,
      "text" : "além",
      "whiteSpace" : false
    }, {
      "id" : "s2-t7",
      "begin" : 157,
      "end" : 159,
      "text" : "de",
      "whiteSpace" : false
    }, {
      "id" : "s2-t8",
      "begin" : 160,
      "end" : 163,
      "text" : "ser",
      "whiteSpace" : false
    }, {
      "id" : "s2-t9",
      "begin" : 164,
      "end" : 175,
      "text" : "confortável",
      "whiteSpace" : false
    }, {
      "id" : "s2-t10",
      "begin" : 176,
      "end" : 177,
      "text" : "e",
      "whiteSpace" : false
    }, {
      "id" : "s2-t11",
      "begin" : 178,
      "end" : 186,
      "text" : "espaçoso",
      "whiteSpace" : false
    }, {
      "id" : "s2-t12",
      "begin" : 186,
      "end" : 187,
      "text" : ".",
      "whiteSpace" : false
    } ]
  }, {
    "id" : "s3",
    "begin" : 188,
    "end" : 253,
    "text" : "O fato de ser manual é essencial para reduzir nas ultrapassagens.",
    "tokens" : [ {
      "id" : "s3-t0",
      "begin" : 188,
      "end" : 189,
      "text" : "O",
      "whiteSpace" : false
    }, {
      "id" : "s3-t1",
      "begin" : 190,
      "end" : 194,
      "text" : "fato",
      "whiteSpace" : false
    }, {
      "id" : "s3-t2",
      "begin" : 195,
      "end" : 197,
      "text" : "de",
      "whiteSpace" : false
    }, {
      "id" : "s3-t3",
      "begin" : 198,
      "end" : 201,
      "text" : "ser",
      "whiteSpace" : false
    }, {
      "id" : "s3-t4",
      "begin" : 202,
      "end" : 208,
      "text" : "manual",
      "whiteSpace" : false
    }, {
      "id" : "s3-t5",
      "begin" : 209,
      "end" : 210,
      "text" : "é",
      "whiteSpace" : false
    }, {
      "id" : "s3-t6",
      "begin" : 211,
      "end" : 220,
      "text" : "essencial",
      "whiteSpace" : false
    }, {
      "id" : "s3-t7",
      "begin" : 221,
      "end" : 225,
      "text" : "para",
      "whiteSpace" : false
    }, {
      "id" : "s3-t8",
      "begin" : 226,
      "end" : 233,
      "text" : "reduzir",
      "whiteSpace" : false
    }, {
      "id" : "s3-t9",
      "begin" : 234,
      "end" : 237,
      "text" : "nas",
      "whiteSpace" : false
    }, {
      "id" : "s3-t10",
      "begin" : 238,
      "end" : 252,
      "text" : "ultrapassagens",
      "whiteSpace" : false
    }, {
      "id" : "s3-t11",
      "begin" : 252,
      "end" : 253,
      "text" : ".",
      "whiteSpace" : false
    } ]
  } ],
  "mentions" : [ {
    "id" : "s0-m1",
    "properties" : {
      "SIRE_MENTION_ROLE" : "MODELO",
      "SIRE_ENTITY_SUBTYPE" : "NONE",
      "SIRE_MENTION_TYPE" : "NONE",
      "SIRE_MENTION_CLASS" : "SPC"
    },
    "type" : "MODELO",
    "begin" : 24,
    "end" : 30,
    "inCoref" : false
  }, {
    "id" : "s0-m2",
    "properties" : {
      "SIRE_MENTION_ROLE" : "CONFORTO",
      "SIRE_ENTITY_SUBTYPE" : "NONE",
      "SIRE_MENTION_TYPE" : "NONE",
      "SIRE_MENTION_CLASS" : "SPC"
    },
    "type" : "CONFORTO",
    "begin" : 65,
    "end" : 71,
    "inCoref" : false
  }, {
    "id" : "s2-m3",
    "properties" : {
      "SIRE_MENTION_ROLE" : "DESEMPENHO",
      "SIRE_ENTITY_SUBTYPE" : "NONE",
      "SIRE_MENTION_TYPE" : "NONE",
      "SIRE_MENTION_CLASS" : "SPC"
    },
    "type" : "DESEMPENHO",
    "begin" : 130,
    "end" : 138,
    "inCoref" : false
  }, {
    "id" : "s2-m2",
    "properties" : {
      "SIRE_MENTION_ROLE" : "DESEMPENHO",
      "SIRE_ENTITY_SUBTYPE" : "NONE",
      "SIRE_MENTION_TYPE" : "NONE",
      "SIRE_MENTION_CLASS" : "SPC"
    },
    "type" : "DESEMPENHO",
    "begin" : 141,
    "end" : 150,
    "inCoref" : false
  }, {
    "id" : "s2-m1",
    "properties" : {
      "SIRE_MENTION_ROLE" : "CONFORTO",
      "SIRE_ENTITY_SUBTYPE" : "NONE",
      "SIRE_MENTION_TYPE" : "NONE",
      "SIRE_MENTION_CLASS" : "SPC"
    },
    "type" : "CONFORTO",
    "begin" : 164,
    "end" : 175,
    "inCoref" : false
  }, {
    "id" : "s3-m1",
    "properties" : {
      "SIRE_MENTION_ROLE" : "ACESSORIOS",
      "SIRE_ENTITY_SUBTYPE" : "NONE",
      "SIRE_MENTION_TYPE" : "NONE",
      "SIRE_MENTION_CLASS" : "SPC"
    },
    "type" : "ACESSORIOS",
    "begin" : 202,
    "end" : 208,
    "inCoref" : false
  } ],
  "relations" : [ {
    "id" : "s0-r1",
    "properties" : { },
    "type" : "de",
    "args" : [ "s0-m2", "s0-m1" ]
  } ],
  "corefs" : [ ],
  "typeResolved" : true,
  "userResolved" : false
}