{
  "id" : "d14dfaa0-f5d1-11ea-946d-e76b3fc26918-54",
  "name" : "train_55.txt",
  "createdDate" : 0,
  "version" : 3,
  "text" : "Esse carro é espetacular. O visual é lindíssimo, com belo acabamento e kit multimídia compatível com Android Auto e Apple Car. Entretanto o consumo deixa a desejar, faço de 7 a 9 km/L na cidade com gasolina.\r\n",
  "docLength" : 0,
  "language" : "PT",
  "status" : "SUBMITTED",
  "modifiedDate" : 1600012388432,
  "documentSet" : [ ],
  "preannotation" : [ ],
  "sentences" : [ {
    "id" : "s0",
    "begin" : 0,
    "end" : 25,
    "text" : "Esse carro é espetacular.",
    "tokens" : [ {
      "id" : "s0-t0",
      "begin" : 0,
      "end" : 4,
      "text" : "Esse",
      "whiteSpace" : false
    }, {
      "id" : "s0-t1",
      "begin" : 5,
      "end" : 10,
      "text" : "carro",
      "whiteSpace" : false
    }, {
      "id" : "s0-t2",
      "begin" : 11,
      "end" : 12,
      "text" : "é",
      "whiteSpace" : false
    }, {
      "id" : "s0-t3",
      "begin" : 13,
      "end" : 24,
      "text" : "espetacular",
      "whiteSpace" : false
    }, {
      "id" : "s0-t4",
      "begin" : 24,
      "end" : 25,
      "text" : ".",
      "whiteSpace" : false
    } ]
  }, {
    "id" : "s1",
    "begin" : 26,
    "end" : 126,
    "text" : "O visual é lindíssimo, com belo acabamento e kit multimídia compatível com Android Auto e Apple Car.",
    "tokens" : [ {
      "id" : "s1-t0",
      "begin" : 26,
      "end" : 27,
      "text" : "O",
      "whiteSpace" : false
    }, {
      "id" : "s1-t1",
      "begin" : 28,
      "end" : 34,
      "text" : "visual",
      "whiteSpace" : false
    }, {
      "id" : "s1-t2",
      "begin" : 35,
      "end" : 36,
      "text" : "é",
      "whiteSpace" : false
    }, {
      "id" : "s1-t3",
      "begin" : 37,
      "end" : 47,
      "text" : "lindíssimo",
      "whiteSpace" : false
    }, {
      "id" : "s1-t4",
      "begin" : 47,
      "end" : 48,
      "text" : ",",
      "whiteSpace" : false
    }, {
      "id" : "s1-t5",
      "begin" : 49,
      "end" : 52,
      "text" : "com",
      "whiteSpace" : false
    }, {
      "id" : "s1-t6",
      "begin" : 53,
      "end" : 57,
      "text" : "belo",
      "whiteSpace" : false
    }, {
      "id" : "s1-t7",
      "begin" : 58,
      "end" : 68,
      "text" : "acabamento",
      "whiteSpace" : false
    }, {
      "id" : "s1-t8",
      "begin" : 69,
      "end" : 70,
      "text" : "e",
      "whiteSpace" : false
    }, {
      "id" : "s1-t9",
      "begin" : 71,
      "end" : 74,
      "text" : "kit",
      "whiteSpace" : false
    }, {
      "id" : "s1-t10",
      "begin" : 75,
      "end" : 85,
      "text" : "multimídia",
      "whiteSpace" : false
    }, {
      "id" : "s1-t11",
      "begin" : 86,
      "end" : 96,
      "text" : "compatível",
      "whiteSpace" : false
    }, {
      "id" : "s1-t12",
      "begin" : 97,
      "end" : 100,
      "text" : "com",
      "whiteSpace" : false
    }, {
      "id" : "s1-t13",
      "begin" : 101,
      "end" : 108,
      "text" : "Android",
      "whiteSpace" : false
    }, {
      "id" : "s1-t14",
      "begin" : 109,
      "end" : 113,
      "text" : "Auto",
      "whiteSpace" : false
    }, {
      "id" : "s1-t15",
      "begin" : 114,
      "end" : 115,
      "text" : "e",
      "whiteSpace" : false
    }, {
      "id" : "s1-t16",
      "begin" : 116,
      "end" : 121,
      "text" : "Apple",
      "whiteSpace" : false
    }, {
      "id" : "s1-t17",
      "begin" : 122,
      "end" : 125,
      "text" : "Car",
      "whiteSpace" : false
    }, {
      "id" : "s1-t18",
      "begin" : 125,
      "end" : 126,
      "text" : ".",
      "whiteSpace" : false
    } ]
  }, {
    "id" : "s2",
    "begin" : 127,
    "end" : 207,
    "text" : "Entretanto o consumo deixa a desejar, faço de 7 a 9 km/L na cidade com gasolina.",
    "tokens" : [ {
      "id" : "s2-t0",
      "begin" : 127,
      "end" : 137,
      "text" : "Entretanto",
      "whiteSpace" : false
    }, {
      "id" : "s2-t1",
      "begin" : 138,
      "end" : 139,
      "text" : "o",
      "whiteSpace" : false
    }, {
      "id" : "s2-t2",
      "begin" : 140,
      "end" : 147,
      "text" : "consumo",
      "whiteSpace" : false
    }, {
      "id" : "s2-t3",
      "begin" : 148,
      "end" : 153,
      "text" : "deixa",
      "whiteSpace" : false
    }, {
      "id" : "s2-t4",
      "begin" : 154,
      "end" : 155,
      "text" : "a",
      "whiteSpace" : false
    }, {
      "id" : "s2-t5",
      "begin" : 156,
      "end" : 163,
      "text" : "desejar",
      "whiteSpace" : false
    }, {
      "id" : "s2-t6",
      "begin" : 163,
      "end" : 164,
      "text" : ",",
      "whiteSpace" : false
    }, {
      "id" : "s2-t7",
      "begin" : 165,
      "end" : 169,
      "text" : "faço",
      "whiteSpace" : false
    }, {
      "id" : "s2-t8",
      "begin" : 170,
      "end" : 172,
      "text" : "de",
      "whiteSpace" : false
    }, {
      "id" : "s2-t9",
      "begin" : 173,
      "end" : 174,
      "text" : "7",
      "whiteSpace" : false
    }, {
      "id" : "s2-t10",
      "begin" : 175,
      "end" : 176,
      "text" : "a",
      "whiteSpace" : false
    }, {
      "id" : "s2-t11",
      "begin" : 177,
      "end" : 178,
      "text" : "9",
      "whiteSpace" : false
    }, {
      "id" : "s2-t12",
      "begin" : 179,
      "end" : 183,
      "text" : "km/L",
      "whiteSpace" : false
    }, {
      "id" : "s2-t13",
      "begin" : 184,
      "end" : 186,
      "text" : "na",
      "whiteSpace" : false
    }, {
      "id" : "s2-t14",
      "begin" : 187,
      "end" : 193,
      "text" : "cidade",
      "whiteSpace" : false
    }, {
      "id" : "s2-t15",
      "begin" : 194,
      "end" : 197,
      "text" : "com",
      "whiteSpace" : false
    }, {
      "id" : "s2-t16",
      "begin" : 198,
      "end" : 206,
      "text" : "gasolina",
      "whiteSpace" : false
    }, {
      "id" : "s2-t17",
      "begin" : 206,
      "end" : 207,
      "text" : ".",
      "whiteSpace" : false
    } ]
  } ],
  "mentions" : [ {
    "id" : "s1-m1",
    "properties" : {
      "SIRE_MENTION_ROLE" : "ACESSORIOS",
      "SIRE_ENTITY_SUBTYPE" : "NONE",
      "SIRE_MENTION_TYPE" : "NONE",
      "SIRE_MENTION_CLASS" : "SPC"
    },
    "type" : "ACESSORIOS",
    "begin" : 101,
    "end" : 113,
    "inCoref" : false
  }, {
    "id" : "s1-m2",
    "properties" : {
      "SIRE_MENTION_ROLE" : "ACESSORIOS",
      "SIRE_ENTITY_SUBTYPE" : "NONE",
      "SIRE_MENTION_TYPE" : "NONE",
      "SIRE_MENTION_CLASS" : "SPC"
    },
    "type" : "ACESSORIOS",
    "begin" : 116,
    "end" : 125,
    "inCoref" : false
  }, {
    "id" : "s2-m1",
    "properties" : {
      "SIRE_MENTION_ROLE" : "CONSUMO",
      "SIRE_ENTITY_SUBTYPE" : "NONE",
      "SIRE_MENTION_TYPE" : "NONE",
      "SIRE_MENTION_CLASS" : "SPC"
    },
    "type" : "CONSUMO",
    "begin" : 140,
    "end" : 147,
    "inCoref" : false
  }, {
    "id" : "s2-m2",
    "properties" : {
      "SIRE_MENTION_ROLE" : "CONSUMO",
      "SIRE_ENTITY_SUBTYPE" : "NONE",
      "SIRE_MENTION_TYPE" : "NONE",
      "SIRE_MENTION_CLASS" : "SPC"
    },
    "type" : "CONSUMO",
    "begin" : 173,
    "end" : 183,
    "inCoref" : false
  } ],
  "relations" : [ ],
  "corefs" : [ ],
  "typeResolved" : true,
  "userResolved" : false
}