{
  "id" : "d14dfaa0-f5d1-11ea-946d-e76b3fc26918-41",
  "name" : "train_42.txt",
  "createdDate" : 0,
  "version" : 3,
  "text" : "Marea é um puro sangue italiano, premiado na Europa diversas vezes. Se você gosta de andar rápido e nem sentir a subida de uma serra, compre um Marea.\r\n",
  "docLength" : 0,
  "language" : "PT",
  "status" : "SUBMITTED",
  "modifiedDate" : 1600011662609,
  "documentSet" : [ ],
  "preannotation" : [ ],
  "sentences" : [ {
    "id" : "s0",
    "begin" : 0,
    "end" : 67,
    "text" : "Marea é um puro sangue italiano, premiado na Europa diversas vezes.",
    "tokens" : [ {
      "id" : "s0-t0",
      "begin" : 0,
      "end" : 5,
      "text" : "Marea",
      "whiteSpace" : false
    }, {
      "id" : "s0-t1",
      "begin" : 6,
      "end" : 7,
      "text" : "é",
      "whiteSpace" : false
    }, {
      "id" : "s0-t2",
      "begin" : 8,
      "end" : 10,
      "text" : "um",
      "whiteSpace" : false
    }, {
      "id" : "s0-t3",
      "begin" : 11,
      "end" : 15,
      "text" : "puro",
      "whiteSpace" : false
    }, {
      "id" : "s0-t4",
      "begin" : 16,
      "end" : 22,
      "text" : "sangue",
      "whiteSpace" : false
    }, {
      "id" : "s0-t5",
      "begin" : 23,
      "end" : 31,
      "text" : "italiano",
      "whiteSpace" : false
    }, {
      "id" : "s0-t6",
      "begin" : 31,
      "end" : 32,
      "text" : ",",
      "whiteSpace" : false
    }, {
      "id" : "s0-t7",
      "begin" : 33,
      "end" : 41,
      "text" : "premiado",
      "whiteSpace" : false
    }, {
      "id" : "s0-t8",
      "begin" : 42,
      "end" : 44,
      "text" : "na",
      "whiteSpace" : false
    }, {
      "id" : "s0-t9",
      "begin" : 45,
      "end" : 51,
      "text" : "Europa",
      "whiteSpace" : false
    }, {
      "id" : "s0-t10",
      "begin" : 52,
      "end" : 60,
      "text" : "diversas",
      "whiteSpace" : false
    }, {
      "id" : "s0-t11",
      "begin" : 61,
      "end" : 66,
      "text" : "vezes",
      "whiteSpace" : false
    }, {
      "id" : "s0-t12",
      "begin" : 66,
      "end" : 67,
      "text" : ".",
      "whiteSpace" : false
    } ]
  }, {
    "id" : "s1",
    "begin" : 68,
    "end" : 150,
    "text" : "Se você gosta de andar rápido e nem sentir a subida de uma serra, compre um Marea.",
    "tokens" : [ {
      "id" : "s1-t0",
      "begin" : 68,
      "end" : 70,
      "text" : "Se",
      "whiteSpace" : false
    }, {
      "id" : "s1-t1",
      "begin" : 71,
      "end" : 75,
      "text" : "você",
      "whiteSpace" : false
    }, {
      "id" : "s1-t2",
      "begin" : 76,
      "end" : 81,
      "text" : "gosta",
      "whiteSpace" : false
    }, {
      "id" : "s1-t3",
      "begin" : 82,
      "end" : 84,
      "text" : "de",
      "whiteSpace" : false
    }, {
      "id" : "s1-t4",
      "begin" : 85,
      "end" : 90,
      "text" : "andar",
      "whiteSpace" : false
    }, {
      "id" : "s1-t5",
      "begin" : 91,
      "end" : 97,
      "text" : "rápido",
      "whiteSpace" : false
    }, {
      "id" : "s1-t6",
      "begin" : 98,
      "end" : 99,
      "text" : "e",
      "whiteSpace" : false
    }, {
      "id" : "s1-t7",
      "begin" : 100,
      "end" : 103,
      "text" : "nem",
      "whiteSpace" : false
    }, {
      "id" : "s1-t8",
      "begin" : 104,
      "end" : 110,
      "text" : "sentir",
      "whiteSpace" : false
    }, {
      "id" : "s1-t9",
      "begin" : 111,
      "end" : 112,
      "text" : "a",
      "whiteSpace" : false
    }, {
      "id" : "s1-t10",
      "begin" : 113,
      "end" : 119,
      "text" : "subida",
      "whiteSpace" : false
    }, {
      "id" : "s1-t11",
      "begin" : 120,
      "end" : 122,
      "text" : "de",
      "whiteSpace" : false
    }, {
      "id" : "s1-t12",
      "begin" : 123,
      "end" : 126,
      "text" : "uma",
      "whiteSpace" : false
    }, {
      "id" : "s1-t13",
      "begin" : 127,
      "end" : 132,
      "text" : "serra",
      "whiteSpace" : false
    }, {
      "id" : "s1-t14",
      "begin" : 132,
      "end" : 133,
      "text" : ",",
      "whiteSpace" : false
    }, {
      "id" : "s1-t15",
      "begin" : 134,
      "end" : 140,
      "text" : "compre",
      "whiteSpace" : false
    }, {
      "id" : "s1-t16",
      "begin" : 141,
      "end" : 143,
      "text" : "um",
      "whiteSpace" : false
    }, {
      "id" : "s1-t17",
      "begin" : 144,
      "end" : 149,
      "text" : "Marea",
      "whiteSpace" : false
    }, {
      "id" : "s1-t18",
      "begin" : 149,
      "end" : 150,
      "text" : ".",
      "whiteSpace" : false
    } ]
  } ],
  "mentions" : [ {
    "id" : "s0-m1",
    "properties" : {
      "SIRE_MENTION_ROLE" : "MODELO",
      "SIRE_ENTITY_SUBTYPE" : "NONE",
      "SIRE_MENTION_TYPE" : "NONE",
      "SIRE_MENTION_CLASS" : "SPC"
    },
    "type" : "MODELO",
    "begin" : 0,
    "end" : 5,
    "inCoref" : false
  }, {
    "id" : "s1-m1",
    "properties" : {
      "SIRE_MENTION_ROLE" : "MODELO",
      "SIRE_ENTITY_SUBTYPE" : "NONE",
      "SIRE_MENTION_TYPE" : "NONE",
      "SIRE_MENTION_CLASS" : "SPC"
    },
    "type" : "MODELO",
    "begin" : 144,
    "end" : 149,
    "inCoref" : false
  } ],
  "relations" : [ ],
  "corefs" : [ ],
  "typeResolved" : true,
  "userResolved" : false
}