{
  "id" : "d14dfaa0-f5d1-11ea-946d-e76b3fc26918-52",
  "name" : "train_53_1.txt",
  "createdDate" : 0,
  "version" : 3,
  "text" : "Apesar do tamanho reduzido e do porta-malas minúsculo, o Fiat 500 é confortável. O Fiat 500 é Gostoso de dirigir, o carro possui visibilidade excelente e um painel muito estiloso. No Fiat 500 O câmbio de marchas fica em uma ótima posição e tudo está ao alcance das mãos. O Fiat 500 é charmoso pois chama a atenção por onde passa.\r\n",
  "docLength" : 0,
  "language" : "PT",
  "status" : "SUBMITTED",
  "modifiedDate" : 1600012349389,
  "documentSet" : [ ],
  "preannotation" : [ ],
  "sentences" : [ {
    "id" : "s0",
    "begin" : 0,
    "end" : 80,
    "text" : "Apesar do tamanho reduzido e do porta-malas minúsculo, o Fiat 500 é confortável.",
    "tokens" : [ {
      "id" : "s0-t0",
      "begin" : 0,
      "end" : 6,
      "text" : "Apesar",
      "whiteSpace" : false
    }, {
      "id" : "s0-t1",
      "begin" : 7,
      "end" : 9,
      "text" : "do",
      "whiteSpace" : false
    }, {
      "id" : "s0-t2",
      "begin" : 10,
      "end" : 17,
      "text" : "tamanho",
      "whiteSpace" : false
    }, {
      "id" : "s0-t3",
      "begin" : 18,
      "end" : 26,
      "text" : "reduzido",
      "whiteSpace" : false
    }, {
      "id" : "s0-t4",
      "begin" : 27,
      "end" : 28,
      "text" : "e",
      "whiteSpace" : false
    }, {
      "id" : "s0-t5",
      "begin" : 29,
      "end" : 31,
      "text" : "do",
      "whiteSpace" : false
    }, {
      "id" : "s0-t6",
      "begin" : 32,
      "end" : 43,
      "text" : "porta-malas",
      "whiteSpace" : false
    }, {
      "id" : "s0-t7",
      "begin" : 44,
      "end" : 53,
      "text" : "minúsculo",
      "whiteSpace" : false
    }, {
      "id" : "s0-t8",
      "begin" : 53,
      "end" : 54,
      "text" : ",",
      "whiteSpace" : false
    }, {
      "id" : "s0-t9",
      "begin" : 55,
      "end" : 56,
      "text" : "o",
      "whiteSpace" : false
    }, {
      "id" : "s0-t10",
      "begin" : 57,
      "end" : 61,
      "text" : "Fiat",
      "whiteSpace" : false
    }, {
      "id" : "s0-t11",
      "begin" : 62,
      "end" : 65,
      "text" : "500",
      "whiteSpace" : false
    }, {
      "id" : "s0-t12",
      "begin" : 66,
      "end" : 67,
      "text" : "é",
      "whiteSpace" : false
    }, {
      "id" : "s0-t13",
      "begin" : 68,
      "end" : 79,
      "text" : "confortável",
      "whiteSpace" : false
    }, {
      "id" : "s0-t14",
      "begin" : 79,
      "end" : 80,
      "text" : ".",
      "whiteSpace" : false
    } ]
  }, {
    "id" : "s1",
    "begin" : 81,
    "end" : 179,
    "text" : "O Fiat 500 é Gostoso de dirigir, o carro possui visibilidade excelente e um painel muito estiloso.",
    "tokens" : [ {
      "id" : "s1-t0",
      "begin" : 81,
      "end" : 82,
      "text" : "O",
      "whiteSpace" : false
    }, {
      "id" : "s1-t1",
      "begin" : 83,
      "end" : 87,
      "text" : "Fiat",
      "whiteSpace" : false
    }, {
      "id" : "s1-t2",
      "begin" : 88,
      "end" : 91,
      "text" : "500",
      "whiteSpace" : false
    }, {
      "id" : "s1-t3",
      "begin" : 92,
      "end" : 93,
      "text" : "é",
      "whiteSpace" : false
    }, {
      "id" : "s1-t4",
      "begin" : 94,
      "end" : 101,
      "text" : "Gostoso",
      "whiteSpace" : false
    }, {
      "id" : "s1-t5",
      "begin" : 102,
      "end" : 104,
      "text" : "de",
      "whiteSpace" : false
    }, {
      "id" : "s1-t6",
      "begin" : 105,
      "end" : 112,
      "text" : "dirigir",
      "whiteSpace" : false
    }, {
      "id" : "s1-t7",
      "begin" : 112,
      "end" : 113,
      "text" : ",",
      "whiteSpace" : false
    }, {
      "id" : "s1-t8",
      "begin" : 114,
      "end" : 115,
      "text" : "o",
      "whiteSpace" : false
    }, {
      "id" : "s1-t9",
      "begin" : 116,
      "end" : 121,
      "text" : "carro",
      "whiteSpace" : false
    }, {
      "id" : "s1-t10",
      "begin" : 122,
      "end" : 128,
      "text" : "possui",
      "whiteSpace" : false
    }, {
      "id" : "s1-t11",
      "begin" : 129,
      "end" : 141,
      "text" : "visibilidade",
      "whiteSpace" : false
    }, {
      "id" : "s1-t12",
      "begin" : 142,
      "end" : 151,
      "text" : "excelente",
      "whiteSpace" : false
    }, {
      "id" : "s1-t13",
      "begin" : 152,
      "end" : 153,
      "text" : "e",
      "whiteSpace" : false
    }, {
      "id" : "s1-t14",
      "begin" : 154,
      "end" : 156,
      "text" : "um",
      "whiteSpace" : false
    }, {
      "id" : "s1-t15",
      "begin" : 157,
      "end" : 163,
      "text" : "painel",
      "whiteSpace" : false
    }, {
      "id" : "s1-t16",
      "begin" : 164,
      "end" : 169,
      "text" : "muito",
      "whiteSpace" : false
    }, {
      "id" : "s1-t17",
      "begin" : 170,
      "end" : 178,
      "text" : "estiloso",
      "whiteSpace" : false
    }, {
      "id" : "s1-t18",
      "begin" : 178,
      "end" : 179,
      "text" : ".",
      "whiteSpace" : false
    } ]
  }, {
    "id" : "s2",
    "begin" : 180,
    "end" : 270,
    "text" : "No Fiat 500 O câmbio de marchas fica em uma ótima posição e tudo está ao alcance das mãos.",
    "tokens" : [ {
      "id" : "s2-t0",
      "begin" : 180,
      "end" : 182,
      "text" : "No",
      "whiteSpace" : false
    }, {
      "id" : "s2-t1",
      "begin" : 183,
      "end" : 187,
      "text" : "Fiat",
      "whiteSpace" : false
    }, {
      "id" : "s2-t2",
      "begin" : 188,
      "end" : 191,
      "text" : "500",
      "whiteSpace" : false
    }, {
      "id" : "s2-t3",
      "begin" : 192,
      "end" : 193,
      "text" : "O",
      "whiteSpace" : false
    }, {
      "id" : "s2-t4",
      "begin" : 194,
      "end" : 200,
      "text" : "câmbio",
      "whiteSpace" : false
    }, {
      "id" : "s2-t5",
      "begin" : 201,
      "end" : 203,
      "text" : "de",
      "whiteSpace" : false
    }, {
      "id" : "s2-t6",
      "begin" : 204,
      "end" : 211,
      "text" : "marchas",
      "whiteSpace" : false
    }, {
      "id" : "s2-t7",
      "begin" : 212,
      "end" : 216,
      "text" : "fica",
      "whiteSpace" : false
    }, {
      "id" : "s2-t8",
      "begin" : 217,
      "end" : 219,
      "text" : "em",
      "whiteSpace" : false
    }, {
      "id" : "s2-t9",
      "begin" : 220,
      "end" : 223,
      "text" : "uma",
      "whiteSpace" : false
    }, {
      "id" : "s2-t10",
      "begin" : 224,
      "end" : 229,
      "text" : "ótima",
      "whiteSpace" : false
    }, {
      "id" : "s2-t11",
      "begin" : 230,
      "end" : 237,
      "text" : "posição",
      "whiteSpace" : false
    }, {
      "id" : "s2-t12",
      "begin" : 238,
      "end" : 239,
      "text" : "e",
      "whiteSpace" : false
    }, {
      "id" : "s2-t13",
      "begin" : 240,
      "end" : 244,
      "text" : "tudo",
      "whiteSpace" : false
    }, {
      "id" : "s2-t14",
      "begin" : 245,
      "end" : 249,
      "text" : "está",
      "whiteSpace" : false
    }, {
      "id" : "s2-t15",
      "begin" : 250,
      "end" : 252,
      "text" : "ao",
      "whiteSpace" : false
    }, {
      "id" : "s2-t16",
      "begin" : 253,
      "end" : 260,
      "text" : "alcance",
      "whiteSpace" : false
    }, {
      "id" : "s2-t17",
      "begin" : 261,
      "end" : 264,
      "text" : "das",
      "whiteSpace" : false
    }, {
      "id" : "s2-t18",
      "begin" : 265,
      "end" : 269,
      "text" : "mãos",
      "whiteSpace" : false
    }, {
      "id" : "s2-t19",
      "begin" : 269,
      "end" : 270,
      "text" : ".",
      "whiteSpace" : false
    } ]
  }, {
    "id" : "s3",
    "begin" : 271,
    "end" : 329,
    "text" : "O Fiat 500 é charmoso pois chama a atenção por onde passa.",
    "tokens" : [ {
      "id" : "s3-t0",
      "begin" : 271,
      "end" : 272,
      "text" : "O",
      "whiteSpace" : false
    }, {
      "id" : "s3-t1",
      "begin" : 273,
      "end" : 277,
      "text" : "Fiat",
      "whiteSpace" : false
    }, {
      "id" : "s3-t2",
      "begin" : 278,
      "end" : 281,
      "text" : "500",
      "whiteSpace" : false
    }, {
      "id" : "s3-t3",
      "begin" : 282,
      "end" : 283,
      "text" : "é",
      "whiteSpace" : false
    }, {
      "id" : "s3-t4",
      "begin" : 284,
      "end" : 292,
      "text" : "charmoso",
      "whiteSpace" : false
    }, {
      "id" : "s3-t5",
      "begin" : 293,
      "end" : 297,
      "text" : "pois",
      "whiteSpace" : false
    }, {
      "id" : "s3-t6",
      "begin" : 298,
      "end" : 303,
      "text" : "chama",
      "whiteSpace" : false
    }, {
      "id" : "s3-t7",
      "begin" : 304,
      "end" : 305,
      "text" : "a",
      "whiteSpace" : false
    }, {
      "id" : "s3-t8",
      "begin" : 306,
      "end" : 313,
      "text" : "atenção",
      "whiteSpace" : false
    }, {
      "id" : "s3-t9",
      "begin" : 314,
      "end" : 317,
      "text" : "por",
      "whiteSpace" : false
    }, {
      "id" : "s3-t10",
      "begin" : 318,
      "end" : 322,
      "text" : "onde",
      "whiteSpace" : false
    }, {
      "id" : "s3-t11",
      "begin" : 323,
      "end" : 328,
      "text" : "passa",
      "whiteSpace" : false
    }, {
      "id" : "s3-t12",
      "begin" : 328,
      "end" : 329,
      "text" : ".",
      "whiteSpace" : false
    } ]
  } ],
  "mentions" : [ {
    "id" : "s0-m3",
    "properties" : {
      "SIRE_MENTION_ROLE" : "ACESSORIOS",
      "SIRE_ENTITY_SUBTYPE" : "NONE",
      "SIRE_MENTION_TYPE" : "NONE",
      "SIRE_MENTION_CLASS" : "SPC"
    },
    "type" : "ACESSORIOS",
    "begin" : 32,
    "end" : 43,
    "inCoref" : false
  }, {
    "id" : "s0-m1",
    "properties" : {
      "SIRE_MENTION_ROLE" : "MODELO",
      "SIRE_ENTITY_SUBTYPE" : "NONE",
      "SIRE_MENTION_TYPE" : "NONE",
      "SIRE_MENTION_CLASS" : "SPC"
    },
    "type" : "MODELO",
    "begin" : 57,
    "end" : 65,
    "inCoref" : false
  }, {
    "id" : "s0-m2",
    "properties" : {
      "SIRE_MENTION_ROLE" : "CONFORTO",
      "SIRE_ENTITY_SUBTYPE" : "NONE",
      "SIRE_MENTION_TYPE" : "NONE",
      "SIRE_MENTION_CLASS" : "SPC"
    },
    "type" : "CONFORTO",
    "begin" : 68,
    "end" : 79,
    "inCoref" : false
  }, {
    "id" : "s1-m1",
    "properties" : {
      "SIRE_MENTION_ROLE" : "MODELO",
      "SIRE_ENTITY_SUBTYPE" : "NONE",
      "SIRE_MENTION_TYPE" : "NONE",
      "SIRE_MENTION_CLASS" : "SPC"
    },
    "type" : "MODELO",
    "begin" : 83,
    "end" : 91,
    "inCoref" : false
  }, {
    "id" : "s1-m2",
    "properties" : {
      "SIRE_MENTION_ROLE" : "DESIGN",
      "SIRE_ENTITY_SUBTYPE" : "NONE",
      "SIRE_MENTION_TYPE" : "NONE",
      "SIRE_MENTION_CLASS" : "SPC"
    },
    "type" : "DESIGN",
    "begin" : 170,
    "end" : 178,
    "inCoref" : false
  }, {
    "id" : "s2-m1",
    "properties" : {
      "SIRE_MENTION_ROLE" : "MODELO",
      "SIRE_ENTITY_SUBTYPE" : "NONE",
      "SIRE_MENTION_TYPE" : "NONE",
      "SIRE_MENTION_CLASS" : "SPC"
    },
    "type" : "MODELO",
    "begin" : 183,
    "end" : 191,
    "inCoref" : false
  }, {
    "id" : "s2-m2",
    "properties" : {
      "SIRE_MENTION_ROLE" : "ACESSORIOS",
      "SIRE_ENTITY_SUBTYPE" : "NONE",
      "SIRE_MENTION_TYPE" : "NONE",
      "SIRE_MENTION_CLASS" : "SPC"
    },
    "type" : "ACESSORIOS",
    "begin" : 194,
    "end" : 200,
    "inCoref" : false
  }, {
    "id" : "s3-m1",
    "properties" : {
      "SIRE_MENTION_ROLE" : "MODELO",
      "SIRE_ENTITY_SUBTYPE" : "NONE",
      "SIRE_MENTION_TYPE" : "NONE",
      "SIRE_MENTION_CLASS" : "SPC"
    },
    "type" : "MODELO",
    "begin" : 273,
    "end" : 281,
    "inCoref" : false
  }, {
    "id" : "s3-m2",
    "properties" : {
      "SIRE_MENTION_ROLE" : "DESIGN",
      "SIRE_ENTITY_SUBTYPE" : "NONE",
      "SIRE_MENTION_TYPE" : "NONE",
      "SIRE_MENTION_CLASS" : "SPC"
    },
    "type" : "DESIGN",
    "begin" : 284,
    "end" : 292,
    "inCoref" : false
  } ],
  "relations" : [ {
    "id" : "s0-r1",
    "properties" : { },
    "type" : "de",
    "args" : [ "s0-m3", "s0-m1" ]
  }, {
    "id" : "s0-r2",
    "properties" : { },
    "type" : "de",
    "args" : [ "s0-m2", "s0-m1" ]
  }, {
    "id" : "s1-r1",
    "properties" : { },
    "type" : "de",
    "args" : [ "s1-m2", "s1-m1" ]
  }, {
    "id" : "s2-r1",
    "properties" : { },
    "type" : "de",
    "args" : [ "s2-m2", "s2-m1" ]
  }, {
    "id" : "s3-r1",
    "properties" : { },
    "type" : "de",
    "args" : [ "s3-m2", "s3-m1" ]
  } ],
  "corefs" : [ ],
  "typeResolved" : true,
  "userResolved" : false
}