{
  "id" : "d14dfaa0-f5d1-11ea-946d-e76b3fc26918-2",
  "name" : "train_2_1.txt",
  "createdDate" : 0,
  "version" : 3,
  "text" : "O Jeep Renegade é o SUV compacto mais vendido do Brasil e está onde está muito em virtude do seu design. O Jeep Renegade apela para linhas mais brutas e retas e a características clássicas dos Jeep do passado, como os faróis redondos e a grade vertical marcante.\r\n",
  "docLength" : 0,
  "language" : "PT",
  "status" : "SUBMITTED",
  "modifiedDate" : 1600011197075,
  "documentSet" : [ ],
  "preannotation" : [ ],
  "sentences" : [ {
    "id" : "s0",
    "begin" : 0,
    "end" : 104,
    "text" : "O Jeep Renegade é o SUV compacto mais vendido do Brasil e está onde está muito em virtude do seu design.",
    "tokens" : [ {
      "id" : "s0-t0",
      "begin" : 0,
      "end" : 1,
      "text" : "O",
      "whiteSpace" : false
    }, {
      "id" : "s0-t1",
      "begin" : 2,
      "end" : 6,
      "text" : "Jeep",
      "whiteSpace" : false
    }, {
      "id" : "s0-t2",
      "begin" : 7,
      "end" : 15,
      "text" : "Renegade",
      "whiteSpace" : false
    }, {
      "id" : "s0-t3",
      "begin" : 16,
      "end" : 17,
      "text" : "é",
      "whiteSpace" : false
    }, {
      "id" : "s0-t4",
      "begin" : 18,
      "end" : 19,
      "text" : "o",
      "whiteSpace" : false
    }, {
      "id" : "s0-t5",
      "begin" : 20,
      "end" : 23,
      "text" : "SUV",
      "whiteSpace" : false
    }, {
      "id" : "s0-t6",
      "begin" : 24,
      "end" : 32,
      "text" : "compacto",
      "whiteSpace" : false
    }, {
      "id" : "s0-t7",
      "begin" : 33,
      "end" : 37,
      "text" : "mais",
      "whiteSpace" : false
    }, {
      "id" : "s0-t8",
      "begin" : 38,
      "end" : 45,
      "text" : "vendido",
      "whiteSpace" : false
    }, {
      "id" : "s0-t9",
      "begin" : 46,
      "end" : 48,
      "text" : "do",
      "whiteSpace" : false
    }, {
      "id" : "s0-t10",
      "begin" : 49,
      "end" : 55,
      "text" : "Brasil",
      "whiteSpace" : false
    }, {
      "id" : "s0-t11",
      "begin" : 56,
      "end" : 57,
      "text" : "e",
      "whiteSpace" : false
    }, {
      "id" : "s0-t12",
      "begin" : 58,
      "end" : 62,
      "text" : "está",
      "whiteSpace" : false
    }, {
      "id" : "s0-t13",
      "begin" : 63,
      "end" : 67,
      "text" : "onde",
      "whiteSpace" : false
    }, {
      "id" : "s0-t14",
      "begin" : 68,
      "end" : 72,
      "text" : "está",
      "whiteSpace" : false
    }, {
      "id" : "s0-t15",
      "begin" : 73,
      "end" : 78,
      "text" : "muito",
      "whiteSpace" : false
    }, {
      "id" : "s0-t16",
      "begin" : 79,
      "end" : 81,
      "text" : "em",
      "whiteSpace" : false
    }, {
      "id" : "s0-t17",
      "begin" : 82,
      "end" : 89,
      "text" : "virtude",
      "whiteSpace" : false
    }, {
      "id" : "s0-t18",
      "begin" : 90,
      "end" : 92,
      "text" : "do",
      "whiteSpace" : false
    }, {
      "id" : "s0-t19",
      "begin" : 93,
      "end" : 96,
      "text" : "seu",
      "whiteSpace" : false
    }, {
      "id" : "s0-t20",
      "begin" : 97,
      "end" : 103,
      "text" : "design",
      "whiteSpace" : false
    }, {
      "id" : "s0-t21",
      "begin" : 103,
      "end" : 104,
      "text" : ".",
      "whiteSpace" : false
    } ]
  }, {
    "id" : "s1",
    "begin" : 105,
    "end" : 262,
    "text" : "O Jeep Renegade apela para linhas mais brutas e retas e a características clássicas dos Jeep do passado, como os faróis redondos e a grade vertical marcante.",
    "tokens" : [ {
      "id" : "s1-t0",
      "begin" : 105,
      "end" : 106,
      "text" : "O",
      "whiteSpace" : false
    }, {
      "id" : "s1-t1",
      "begin" : 107,
      "end" : 111,
      "text" : "Jeep",
      "whiteSpace" : false
    }, {
      "id" : "s1-t2",
      "begin" : 112,
      "end" : 120,
      "text" : "Renegade",
      "whiteSpace" : false
    }, {
      "id" : "s1-t3",
      "begin" : 121,
      "end" : 126,
      "text" : "apela",
      "whiteSpace" : false
    }, {
      "id" : "s1-t4",
      "begin" : 127,
      "end" : 131,
      "text" : "para",
      "whiteSpace" : false
    }, {
      "id" : "s1-t5",
      "begin" : 132,
      "end" : 138,
      "text" : "linhas",
      "whiteSpace" : false
    }, {
      "id" : "s1-t6",
      "begin" : 139,
      "end" : 143,
      "text" : "mais",
      "whiteSpace" : false
    }, {
      "id" : "s1-t7",
      "begin" : 144,
      "end" : 150,
      "text" : "brutas",
      "whiteSpace" : false
    }, {
      "id" : "s1-t8",
      "begin" : 151,
      "end" : 152,
      "text" : "e",
      "whiteSpace" : false
    }, {
      "id" : "s1-t9",
      "begin" : 153,
      "end" : 158,
      "text" : "retas",
      "whiteSpace" : false
    }, {
      "id" : "s1-t10",
      "begin" : 159,
      "end" : 160,
      "text" : "e",
      "whiteSpace" : false
    }, {
      "id" : "s1-t11",
      "begin" : 161,
      "end" : 162,
      "text" : "a",
      "whiteSpace" : false
    }, {
      "id" : "s1-t12",
      "begin" : 163,
      "end" : 178,
      "text" : "características",
      "whiteSpace" : false
    }, {
      "id" : "s1-t13",
      "begin" : 179,
      "end" : 188,
      "text" : "clássicas",
      "whiteSpace" : false
    }, {
      "id" : "s1-t14",
      "begin" : 189,
      "end" : 192,
      "text" : "dos",
      "whiteSpace" : false
    }, {
      "id" : "s1-t15",
      "begin" : 193,
      "end" : 197,
      "text" : "Jeep",
      "whiteSpace" : false
    }, {
      "id" : "s1-t16",
      "begin" : 198,
      "end" : 200,
      "text" : "do",
      "whiteSpace" : false
    }, {
      "id" : "s1-t17",
      "begin" : 201,
      "end" : 208,
      "text" : "passado",
      "whiteSpace" : false
    }, {
      "id" : "s1-t18",
      "begin" : 208,
      "end" : 209,
      "text" : ",",
      "whiteSpace" : false
    }, {
      "id" : "s1-t19",
      "begin" : 210,
      "end" : 214,
      "text" : "como",
      "whiteSpace" : false
    }, {
      "id" : "s1-t20",
      "begin" : 215,
      "end" : 217,
      "text" : "os",
      "whiteSpace" : false
    }, {
      "id" : "s1-t21",
      "begin" : 218,
      "end" : 224,
      "text" : "faróis",
      "whiteSpace" : false
    }, {
      "id" : "s1-t22",
      "begin" : 225,
      "end" : 233,
      "text" : "redondos",
      "whiteSpace" : false
    }, {
      "id" : "s1-t23",
      "begin" : 234,
      "end" : 235,
      "text" : "e",
      "whiteSpace" : false
    }, {
      "id" : "s1-t24",
      "begin" : 236,
      "end" : 237,
      "text" : "a",
      "whiteSpace" : false
    }, {
      "id" : "s1-t25",
      "begin" : 238,
      "end" : 243,
      "text" : "grade",
      "whiteSpace" : false
    }, {
      "id" : "s1-t26",
      "begin" : 244,
      "end" : 252,
      "text" : "vertical",
      "whiteSpace" : false
    }, {
      "id" : "s1-t27",
      "begin" : 253,
      "end" : 261,
      "text" : "marcante",
      "whiteSpace" : false
    }, {
      "id" : "s1-t28",
      "begin" : 261,
      "end" : 262,
      "text" : ".",
      "whiteSpace" : false
    } ]
  } ],
  "mentions" : [ {
    "id" : "s0-m1",
    "properties" : {
      "SIRE_MENTION_ROLE" : "MODELO",
      "SIRE_ENTITY_SUBTYPE" : "NONE",
      "SIRE_MENTION_TYPE" : "NONE",
      "SIRE_MENTION_CLASS" : "SPC"
    },
    "type" : "MODELO",
    "begin" : 7,
    "end" : 15,
    "inCoref" : false
  }, {
    "id" : "s0-m2",
    "properties" : {
      "SIRE_MENTION_ROLE" : "DESIGN",
      "SIRE_ENTITY_SUBTYPE" : "NONE",
      "SIRE_MENTION_TYPE" : "NONE",
      "SIRE_MENTION_CLASS" : "SPC"
    },
    "type" : "DESIGN",
    "begin" : 97,
    "end" : 103,
    "inCoref" : false
  }, {
    "id" : "s1-m1",
    "properties" : {
      "SIRE_MENTION_ROLE" : "MODELO",
      "SIRE_ENTITY_SUBTYPE" : "NONE",
      "SIRE_MENTION_TYPE" : "NONE",
      "SIRE_MENTION_CLASS" : "SPC"
    },
    "type" : "MODELO",
    "begin" : 112,
    "end" : 120,
    "inCoref" : false
  }, {
    "id" : "s1-m2",
    "properties" : {
      "SIRE_MENTION_ROLE" : "ACESSORIOS",
      "SIRE_ENTITY_SUBTYPE" : "NONE",
      "SIRE_MENTION_TYPE" : "NONE",
      "SIRE_MENTION_CLASS" : "SPC"
    },
    "type" : "ACESSORIOS",
    "begin" : 218,
    "end" : 233,
    "inCoref" : false
  }, {
    "id" : "s1-m4",
    "properties" : {
      "SIRE_MENTION_ROLE" : "ACESSORIOS",
      "SIRE_ENTITY_SUBTYPE" : "NONE",
      "SIRE_MENTION_TYPE" : "NONE",
      "SIRE_MENTION_CLASS" : "SPC"
    },
    "type" : "ACESSORIOS",
    "begin" : 238,
    "end" : 243,
    "inCoref" : false
  } ],
  "relations" : [ {
    "id" : "s0-r1",
    "properties" : { },
    "type" : "de",
    "args" : [ "s0-m2", "s0-m1" ]
  }, {
    "id" : "s1-r1",
    "properties" : { },
    "type" : "de",
    "args" : [ "s1-m2", "s1-m1" ]
  }, {
    "id" : "s1-r2",
    "properties" : { },
    "type" : "de",
    "args" : [ "s1-m4", "s1-m1" ]
  } ],
  "corefs" : [ ],
  "typeResolved" : true,
  "userResolved" : false
}