{
  "id" : "d14dfaa0-f5d1-11ea-946d-e76b3fc26918-67",
  "name" : "train_68.txt",
  "createdDate" : 0,
  "version" : 3,
  "text" : "O Cronos é um ótimo carro, macio e confortável de se dirigir. O motor é potente e ele responde rapidamente nas retomadas. É o melhor custo benefício comparado aos outros de série. Os freios são ótimos.\r\n",
  "docLength" : 0,
  "language" : "PT",
  "status" : "SUBMITTED",
  "modifiedDate" : 1600012806795,
  "documentSet" : [ ],
  "preannotation" : [ ],
  "sentences" : [ {
    "id" : "s0",
    "begin" : 0,
    "end" : 61,
    "text" : "O Cronos é um ótimo carro, macio e confortável de se dirigir.",
    "tokens" : [ {
      "id" : "s0-t0",
      "begin" : 0,
      "end" : 1,
      "text" : "O",
      "whiteSpace" : false
    }, {
      "id" : "s0-t1",
      "begin" : 2,
      "end" : 8,
      "text" : "Cronos",
      "whiteSpace" : false
    }, {
      "id" : "s0-t2",
      "begin" : 9,
      "end" : 10,
      "text" : "é",
      "whiteSpace" : false
    }, {
      "id" : "s0-t3",
      "begin" : 11,
      "end" : 13,
      "text" : "um",
      "whiteSpace" : false
    }, {
      "id" : "s0-t4",
      "begin" : 14,
      "end" : 19,
      "text" : "ótimo",
      "whiteSpace" : false
    }, {
      "id" : "s0-t5",
      "begin" : 20,
      "end" : 25,
      "text" : "carro",
      "whiteSpace" : false
    }, {
      "id" : "s0-t6",
      "begin" : 25,
      "end" : 26,
      "text" : ",",
      "whiteSpace" : false
    }, {
      "id" : "s0-t7",
      "begin" : 27,
      "end" : 32,
      "text" : "macio",
      "whiteSpace" : false
    }, {
      "id" : "s0-t8",
      "begin" : 33,
      "end" : 34,
      "text" : "e",
      "whiteSpace" : false
    }, {
      "id" : "s0-t9",
      "begin" : 35,
      "end" : 46,
      "text" : "confortável",
      "whiteSpace" : false
    }, {
      "id" : "s0-t10",
      "begin" : 47,
      "end" : 49,
      "text" : "de",
      "whiteSpace" : false
    }, {
      "id" : "s0-t11",
      "begin" : 50,
      "end" : 52,
      "text" : "se",
      "whiteSpace" : false
    }, {
      "id" : "s0-t12",
      "begin" : 53,
      "end" : 60,
      "text" : "dirigir",
      "whiteSpace" : false
    }, {
      "id" : "s0-t13",
      "begin" : 60,
      "end" : 61,
      "text" : ".",
      "whiteSpace" : false
    } ]
  }, {
    "id" : "s1",
    "begin" : 62,
    "end" : 121,
    "text" : "O motor é potente e ele responde rapidamente nas retomadas.",
    "tokens" : [ {
      "id" : "s1-t0",
      "begin" : 62,
      "end" : 63,
      "text" : "O",
      "whiteSpace" : false
    }, {
      "id" : "s1-t1",
      "begin" : 64,
      "end" : 69,
      "text" : "motor",
      "whiteSpace" : false
    }, {
      "id" : "s1-t2",
      "begin" : 70,
      "end" : 71,
      "text" : "é",
      "whiteSpace" : false
    }, {
      "id" : "s1-t3",
      "begin" : 72,
      "end" : 79,
      "text" : "potente",
      "whiteSpace" : false
    }, {
      "id" : "s1-t4",
      "begin" : 80,
      "end" : 81,
      "text" : "e",
      "whiteSpace" : false
    }, {
      "id" : "s1-t5",
      "begin" : 82,
      "end" : 85,
      "text" : "ele",
      "whiteSpace" : false
    }, {
      "id" : "s1-t6",
      "begin" : 86,
      "end" : 94,
      "text" : "responde",
      "whiteSpace" : false
    }, {
      "id" : "s1-t7",
      "begin" : 95,
      "end" : 106,
      "text" : "rapidamente",
      "whiteSpace" : false
    }, {
      "id" : "s1-t8",
      "begin" : 107,
      "end" : 110,
      "text" : "nas",
      "whiteSpace" : false
    }, {
      "id" : "s1-t9",
      "begin" : 111,
      "end" : 120,
      "text" : "retomadas",
      "whiteSpace" : false
    }, {
      "id" : "s1-t10",
      "begin" : 120,
      "end" : 121,
      "text" : ".",
      "whiteSpace" : false
    } ]
  }, {
    "id" : "s2",
    "begin" : 122,
    "end" : 179,
    "text" : "É o melhor custo benefício comparado aos outros de série.",
    "tokens" : [ {
      "id" : "s2-t0",
      "begin" : 122,
      "end" : 123,
      "text" : "É",
      "whiteSpace" : false
    }, {
      "id" : "s2-t1",
      "begin" : 124,
      "end" : 125,
      "text" : "o",
      "whiteSpace" : false
    }, {
      "id" : "s2-t2",
      "begin" : 126,
      "end" : 132,
      "text" : "melhor",
      "whiteSpace" : false
    }, {
      "id" : "s2-t3",
      "begin" : 133,
      "end" : 138,
      "text" : "custo",
      "whiteSpace" : false
    }, {
      "id" : "s2-t4",
      "begin" : 139,
      "end" : 148,
      "text" : "benefício",
      "whiteSpace" : false
    }, {
      "id" : "s2-t5",
      "begin" : 149,
      "end" : 158,
      "text" : "comparado",
      "whiteSpace" : false
    }, {
      "id" : "s2-t6",
      "begin" : 159,
      "end" : 162,
      "text" : "aos",
      "whiteSpace" : false
    }, {
      "id" : "s2-t7",
      "begin" : 163,
      "end" : 169,
      "text" : "outros",
      "whiteSpace" : false
    }, {
      "id" : "s2-t8",
      "begin" : 170,
      "end" : 172,
      "text" : "de",
      "whiteSpace" : false
    }, {
      "id" : "s2-t9",
      "begin" : 173,
      "end" : 178,
      "text" : "série",
      "whiteSpace" : false
    }, {
      "id" : "s2-t10",
      "begin" : 178,
      "end" : 179,
      "text" : ".",
      "whiteSpace" : false
    } ]
  }, {
    "id" : "s3",
    "begin" : 180,
    "end" : 201,
    "text" : "Os freios são ótimos.",
    "tokens" : [ {
      "id" : "s3-t0",
      "begin" : 180,
      "end" : 182,
      "text" : "Os",
      "whiteSpace" : false
    }, {
      "id" : "s3-t1",
      "begin" : 183,
      "end" : 189,
      "text" : "freios",
      "whiteSpace" : false
    }, {
      "id" : "s3-t2",
      "begin" : 190,
      "end" : 193,
      "text" : "são",
      "whiteSpace" : false
    }, {
      "id" : "s3-t3",
      "begin" : 194,
      "end" : 200,
      "text" : "ótimos",
      "whiteSpace" : false
    }, {
      "id" : "s3-t4",
      "begin" : 200,
      "end" : 201,
      "text" : ".",
      "whiteSpace" : false
    } ]
  } ],
  "mentions" : [ {
    "id" : "s0-m1",
    "properties" : {
      "SIRE_MENTION_ROLE" : "MODELO",
      "SIRE_ENTITY_SUBTYPE" : "NONE",
      "SIRE_MENTION_TYPE" : "NONE",
      "SIRE_MENTION_CLASS" : "SPC"
    },
    "type" : "MODELO",
    "begin" : 2,
    "end" : 8,
    "inCoref" : false
  }, {
    "id" : "s0-m2",
    "properties" : {
      "SIRE_MENTION_ROLE" : "CONFORTO",
      "SIRE_ENTITY_SUBTYPE" : "NONE",
      "SIRE_MENTION_TYPE" : "NONE",
      "SIRE_MENTION_CLASS" : "SPC"
    },
    "type" : "CONFORTO",
    "begin" : 35,
    "end" : 46,
    "inCoref" : false
  }, {
    "id" : "s1-m1",
    "properties" : {
      "SIRE_MENTION_ROLE" : "DESEMPENHO",
      "SIRE_ENTITY_SUBTYPE" : "NONE",
      "SIRE_MENTION_TYPE" : "NONE",
      "SIRE_MENTION_CLASS" : "SPC"
    },
    "type" : "DESEMPENHO",
    "begin" : 64,
    "end" : 69,
    "inCoref" : false
  }, {
    "id" : "s3-m1",
    "properties" : {
      "SIRE_MENTION_ROLE" : "SEGURANCA",
      "SIRE_ENTITY_SUBTYPE" : "NONE",
      "SIRE_MENTION_TYPE" : "NONE",
      "SIRE_MENTION_CLASS" : "SPC"
    },
    "type" : "SEGURANCA",
    "begin" : 183,
    "end" : 189,
    "inCoref" : false
  } ],
  "relations" : [ {
    "id" : "s0-r1",
    "properties" : { },
    "type" : "de",
    "args" : [ "s0-m2", "s0-m1" ]
  } ],
  "corefs" : [ ],
  "typeResolved" : true,
  "userResolved" : false
}