{
  "id" : "d14dfaa0-f5d1-11ea-946d-e76b3fc26918-40",
  "name" : "train_41_1.txt",
  "createdDate" : 0,
  "version" : 3,
  "text" : "Muito conforto e ótimo desempenho para um sedan médio como é o Marea. No Marea Surpreendente para um motor 1.8 16v de 132cv. no Marea O consume de combustível é próximo de 9.5/10 km/L, o que dá um ótimo custo-benefício.\r\n",
  "docLength" : 0,
  "language" : "PT",
  "status" : "SUBMITTED",
  "modifiedDate" : 1600011649724,
  "documentSet" : [ ],
  "preannotation" : [ ],
  "sentences" : [ {
    "id" : "s0",
    "begin" : 0,
    "end" : 69,
    "text" : "Muito conforto e ótimo desempenho para um sedan médio como é o Marea.",
    "tokens" : [ {
      "id" : "s0-t0",
      "begin" : 0,
      "end" : 5,
      "text" : "Muito",
      "whiteSpace" : false
    }, {
      "id" : "s0-t1",
      "begin" : 6,
      "end" : 14,
      "text" : "conforto",
      "whiteSpace" : false
    }, {
      "id" : "s0-t2",
      "begin" : 15,
      "end" : 16,
      "text" : "e",
      "whiteSpace" : false
    }, {
      "id" : "s0-t3",
      "begin" : 17,
      "end" : 22,
      "text" : "ótimo",
      "whiteSpace" : false
    }, {
      "id" : "s0-t4",
      "begin" : 23,
      "end" : 33,
      "text" : "desempenho",
      "whiteSpace" : false
    }, {
      "id" : "s0-t5",
      "begin" : 34,
      "end" : 38,
      "text" : "para",
      "whiteSpace" : false
    }, {
      "id" : "s0-t6",
      "begin" : 39,
      "end" : 41,
      "text" : "um",
      "whiteSpace" : false
    }, {
      "id" : "s0-t7",
      "begin" : 42,
      "end" : 47,
      "text" : "sedan",
      "whiteSpace" : false
    }, {
      "id" : "s0-t8",
      "begin" : 48,
      "end" : 53,
      "text" : "médio",
      "whiteSpace" : false
    }, {
      "id" : "s0-t9",
      "begin" : 54,
      "end" : 58,
      "text" : "como",
      "whiteSpace" : false
    }, {
      "id" : "s0-t10",
      "begin" : 59,
      "end" : 60,
      "text" : "é",
      "whiteSpace" : false
    }, {
      "id" : "s0-t11",
      "begin" : 61,
      "end" : 62,
      "text" : "o",
      "whiteSpace" : false
    }, {
      "id" : "s0-t12",
      "begin" : 63,
      "end" : 68,
      "text" : "Marea",
      "whiteSpace" : false
    }, {
      "id" : "s0-t13",
      "begin" : 68,
      "end" : 69,
      "text" : ".",
      "whiteSpace" : false
    } ]
  }, {
    "id" : "s1",
    "begin" : 70,
    "end" : 124,
    "text" : "No Marea Surpreendente para um motor 1.8 16v de 132cv.",
    "tokens" : [ {
      "id" : "s1-t0",
      "begin" : 70,
      "end" : 72,
      "text" : "No",
      "whiteSpace" : false
    }, {
      "id" : "s1-t1",
      "begin" : 73,
      "end" : 78,
      "text" : "Marea",
      "whiteSpace" : false
    }, {
      "id" : "s1-t2",
      "begin" : 79,
      "end" : 92,
      "text" : "Surpreendente",
      "whiteSpace" : false
    }, {
      "id" : "s1-t3",
      "begin" : 93,
      "end" : 97,
      "text" : "para",
      "whiteSpace" : false
    }, {
      "id" : "s1-t4",
      "begin" : 98,
      "end" : 100,
      "text" : "um",
      "whiteSpace" : false
    }, {
      "id" : "s1-t5",
      "begin" : 101,
      "end" : 106,
      "text" : "motor",
      "whiteSpace" : false
    }, {
      "id" : "s1-t6",
      "begin" : 107,
      "end" : 110,
      "text" : "1.8",
      "whiteSpace" : false
    }, {
      "id" : "s1-t7",
      "begin" : 111,
      "end" : 114,
      "text" : "16v",
      "whiteSpace" : false
    }, {
      "id" : "s1-t8",
      "begin" : 115,
      "end" : 117,
      "text" : "de",
      "whiteSpace" : false
    }, {
      "id" : "s1-t9",
      "begin" : 118,
      "end" : 123,
      "text" : "132cv",
      "whiteSpace" : false
    }, {
      "id" : "s1-t10",
      "begin" : 123,
      "end" : 124,
      "text" : ".",
      "whiteSpace" : false
    } ]
  }, {
    "id" : "s2",
    "begin" : 125,
    "end" : 219,
    "text" : "no Marea O consume de combustível é próximo de 9.5/10 km/L, o que dá um ótimo custo-benefício.",
    "tokens" : [ {
      "id" : "s2-t0",
      "begin" : 125,
      "end" : 127,
      "text" : "no",
      "whiteSpace" : false
    }, {
      "id" : "s2-t1",
      "begin" : 128,
      "end" : 133,
      "text" : "Marea",
      "whiteSpace" : false
    }, {
      "id" : "s2-t2",
      "begin" : 134,
      "end" : 135,
      "text" : "O",
      "whiteSpace" : false
    }, {
      "id" : "s2-t3",
      "begin" : 136,
      "end" : 143,
      "text" : "consume",
      "whiteSpace" : false
    }, {
      "id" : "s2-t4",
      "begin" : 144,
      "end" : 146,
      "text" : "de",
      "whiteSpace" : false
    }, {
      "id" : "s2-t5",
      "begin" : 147,
      "end" : 158,
      "text" : "combustível",
      "whiteSpace" : false
    }, {
      "id" : "s2-t6",
      "begin" : 159,
      "end" : 160,
      "text" : "é",
      "whiteSpace" : false
    }, {
      "id" : "s2-t7",
      "begin" : 161,
      "end" : 168,
      "text" : "próximo",
      "whiteSpace" : false
    }, {
      "id" : "s2-t8",
      "begin" : 169,
      "end" : 171,
      "text" : "de",
      "whiteSpace" : false
    }, {
      "id" : "s2-t9",
      "begin" : 172,
      "end" : 176,
      "text" : "9.5/",
      "whiteSpace" : false
    }, {
      "id" : "s2-t10",
      "begin" : 176,
      "end" : 178,
      "text" : "10",
      "whiteSpace" : false
    }, {
      "id" : "s2-t11",
      "begin" : 179,
      "end" : 183,
      "text" : "km/L",
      "whiteSpace" : false
    }, {
      "id" : "s2-t12",
      "begin" : 183,
      "end" : 184,
      "text" : ",",
      "whiteSpace" : false
    }, {
      "id" : "s2-t13",
      "begin" : 185,
      "end" : 186,
      "text" : "o",
      "whiteSpace" : false
    }, {
      "id" : "s2-t14",
      "begin" : 187,
      "end" : 190,
      "text" : "que",
      "whiteSpace" : false
    }, {
      "id" : "s2-t15",
      "begin" : 191,
      "end" : 193,
      "text" : "dá",
      "whiteSpace" : false
    }, {
      "id" : "s2-t16",
      "begin" : 194,
      "end" : 196,
      "text" : "um",
      "whiteSpace" : false
    }, {
      "id" : "s2-t17",
      "begin" : 197,
      "end" : 202,
      "text" : "ótimo",
      "whiteSpace" : false
    }, {
      "id" : "s2-t18",
      "begin" : 203,
      "end" : 218,
      "text" : "custo-benefício",
      "whiteSpace" : false
    }, {
      "id" : "s2-t19",
      "begin" : 218,
      "end" : 219,
      "text" : ".",
      "whiteSpace" : false
    } ]
  } ],
  "mentions" : [ {
    "id" : "s0-m2",
    "properties" : {
      "SIRE_MENTION_ROLE" : "CONFORTO",
      "SIRE_ENTITY_SUBTYPE" : "NONE",
      "SIRE_MENTION_TYPE" : "NONE",
      "SIRE_MENTION_CLASS" : "SPC"
    },
    "type" : "CONFORTO",
    "begin" : 6,
    "end" : 14,
    "inCoref" : false
  }, {
    "id" : "s0-m1",
    "properties" : {
      "SIRE_MENTION_ROLE" : "MODELO",
      "SIRE_ENTITY_SUBTYPE" : "NONE",
      "SIRE_MENTION_TYPE" : "NONE",
      "SIRE_MENTION_CLASS" : "SPC"
    },
    "type" : "MODELO",
    "begin" : 63,
    "end" : 68,
    "inCoref" : false
  }, {
    "id" : "s1-m1",
    "properties" : {
      "SIRE_MENTION_ROLE" : "MODELO",
      "SIRE_ENTITY_SUBTYPE" : "NONE",
      "SIRE_MENTION_TYPE" : "NONE",
      "SIRE_MENTION_CLASS" : "SPC"
    },
    "type" : "MODELO",
    "begin" : 73,
    "end" : 78,
    "inCoref" : false
  }, {
    "id" : "s1-m2",
    "properties" : {
      "SIRE_MENTION_ROLE" : "DESEMPENHO",
      "SIRE_ENTITY_SUBTYPE" : "NONE",
      "SIRE_MENTION_TYPE" : "NONE",
      "SIRE_MENTION_CLASS" : "SPC"
    },
    "type" : "DESEMPENHO",
    "begin" : 101,
    "end" : 106,
    "inCoref" : false
  }, {
    "id" : "s2-m1",
    "properties" : {
      "SIRE_MENTION_ROLE" : "MODELO",
      "SIRE_ENTITY_SUBTYPE" : "NONE",
      "SIRE_MENTION_TYPE" : "NONE",
      "SIRE_MENTION_CLASS" : "SPC"
    },
    "type" : "MODELO",
    "begin" : 128,
    "end" : 133,
    "inCoref" : false
  }, {
    "id" : "s2-m2",
    "properties" : {
      "SIRE_MENTION_ROLE" : "CONSUMO",
      "SIRE_ENTITY_SUBTYPE" : "NONE",
      "SIRE_MENTION_TYPE" : "NONE",
      "SIRE_MENTION_CLASS" : "SPC"
    },
    "type" : "CONSUMO",
    "begin" : 136,
    "end" : 143,
    "inCoref" : false
  }, {
    "id" : "s2-m3",
    "properties" : {
      "SIRE_MENTION_ROLE" : "CONSUMO",
      "SIRE_ENTITY_SUBTYPE" : "NONE",
      "SIRE_MENTION_TYPE" : "NONE",
      "SIRE_MENTION_CLASS" : "SPC"
    },
    "type" : "CONSUMO",
    "begin" : 172,
    "end" : 183,
    "inCoref" : false
  } ],
  "relations" : [ {
    "id" : "s0-r1",
    "properties" : { },
    "type" : "de",
    "args" : [ "s0-m2", "s0-m1" ]
  }, {
    "id" : "s1-r1",
    "properties" : { },
    "type" : "de",
    "args" : [ "s1-m2", "s1-m1" ]
  }, {
    "id" : "s2-r1",
    "properties" : { },
    "type" : "de",
    "args" : [ "s2-m2", "s2-m1" ]
  }, {
    "id" : "s2-r2",
    "properties" : { },
    "type" : "de",
    "args" : [ "s2-m3", "s2-m1" ]
  } ],
  "corefs" : [ ],
  "typeResolved" : true,
  "userResolved" : false
}