{
  "id" : "d14dfaa0-f5d1-11ea-946d-e76b3fc26918-18",
  "name" : "train_19.txt",
  "createdDate" : 0,
  "version" : 3,
  "text" : "A economia do Argo é realmente boa, o que promete cumpre, estilo dele é bonito principlamente a frente e as lanternas traseiras, motor é bom puxa bem a versão 1.3, câmbio foi melhorado das versões anteriores da fiat, multimídia de 10 polegadas está boa com conectividade boa, ASR ajuda muito o carro praticamente ganha muita estabilidade nas arrancadas e em solo molhado, passa segurança espaço entre as pernas para passageiro traseiro está boa, luz de leitura na frente individual, porta óculos, porta objeto embaixo do câmbio bem grande com led, faróis iluminam bem.\r\n",
  "docLength" : 0,
  "language" : "PT",
  "status" : "SUBMITTED",
  "modifiedDate" : 1600010578842,
  "documentSet" : [ ],
  "preannotation" : [ ],
  "sentences" : [ {
    "id" : "s0",
    "begin" : 0,
    "end" : 568,
    "text" : "A economia do Argo é realmente boa, o que promete cumpre, estilo dele é bonito principlamente a frente e as lanternas traseiras, motor é bom puxa bem a versão 1.3, câmbio foi melhorado das versões anteriores da fiat, multimídia de 10 polegadas está boa com conectividade boa, ASR ajuda muito o carro praticamente ganha muita estabilidade nas arrancadas e em solo molhado, passa segurança espaço entre as pernas para passageiro traseiro está boa, luz de leitura na frente individual, porta óculos, porta objeto embaixo do câmbio bem grande com led, faróis iluminam bem.",
    "tokens" : [ {
      "id" : "s0-t0",
      "begin" : 0,
      "end" : 1,
      "text" : "A",
      "whiteSpace" : false
    }, {
      "id" : "s0-t1",
      "begin" : 2,
      "end" : 10,
      "text" : "economia",
      "whiteSpace" : false
    }, {
      "id" : "s0-t2",
      "begin" : 11,
      "end" : 13,
      "text" : "do",
      "whiteSpace" : false
    }, {
      "id" : "s0-t3",
      "begin" : 14,
      "end" : 18,
      "text" : "Argo",
      "whiteSpace" : false
    }, {
      "id" : "s0-t4",
      "begin" : 19,
      "end" : 20,
      "text" : "é",
      "whiteSpace" : false
    }, {
      "id" : "s0-t5",
      "begin" : 21,
      "end" : 30,
      "text" : "realmente",
      "whiteSpace" : false
    }, {
      "id" : "s0-t6",
      "begin" : 31,
      "end" : 34,
      "text" : "boa",
      "whiteSpace" : false
    }, {
      "id" : "s0-t7",
      "begin" : 34,
      "end" : 35,
      "text" : ",",
      "whiteSpace" : false
    }, {
      "id" : "s0-t8",
      "begin" : 36,
      "end" : 37,
      "text" : "o",
      "whiteSpace" : false
    }, {
      "id" : "s0-t9",
      "begin" : 38,
      "end" : 41,
      "text" : "que",
      "whiteSpace" : false
    }, {
      "id" : "s0-t10",
      "begin" : 42,
      "end" : 49,
      "text" : "promete",
      "whiteSpace" : false
    }, {
      "id" : "s0-t11",
      "begin" : 50,
      "end" : 56,
      "text" : "cumpre",
      "whiteSpace" : false
    }, {
      "id" : "s0-t12",
      "begin" : 56,
      "end" : 57,
      "text" : ",",
      "whiteSpace" : false
    }, {
      "id" : "s0-t13",
      "begin" : 58,
      "end" : 64,
      "text" : "estilo",
      "whiteSpace" : false
    }, {
      "id" : "s0-t14",
      "begin" : 65,
      "end" : 69,
      "text" : "dele",
      "whiteSpace" : false
    }, {
      "id" : "s0-t15",
      "begin" : 70,
      "end" : 71,
      "text" : "é",
      "whiteSpace" : false
    }, {
      "id" : "s0-t16",
      "begin" : 72,
      "end" : 78,
      "text" : "bonito",
      "whiteSpace" : false
    }, {
      "id" : "s0-t17",
      "begin" : 79,
      "end" : 93,
      "text" : "principlamente",
      "whiteSpace" : false
    }, {
      "id" : "s0-t18",
      "begin" : 94,
      "end" : 95,
      "text" : "a",
      "whiteSpace" : false
    }, {
      "id" : "s0-t19",
      "begin" : 96,
      "end" : 102,
      "text" : "frente",
      "whiteSpace" : false
    }, {
      "id" : "s0-t20",
      "begin" : 103,
      "end" : 104,
      "text" : "e",
      "whiteSpace" : false
    }, {
      "id" : "s0-t21",
      "begin" : 105,
      "end" : 107,
      "text" : "as",
      "whiteSpace" : false
    }, {
      "id" : "s0-t22",
      "begin" : 108,
      "end" : 117,
      "text" : "lanternas",
      "whiteSpace" : false
    }, {
      "id" : "s0-t23",
      "begin" : 118,
      "end" : 127,
      "text" : "traseiras",
      "whiteSpace" : false
    }, {
      "id" : "s0-t24",
      "begin" : 127,
      "end" : 128,
      "text" : ",",
      "whiteSpace" : false
    }, {
      "id" : "s0-t25",
      "begin" : 129,
      "end" : 134,
      "text" : "motor",
      "whiteSpace" : false
    }, {
      "id" : "s0-t26",
      "begin" : 135,
      "end" : 136,
      "text" : "é",
      "whiteSpace" : false
    }, {
      "id" : "s0-t27",
      "begin" : 137,
      "end" : 140,
      "text" : "bom",
      "whiteSpace" : false
    }, {
      "id" : "s0-t28",
      "begin" : 141,
      "end" : 145,
      "text" : "puxa",
      "whiteSpace" : false
    }, {
      "id" : "s0-t29",
      "begin" : 146,
      "end" : 149,
      "text" : "bem",
      "whiteSpace" : false
    }, {
      "id" : "s0-t30",
      "begin" : 150,
      "end" : 151,
      "text" : "a",
      "whiteSpace" : false
    }, {
      "id" : "s0-t31",
      "begin" : 152,
      "end" : 158,
      "text" : "versão",
      "whiteSpace" : false
    }, {
      "id" : "s0-t32",
      "begin" : 159,
      "end" : 162,
      "text" : "1.3",
      "whiteSpace" : false
    }, {
      "id" : "s0-t33",
      "begin" : 162,
      "end" : 163,
      "text" : ",",
      "whiteSpace" : false
    }, {
      "id" : "s0-t34",
      "begin" : 164,
      "end" : 170,
      "text" : "câmbio",
      "whiteSpace" : false
    }, {
      "id" : "s0-t35",
      "begin" : 171,
      "end" : 174,
      "text" : "foi",
      "whiteSpace" : false
    }, {
      "id" : "s0-t36",
      "begin" : 175,
      "end" : 184,
      "text" : "melhorado",
      "whiteSpace" : false
    }, {
      "id" : "s0-t37",
      "begin" : 185,
      "end" : 188,
      "text" : "das",
      "whiteSpace" : false
    }, {
      "id" : "s0-t38",
      "begin" : 189,
      "end" : 196,
      "text" : "versões",
      "whiteSpace" : false
    }, {
      "id" : "s0-t39",
      "begin" : 197,
      "end" : 207,
      "text" : "anteriores",
      "whiteSpace" : false
    }, {
      "id" : "s0-t40",
      "begin" : 208,
      "end" : 210,
      "text" : "da",
      "whiteSpace" : false
    }, {
      "id" : "s0-t41",
      "begin" : 211,
      "end" : 215,
      "text" : "fiat",
      "whiteSpace" : false
    }, {
      "id" : "s0-t42",
      "begin" : 215,
      "end" : 216,
      "text" : ",",
      "whiteSpace" : false
    }, {
      "id" : "s0-t43",
      "begin" : 217,
      "end" : 227,
      "text" : "multimídia",
      "whiteSpace" : false
    }, {
      "id" : "s0-t44",
      "begin" : 228,
      "end" : 230,
      "text" : "de",
      "whiteSpace" : false
    }, {
      "id" : "s0-t45",
      "begin" : 231,
      "end" : 233,
      "text" : "10",
      "whiteSpace" : false
    }, {
      "id" : "s0-t46",
      "begin" : 234,
      "end" : 243,
      "text" : "polegadas",
      "whiteSpace" : false
    }, {
      "id" : "s0-t47",
      "begin" : 244,
      "end" : 248,
      "text" : "está",
      "whiteSpace" : false
    }, {
      "id" : "s0-t48",
      "begin" : 249,
      "end" : 252,
      "text" : "boa",
      "whiteSpace" : false
    }, {
      "id" : "s0-t49",
      "begin" : 253,
      "end" : 256,
      "text" : "com",
      "whiteSpace" : false
    }, {
      "id" : "s0-t50",
      "begin" : 257,
      "end" : 270,
      "text" : "conectividade",
      "whiteSpace" : false
    }, {
      "id" : "s0-t51",
      "begin" : 271,
      "end" : 274,
      "text" : "boa",
      "whiteSpace" : false
    }, {
      "id" : "s0-t52",
      "begin" : 274,
      "end" : 275,
      "text" : ",",
      "whiteSpace" : false
    }, {
      "id" : "s0-t53",
      "begin" : 276,
      "end" : 279,
      "text" : "ASR",
      "whiteSpace" : false
    }, {
      "id" : "s0-t54",
      "begin" : 280,
      "end" : 285,
      "text" : "ajuda",
      "whiteSpace" : false
    }, {
      "id" : "s0-t55",
      "begin" : 286,
      "end" : 291,
      "text" : "muito",
      "whiteSpace" : false
    }, {
      "id" : "s0-t56",
      "begin" : 292,
      "end" : 293,
      "text" : "o",
      "whiteSpace" : false
    }, {
      "id" : "s0-t57",
      "begin" : 294,
      "end" : 299,
      "text" : "carro",
      "whiteSpace" : false
    }, {
      "id" : "s0-t58",
      "begin" : 300,
      "end" : 312,
      "text" : "praticamente",
      "whiteSpace" : false
    }, {
      "id" : "s0-t59",
      "begin" : 313,
      "end" : 318,
      "text" : "ganha",
      "whiteSpace" : false
    }, {
      "id" : "s0-t60",
      "begin" : 319,
      "end" : 324,
      "text" : "muita",
      "whiteSpace" : false
    }, {
      "id" : "s0-t61",
      "begin" : 325,
      "end" : 337,
      "text" : "estabilidade",
      "whiteSpace" : false
    }, {
      "id" : "s0-t62",
      "begin" : 338,
      "end" : 341,
      "text" : "nas",
      "whiteSpace" : false
    }, {
      "id" : "s0-t63",
      "begin" : 342,
      "end" : 352,
      "text" : "arrancadas",
      "whiteSpace" : false
    }, {
      "id" : "s0-t64",
      "begin" : 353,
      "end" : 354,
      "text" : "e",
      "whiteSpace" : false
    }, {
      "id" : "s0-t65",
      "begin" : 355,
      "end" : 357,
      "text" : "em",
      "whiteSpace" : false
    }, {
      "id" : "s0-t66",
      "begin" : 358,
      "end" : 362,
      "text" : "solo",
      "whiteSpace" : false
    }, {
      "id" : "s0-t67",
      "begin" : 363,
      "end" : 370,
      "text" : "molhado",
      "whiteSpace" : false
    }, {
      "id" : "s0-t68",
      "begin" : 370,
      "end" : 371,
      "text" : ",",
      "whiteSpace" : false
    }, {
      "id" : "s0-t69",
      "begin" : 372,
      "end" : 377,
      "text" : "passa",
      "whiteSpace" : false
    }, {
      "id" : "s0-t70",
      "begin" : 378,
      "end" : 387,
      "text" : "segurança",
      "whiteSpace" : false
    }, {
      "id" : "s0-t71",
      "begin" : 388,
      "end" : 394,
      "text" : "espaço",
      "whiteSpace" : false
    }, {
      "id" : "s0-t72",
      "begin" : 395,
      "end" : 400,
      "text" : "entre",
      "whiteSpace" : false
    }, {
      "id" : "s0-t73",
      "begin" : 401,
      "end" : 403,
      "text" : "as",
      "whiteSpace" : false
    }, {
      "id" : "s0-t74",
      "begin" : 404,
      "end" : 410,
      "text" : "pernas",
      "whiteSpace" : false
    }, {
      "id" : "s0-t75",
      "begin" : 411,
      "end" : 415,
      "text" : "para",
      "whiteSpace" : false
    }, {
      "id" : "s0-t76",
      "begin" : 416,
      "end" : 426,
      "text" : "passageiro",
      "whiteSpace" : false
    }, {
      "id" : "s0-t77",
      "begin" : 427,
      "end" : 435,
      "text" : "traseiro",
      "whiteSpace" : false
    }, {
      "id" : "s0-t78",
      "begin" : 436,
      "end" : 440,
      "text" : "está",
      "whiteSpace" : false
    }, {
      "id" : "s0-t79",
      "begin" : 441,
      "end" : 444,
      "text" : "boa",
      "whiteSpace" : false
    }, {
      "id" : "s0-t80",
      "begin" : 444,
      "end" : 445,
      "text" : ",",
      "whiteSpace" : false
    }, {
      "id" : "s0-t81",
      "begin" : 446,
      "end" : 449,
      "text" : "luz",
      "whiteSpace" : false
    }, {
      "id" : "s0-t82",
      "begin" : 450,
      "end" : 452,
      "text" : "de",
      "whiteSpace" : false
    }, {
      "id" : "s0-t83",
      "begin" : 453,
      "end" : 460,
      "text" : "leitura",
      "whiteSpace" : false
    }, {
      "id" : "s0-t84",
      "begin" : 461,
      "end" : 463,
      "text" : "na",
      "whiteSpace" : false
    }, {
      "id" : "s0-t85",
      "begin" : 464,
      "end" : 470,
      "text" : "frente",
      "whiteSpace" : false
    }, {
      "id" : "s0-t86",
      "begin" : 471,
      "end" : 481,
      "text" : "individual",
      "whiteSpace" : false
    }, {
      "id" : "s0-t87",
      "begin" : 481,
      "end" : 482,
      "text" : ",",
      "whiteSpace" : false
    }, {
      "id" : "s0-t88",
      "begin" : 483,
      "end" : 488,
      "text" : "porta",
      "whiteSpace" : false
    }, {
      "id" : "s0-t89",
      "begin" : 489,
      "end" : 495,
      "text" : "óculos",
      "whiteSpace" : false
    }, {
      "id" : "s0-t90",
      "begin" : 495,
      "end" : 496,
      "text" : ",",
      "whiteSpace" : false
    }, {
      "id" : "s0-t91",
      "begin" : 497,
      "end" : 502,
      "text" : "porta",
      "whiteSpace" : false
    }, {
      "id" : "s0-t92",
      "begin" : 503,
      "end" : 509,
      "text" : "objeto",
      "whiteSpace" : false
    }, {
      "id" : "s0-t93",
      "begin" : 510,
      "end" : 517,
      "text" : "embaixo",
      "whiteSpace" : false
    }, {
      "id" : "s0-t94",
      "begin" : 518,
      "end" : 520,
      "text" : "do",
      "whiteSpace" : false
    }, {
      "id" : "s0-t95",
      "begin" : 521,
      "end" : 527,
      "text" : "câmbio",
      "whiteSpace" : false
    }, {
      "id" : "s0-t96",
      "begin" : 528,
      "end" : 531,
      "text" : "bem",
      "whiteSpace" : false
    }, {
      "id" : "s0-t97",
      "begin" : 532,
      "end" : 538,
      "text" : "grande",
      "whiteSpace" : false
    }, {
      "id" : "s0-t98",
      "begin" : 539,
      "end" : 542,
      "text" : "com",
      "whiteSpace" : false
    }, {
      "id" : "s0-t99",
      "begin" : 543,
      "end" : 546,
      "text" : "led",
      "whiteSpace" : false
    }, {
      "id" : "s0-t100",
      "begin" : 546,
      "end" : 547,
      "text" : ",",
      "whiteSpace" : false
    }, {
      "id" : "s0-t101",
      "begin" : 548,
      "end" : 554,
      "text" : "faróis",
      "whiteSpace" : false
    }, {
      "id" : "s0-t102",
      "begin" : 555,
      "end" : 563,
      "text" : "iluminam",
      "whiteSpace" : false
    }, {
      "id" : "s0-t103",
      "begin" : 564,
      "end" : 567,
      "text" : "bem",
      "whiteSpace" : false
    }, {
      "id" : "s0-t104",
      "begin" : 567,
      "end" : 568,
      "text" : ".",
      "whiteSpace" : false
    } ]
  } ],
  "mentions" : [ {
    "id" : "s0-m2",
    "properties" : {
      "SIRE_MENTION_ROLE" : "CONSUMO",
      "SIRE_ENTITY_SUBTYPE" : "NONE",
      "SIRE_MENTION_TYPE" : "NONE",
      "SIRE_MENTION_CLASS" : "SPC"
    },
    "type" : "CONSUMO",
    "begin" : 2,
    "end" : 10,
    "inCoref" : false
  }, {
    "id" : "s0-m1",
    "properties" : {
      "SIRE_MENTION_ROLE" : "MODELO",
      "SIRE_ENTITY_SUBTYPE" : "NONE",
      "SIRE_MENTION_TYPE" : "NONE",
      "SIRE_MENTION_CLASS" : "SPC"
    },
    "type" : "MODELO",
    "begin" : 14,
    "end" : 18,
    "inCoref" : false
  }, {
    "id" : "s0-m3",
    "properties" : {
      "SIRE_MENTION_ROLE" : "ACESSORIOS",
      "SIRE_ENTITY_SUBTYPE" : "NONE",
      "SIRE_MENTION_TYPE" : "NONE",
      "SIRE_MENTION_CLASS" : "SPC"
    },
    "type" : "ACESSORIOS",
    "begin" : 108,
    "end" : 127,
    "inCoref" : false
  }, {
    "id" : "s0-m4",
    "properties" : {
      "SIRE_MENTION_ROLE" : "DESEMPENHO",
      "SIRE_ENTITY_SUBTYPE" : "NONE",
      "SIRE_MENTION_TYPE" : "NONE",
      "SIRE_MENTION_CLASS" : "SPC"
    },
    "type" : "DESEMPENHO",
    "begin" : 129,
    "end" : 134,
    "inCoref" : false
  }, {
    "id" : "s0-m5",
    "properties" : {
      "SIRE_MENTION_ROLE" : "ACESSORIOS",
      "SIRE_ENTITY_SUBTYPE" : "NONE",
      "SIRE_MENTION_TYPE" : "NONE",
      "SIRE_MENTION_CLASS" : "SPC"
    },
    "type" : "ACESSORIOS",
    "begin" : 164,
    "end" : 170,
    "inCoref" : false
  }, {
    "id" : "s0-m6",
    "properties" : {
      "SIRE_MENTION_ROLE" : "ACESSORIOS",
      "SIRE_ENTITY_SUBTYPE" : "NONE",
      "SIRE_MENTION_TYPE" : "NONE",
      "SIRE_MENTION_CLASS" : "SPC"
    },
    "type" : "ACESSORIOS",
    "begin" : 217,
    "end" : 227,
    "inCoref" : false
  }, {
    "id" : "s0-m7",
    "properties" : {
      "SIRE_MENTION_ROLE" : "ACESSORIOS",
      "SIRE_ENTITY_SUBTYPE" : "NONE",
      "SIRE_MENTION_TYPE" : "NONE",
      "SIRE_MENTION_CLASS" : "SPC"
    },
    "type" : "ACESSORIOS",
    "begin" : 276,
    "end" : 279,
    "inCoref" : false
  }, {
    "id" : "s0-m8",
    "properties" : {
      "SIRE_MENTION_ROLE" : "SEGURANCA",
      "SIRE_ENTITY_SUBTYPE" : "NONE",
      "SIRE_MENTION_TYPE" : "NONE",
      "SIRE_MENTION_CLASS" : "SPC"
    },
    "type" : "SEGURANCA",
    "begin" : 325,
    "end" : 337,
    "inCoref" : false
  }, {
    "id" : "s0-m9",
    "properties" : {
      "SIRE_MENTION_ROLE" : "SEGURANCA",
      "SIRE_ENTITY_SUBTYPE" : "NONE",
      "SIRE_MENTION_TYPE" : "NONE",
      "SIRE_MENTION_CLASS" : "SPC"
    },
    "type" : "SEGURANCA",
    "begin" : 378,
    "end" : 387,
    "inCoref" : false
  }, {
    "id" : "s0-m10",
    "properties" : {
      "SIRE_MENTION_ROLE" : "ACESSORIOS",
      "SIRE_ENTITY_SUBTYPE" : "NONE",
      "SIRE_MENTION_TYPE" : "NONE",
      "SIRE_MENTION_CLASS" : "SPC"
    },
    "type" : "ACESSORIOS",
    "begin" : 483,
    "end" : 495,
    "inCoref" : false
  }, {
    "id" : "s0-m11",
    "properties" : {
      "SIRE_MENTION_ROLE" : "ACESSORIOS",
      "SIRE_ENTITY_SUBTYPE" : "NONE",
      "SIRE_MENTION_TYPE" : "NONE",
      "SIRE_MENTION_CLASS" : "SPC"
    },
    "type" : "ACESSORIOS",
    "begin" : 497,
    "end" : 509,
    "inCoref" : false
  }, {
    "id" : "s0-m12",
    "properties" : {
      "SIRE_MENTION_ROLE" : "ACESSORIOS",
      "SIRE_ENTITY_SUBTYPE" : "NONE",
      "SIRE_MENTION_TYPE" : "NONE",
      "SIRE_MENTION_CLASS" : "SPC"
    },
    "type" : "ACESSORIOS",
    "begin" : 521,
    "end" : 527,
    "inCoref" : false
  }, {
    "id" : "s0-m14",
    "properties" : {
      "SIRE_MENTION_ROLE" : "ACESSORIOS",
      "SIRE_ENTITY_SUBTYPE" : "NONE",
      "SIRE_MENTION_TYPE" : "NONE",
      "SIRE_MENTION_CLASS" : "SPC"
    },
    "type" : "ACESSORIOS",
    "begin" : 543,
    "end" : 546,
    "inCoref" : false
  }, {
    "id" : "s0-m13",
    "properties" : {
      "SIRE_MENTION_ROLE" : "ACESSORIOS",
      "SIRE_ENTITY_SUBTYPE" : "NONE",
      "SIRE_MENTION_TYPE" : "NONE",
      "SIRE_MENTION_CLASS" : "SPC"
    },
    "type" : "ACESSORIOS",
    "begin" : 548,
    "end" : 554,
    "inCoref" : false
  } ],
  "relations" : [ {
    "id" : "s0-r1",
    "properties" : { },
    "type" : "de",
    "args" : [ "s0-m2", "s0-m1" ]
  }, {
    "id" : "s0-r2",
    "properties" : { },
    "type" : "de",
    "args" : [ "s0-m3", "s0-m1" ]
  }, {
    "id" : "s0-r3",
    "properties" : { },
    "type" : "de",
    "args" : [ "s0-m4", "s0-m1" ]
  }, {
    "id" : "s0-r4",
    "properties" : { },
    "type" : "de",
    "args" : [ "s0-m5", "s0-m1" ]
  }, {
    "id" : "s0-r5",
    "properties" : { },
    "type" : "de",
    "args" : [ "s0-m6", "s0-m1" ]
  }, {
    "id" : "s0-r6",
    "properties" : { },
    "type" : "de",
    "args" : [ "s0-m7", "s0-m1" ]
  }, {
    "id" : "s0-r7",
    "properties" : { },
    "type" : "de",
    "args" : [ "s0-m8", "s0-m1" ]
  }, {
    "id" : "s0-r8",
    "properties" : { },
    "type" : "de",
    "args" : [ "s0-m9", "s0-m1" ]
  }, {
    "id" : "s0-r9",
    "properties" : { },
    "type" : "de",
    "args" : [ "s0-m10", "s0-m1" ]
  }, {
    "id" : "s0-r10",
    "properties" : { },
    "type" : "de",
    "args" : [ "s0-m11", "s0-m1" ]
  }, {
    "id" : "s0-r11",
    "properties" : { },
    "type" : "de",
    "args" : [ "s0-m12", "s0-m1" ]
  }, {
    "id" : "s0-r12",
    "properties" : { },
    "type" : "de",
    "args" : [ "s0-m14", "s0-m1" ]
  }, {
    "id" : "s0-r13",
    "properties" : { },
    "type" : "de",
    "args" : [ "s0-m13", "s0-m1" ]
  } ],
  "corefs" : [ ],
  "typeResolved" : true,
  "userResolved" : false
}