{
  "id" : "d14dfaa0-f5d1-11ea-946d-e76b3fc26918-22",
  "name" : "train_23_1.txt",
  "createdDate" : 0,
  "version" : 3,
  "text" : "O Argo quase não tem porta-trecos e até um insignificante porta-óculos foi retirado das versões atuais. No Argo A manta acústica do capô do carro, que reduz um pouco o ruído do motor, também foi retirada [economia insignificante] e aos 110 km/h, o som do motor começa a incomodar um pouco na cabine. O carro Argo não tem um apoio de braço central digno nem mesmo como opcional e o controle de posição dos bancos, ficam MUITO mal posicionados. No Argo Os engates da marcha são curtos, mas infelizmente, imprecisos e por vezes, barulhentos. No Argo A iluminação interna é o ponto mais negativo do carro. Dentro do carro Argo é um completo breu, principalmente a versão S Design que vem com o forro de teto preto.\r\n",
  "docLength" : 0,
  "language" : "PT",
  "status" : "SUBMITTED",
  "modifiedDate" : 1600010781384,
  "documentSet" : [ ],
  "preannotation" : [ ],
  "sentences" : [ {
    "id" : "s0",
    "begin" : 0,
    "end" : 103,
    "text" : "O Argo quase não tem porta-trecos e até um insignificante porta-óculos foi retirado das versões atuais.",
    "tokens" : [ {
      "id" : "s0-t0",
      "begin" : 0,
      "end" : 1,
      "text" : "O",
      "whiteSpace" : false
    }, {
      "id" : "s0-t1",
      "begin" : 2,
      "end" : 6,
      "text" : "Argo",
      "whiteSpace" : false
    }, {
      "id" : "s0-t2",
      "begin" : 7,
      "end" : 12,
      "text" : "quase",
      "whiteSpace" : false
    }, {
      "id" : "s0-t3",
      "begin" : 13,
      "end" : 16,
      "text" : "não",
      "whiteSpace" : false
    }, {
      "id" : "s0-t4",
      "begin" : 17,
      "end" : 20,
      "text" : "tem",
      "whiteSpace" : false
    }, {
      "id" : "s0-t5",
      "begin" : 21,
      "end" : 33,
      "text" : "porta-trecos",
      "whiteSpace" : false
    }, {
      "id" : "s0-t6",
      "begin" : 34,
      "end" : 35,
      "text" : "e",
      "whiteSpace" : false
    }, {
      "id" : "s0-t7",
      "begin" : 36,
      "end" : 39,
      "text" : "até",
      "whiteSpace" : false
    }, {
      "id" : "s0-t8",
      "begin" : 40,
      "end" : 42,
      "text" : "um",
      "whiteSpace" : false
    }, {
      "id" : "s0-t9",
      "begin" : 43,
      "end" : 57,
      "text" : "insignificante",
      "whiteSpace" : false
    }, {
      "id" : "s0-t10",
      "begin" : 58,
      "end" : 70,
      "text" : "porta-óculos",
      "whiteSpace" : false
    }, {
      "id" : "s0-t11",
      "begin" : 71,
      "end" : 74,
      "text" : "foi",
      "whiteSpace" : false
    }, {
      "id" : "s0-t12",
      "begin" : 75,
      "end" : 83,
      "text" : "retirado",
      "whiteSpace" : false
    }, {
      "id" : "s0-t13",
      "begin" : 84,
      "end" : 87,
      "text" : "das",
      "whiteSpace" : false
    }, {
      "id" : "s0-t14",
      "begin" : 88,
      "end" : 95,
      "text" : "versões",
      "whiteSpace" : false
    }, {
      "id" : "s0-t15",
      "begin" : 96,
      "end" : 102,
      "text" : "atuais",
      "whiteSpace" : false
    }, {
      "id" : "s0-t16",
      "begin" : 102,
      "end" : 103,
      "text" : ".",
      "whiteSpace" : false
    } ]
  }, {
    "id" : "s1",
    "begin" : 104,
    "end" : 299,
    "text" : "No Argo A manta acústica do capô do carro, que reduz um pouco o ruído do motor, também foi retirada [economia insignificante] e aos 110 km/h, o som do motor começa a incomodar um pouco na cabine.",
    "tokens" : [ {
      "id" : "s1-t0",
      "begin" : 104,
      "end" : 106,
      "text" : "No",
      "whiteSpace" : false
    }, {
      "id" : "s1-t1",
      "begin" : 107,
      "end" : 111,
      "text" : "Argo",
      "whiteSpace" : false
    }, {
      "id" : "s1-t2",
      "begin" : 112,
      "end" : 113,
      "text" : "A",
      "whiteSpace" : false
    }, {
      "id" : "s1-t3",
      "begin" : 114,
      "end" : 119,
      "text" : "manta",
      "whiteSpace" : false
    }, {
      "id" : "s1-t4",
      "begin" : 120,
      "end" : 128,
      "text" : "acústica",
      "whiteSpace" : false
    }, {
      "id" : "s1-t5",
      "begin" : 129,
      "end" : 131,
      "text" : "do",
      "whiteSpace" : false
    }, {
      "id" : "s1-t6",
      "begin" : 132,
      "end" : 136,
      "text" : "capô",
      "whiteSpace" : false
    }, {
      "id" : "s1-t7",
      "begin" : 137,
      "end" : 139,
      "text" : "do",
      "whiteSpace" : false
    }, {
      "id" : "s1-t8",
      "begin" : 140,
      "end" : 145,
      "text" : "carro",
      "whiteSpace" : false
    }, {
      "id" : "s1-t9",
      "begin" : 145,
      "end" : 146,
      "text" : ",",
      "whiteSpace" : false
    }, {
      "id" : "s1-t10",
      "begin" : 147,
      "end" : 150,
      "text" : "que",
      "whiteSpace" : false
    }, {
      "id" : "s1-t11",
      "begin" : 151,
      "end" : 156,
      "text" : "reduz",
      "whiteSpace" : false
    }, {
      "id" : "s1-t12",
      "begin" : 157,
      "end" : 159,
      "text" : "um",
      "whiteSpace" : false
    }, {
      "id" : "s1-t13",
      "begin" : 160,
      "end" : 165,
      "text" : "pouco",
      "whiteSpace" : false
    }, {
      "id" : "s1-t14",
      "begin" : 166,
      "end" : 167,
      "text" : "o",
      "whiteSpace" : false
    }, {
      "id" : "s1-t15",
      "begin" : 168,
      "end" : 173,
      "text" : "ruído",
      "whiteSpace" : false
    }, {
      "id" : "s1-t16",
      "begin" : 174,
      "end" : 176,
      "text" : "do",
      "whiteSpace" : false
    }, {
      "id" : "s1-t17",
      "begin" : 177,
      "end" : 182,
      "text" : "motor",
      "whiteSpace" : false
    }, {
      "id" : "s1-t18",
      "begin" : 182,
      "end" : 183,
      "text" : ",",
      "whiteSpace" : false
    }, {
      "id" : "s1-t19",
      "begin" : 184,
      "end" : 190,
      "text" : "também",
      "whiteSpace" : false
    }, {
      "id" : "s1-t20",
      "begin" : 191,
      "end" : 194,
      "text" : "foi",
      "whiteSpace" : false
    }, {
      "id" : "s1-t21",
      "begin" : 195,
      "end" : 203,
      "text" : "retirada",
      "whiteSpace" : false
    }, {
      "id" : "s1-t22",
      "begin" : 204,
      "end" : 205,
      "text" : "[",
      "whiteSpace" : false
    }, {
      "id" : "s1-t23",
      "begin" : 205,
      "end" : 213,
      "text" : "economia",
      "whiteSpace" : false
    }, {
      "id" : "s1-t24",
      "begin" : 214,
      "end" : 228,
      "text" : "insignificante",
      "whiteSpace" : false
    }, {
      "id" : "s1-t25",
      "begin" : 228,
      "end" : 229,
      "text" : "]",
      "whiteSpace" : false
    }, {
      "id" : "s1-t26",
      "begin" : 230,
      "end" : 231,
      "text" : "e",
      "whiteSpace" : false
    }, {
      "id" : "s1-t27",
      "begin" : 232,
      "end" : 235,
      "text" : "aos",
      "whiteSpace" : false
    }, {
      "id" : "s1-t28",
      "begin" : 236,
      "end" : 239,
      "text" : "110",
      "whiteSpace" : false
    }, {
      "id" : "s1-t29",
      "begin" : 240,
      "end" : 244,
      "text" : "km/h",
      "whiteSpace" : false
    }, {
      "id" : "s1-t30",
      "begin" : 244,
      "end" : 245,
      "text" : ",",
      "whiteSpace" : false
    }, {
      "id" : "s1-t31",
      "begin" : 246,
      "end" : 247,
      "text" : "o",
      "whiteSpace" : false
    }, {
      "id" : "s1-t32",
      "begin" : 248,
      "end" : 251,
      "text" : "som",
      "whiteSpace" : false
    }, {
      "id" : "s1-t33",
      "begin" : 252,
      "end" : 254,
      "text" : "do",
      "whiteSpace" : false
    }, {
      "id" : "s1-t34",
      "begin" : 255,
      "end" : 260,
      "text" : "motor",
      "whiteSpace" : false
    }, {
      "id" : "s1-t35",
      "begin" : 261,
      "end" : 267,
      "text" : "começa",
      "whiteSpace" : false
    }, {
      "id" : "s1-t36",
      "begin" : 268,
      "end" : 269,
      "text" : "a",
      "whiteSpace" : false
    }, {
      "id" : "s1-t37",
      "begin" : 270,
      "end" : 279,
      "text" : "incomodar",
      "whiteSpace" : false
    }, {
      "id" : "s1-t38",
      "begin" : 280,
      "end" : 282,
      "text" : "um",
      "whiteSpace" : false
    }, {
      "id" : "s1-t39",
      "begin" : 283,
      "end" : 288,
      "text" : "pouco",
      "whiteSpace" : false
    }, {
      "id" : "s1-t40",
      "begin" : 289,
      "end" : 291,
      "text" : "na",
      "whiteSpace" : false
    }, {
      "id" : "s1-t41",
      "begin" : 292,
      "end" : 298,
      "text" : "cabine",
      "whiteSpace" : false
    }, {
      "id" : "s1-t42",
      "begin" : 298,
      "end" : 299,
      "text" : ".",
      "whiteSpace" : false
    } ]
  }, {
    "id" : "s2",
    "begin" : 300,
    "end" : 442,
    "text" : "O carro Argo não tem um apoio de braço central digno nem mesmo como opcional e o controle de posição dos bancos, ficam MUITO mal posicionados.",
    "tokens" : [ {
      "id" : "s2-t0",
      "begin" : 300,
      "end" : 301,
      "text" : "O",
      "whiteSpace" : false
    }, {
      "id" : "s2-t1",
      "begin" : 302,
      "end" : 307,
      "text" : "carro",
      "whiteSpace" : false
    }, {
      "id" : "s2-t2",
      "begin" : 308,
      "end" : 312,
      "text" : "Argo",
      "whiteSpace" : false
    }, {
      "id" : "s2-t3",
      "begin" : 313,
      "end" : 316,
      "text" : "não",
      "whiteSpace" : false
    }, {
      "id" : "s2-t4",
      "begin" : 317,
      "end" : 320,
      "text" : "tem",
      "whiteSpace" : false
    }, {
      "id" : "s2-t5",
      "begin" : 321,
      "end" : 323,
      "text" : "um",
      "whiteSpace" : false
    }, {
      "id" : "s2-t6",
      "begin" : 324,
      "end" : 329,
      "text" : "apoio",
      "whiteSpace" : false
    }, {
      "id" : "s2-t7",
      "begin" : 330,
      "end" : 332,
      "text" : "de",
      "whiteSpace" : false
    }, {
      "id" : "s2-t8",
      "begin" : 333,
      "end" : 338,
      "text" : "braço",
      "whiteSpace" : false
    }, {
      "id" : "s2-t9",
      "begin" : 339,
      "end" : 346,
      "text" : "central",
      "whiteSpace" : false
    }, {
      "id" : "s2-t10",
      "begin" : 347,
      "end" : 352,
      "text" : "digno",
      "whiteSpace" : false
    }, {
      "id" : "s2-t11",
      "begin" : 353,
      "end" : 356,
      "text" : "nem",
      "whiteSpace" : false
    }, {
      "id" : "s2-t12",
      "begin" : 357,
      "end" : 362,
      "text" : "mesmo",
      "whiteSpace" : false
    }, {
      "id" : "s2-t13",
      "begin" : 363,
      "end" : 367,
      "text" : "como",
      "whiteSpace" : false
    }, {
      "id" : "s2-t14",
      "begin" : 368,
      "end" : 376,
      "text" : "opcional",
      "whiteSpace" : false
    }, {
      "id" : "s2-t15",
      "begin" : 377,
      "end" : 378,
      "text" : "e",
      "whiteSpace" : false
    }, {
      "id" : "s2-t16",
      "begin" : 379,
      "end" : 380,
      "text" : "o",
      "whiteSpace" : false
    }, {
      "id" : "s2-t17",
      "begin" : 381,
      "end" : 389,
      "text" : "controle",
      "whiteSpace" : false
    }, {
      "id" : "s2-t18",
      "begin" : 390,
      "end" : 392,
      "text" : "de",
      "whiteSpace" : false
    }, {
      "id" : "s2-t19",
      "begin" : 393,
      "end" : 400,
      "text" : "posição",
      "whiteSpace" : false
    }, {
      "id" : "s2-t20",
      "begin" : 401,
      "end" : 404,
      "text" : "dos",
      "whiteSpace" : false
    }, {
      "id" : "s2-t21",
      "begin" : 405,
      "end" : 411,
      "text" : "bancos",
      "whiteSpace" : false
    }, {
      "id" : "s2-t22",
      "begin" : 411,
      "end" : 412,
      "text" : ",",
      "whiteSpace" : false
    }, {
      "id" : "s2-t23",
      "begin" : 413,
      "end" : 418,
      "text" : "ficam",
      "whiteSpace" : false
    }, {
      "id" : "s2-t24",
      "begin" : 419,
      "end" : 424,
      "text" : "MUITO",
      "whiteSpace" : false
    }, {
      "id" : "s2-t25",
      "begin" : 425,
      "end" : 428,
      "text" : "mal",
      "whiteSpace" : false
    }, {
      "id" : "s2-t26",
      "begin" : 429,
      "end" : 441,
      "text" : "posicionados",
      "whiteSpace" : false
    }, {
      "id" : "s2-t27",
      "begin" : 441,
      "end" : 442,
      "text" : ".",
      "whiteSpace" : false
    } ]
  }, {
    "id" : "s3",
    "begin" : 443,
    "end" : 538,
    "text" : "No Argo Os engates da marcha são curtos, mas infelizmente, imprecisos e por vezes, barulhentos.",
    "tokens" : [ {
      "id" : "s3-t0",
      "begin" : 443,
      "end" : 445,
      "text" : "No",
      "whiteSpace" : false
    }, {
      "id" : "s3-t1",
      "begin" : 446,
      "end" : 450,
      "text" : "Argo",
      "whiteSpace" : false
    }, {
      "id" : "s3-t2",
      "begin" : 451,
      "end" : 453,
      "text" : "Os",
      "whiteSpace" : false
    }, {
      "id" : "s3-t3",
      "begin" : 454,
      "end" : 461,
      "text" : "engates",
      "whiteSpace" : false
    }, {
      "id" : "s3-t4",
      "begin" : 462,
      "end" : 464,
      "text" : "da",
      "whiteSpace" : false
    }, {
      "id" : "s3-t5",
      "begin" : 465,
      "end" : 471,
      "text" : "marcha",
      "whiteSpace" : false
    }, {
      "id" : "s3-t6",
      "begin" : 472,
      "end" : 475,
      "text" : "são",
      "whiteSpace" : false
    }, {
      "id" : "s3-t7",
      "begin" : 476,
      "end" : 482,
      "text" : "curtos",
      "whiteSpace" : false
    }, {
      "id" : "s3-t8",
      "begin" : 482,
      "end" : 483,
      "text" : ",",
      "whiteSpace" : false
    }, {
      "id" : "s3-t9",
      "begin" : 484,
      "end" : 487,
      "text" : "mas",
      "whiteSpace" : false
    }, {
      "id" : "s3-t10",
      "begin" : 488,
      "end" : 500,
      "text" : "infelizmente",
      "whiteSpace" : false
    }, {
      "id" : "s3-t11",
      "begin" : 500,
      "end" : 501,
      "text" : ",",
      "whiteSpace" : false
    }, {
      "id" : "s3-t12",
      "begin" : 502,
      "end" : 512,
      "text" : "imprecisos",
      "whiteSpace" : false
    }, {
      "id" : "s3-t13",
      "begin" : 513,
      "end" : 514,
      "text" : "e",
      "whiteSpace" : false
    }, {
      "id" : "s3-t14",
      "begin" : 515,
      "end" : 518,
      "text" : "por",
      "whiteSpace" : false
    }, {
      "id" : "s3-t15",
      "begin" : 519,
      "end" : 524,
      "text" : "vezes",
      "whiteSpace" : false
    }, {
      "id" : "s3-t16",
      "begin" : 524,
      "end" : 525,
      "text" : ",",
      "whiteSpace" : false
    }, {
      "id" : "s3-t17",
      "begin" : 526,
      "end" : 537,
      "text" : "barulhentos",
      "whiteSpace" : false
    }, {
      "id" : "s3-t18",
      "begin" : 537,
      "end" : 538,
      "text" : ".",
      "whiteSpace" : false
    } ]
  }, {
    "id" : "s4",
    "begin" : 539,
    "end" : 601,
    "text" : "No Argo A iluminação interna é o ponto mais negativo do carro.",
    "tokens" : [ {
      "id" : "s4-t0",
      "begin" : 539,
      "end" : 541,
      "text" : "No",
      "whiteSpace" : false
    }, {
      "id" : "s4-t1",
      "begin" : 542,
      "end" : 546,
      "text" : "Argo",
      "whiteSpace" : false
    }, {
      "id" : "s4-t2",
      "begin" : 547,
      "end" : 548,
      "text" : "A",
      "whiteSpace" : false
    }, {
      "id" : "s4-t3",
      "begin" : 549,
      "end" : 559,
      "text" : "iluminação",
      "whiteSpace" : false
    }, {
      "id" : "s4-t4",
      "begin" : 560,
      "end" : 567,
      "text" : "interna",
      "whiteSpace" : false
    }, {
      "id" : "s4-t5",
      "begin" : 568,
      "end" : 569,
      "text" : "é",
      "whiteSpace" : false
    }, {
      "id" : "s4-t6",
      "begin" : 570,
      "end" : 571,
      "text" : "o",
      "whiteSpace" : false
    }, {
      "id" : "s4-t7",
      "begin" : 572,
      "end" : 577,
      "text" : "ponto",
      "whiteSpace" : false
    }, {
      "id" : "s4-t8",
      "begin" : 578,
      "end" : 582,
      "text" : "mais",
      "whiteSpace" : false
    }, {
      "id" : "s4-t9",
      "begin" : 583,
      "end" : 591,
      "text" : "negativo",
      "whiteSpace" : false
    }, {
      "id" : "s4-t10",
      "begin" : 592,
      "end" : 594,
      "text" : "do",
      "whiteSpace" : false
    }, {
      "id" : "s4-t11",
      "begin" : 595,
      "end" : 600,
      "text" : "carro",
      "whiteSpace" : false
    }, {
      "id" : "s4-t12",
      "begin" : 600,
      "end" : 601,
      "text" : ".",
      "whiteSpace" : false
    } ]
  }, {
    "id" : "s5",
    "begin" : 602,
    "end" : 710,
    "text" : "Dentro do carro Argo é um completo breu, principalmente a versão S Design que vem com o forro de teto preto.",
    "tokens" : [ {
      "id" : "s5-t0",
      "begin" : 602,
      "end" : 608,
      "text" : "Dentro",
      "whiteSpace" : false
    }, {
      "id" : "s5-t1",
      "begin" : 609,
      "end" : 611,
      "text" : "do",
      "whiteSpace" : false
    }, {
      "id" : "s5-t2",
      "begin" : 612,
      "end" : 617,
      "text" : "carro",
      "whiteSpace" : false
    }, {
      "id" : "s5-t3",
      "begin" : 618,
      "end" : 622,
      "text" : "Argo",
      "whiteSpace" : false
    }, {
      "id" : "s5-t4",
      "begin" : 623,
      "end" : 624,
      "text" : "é",
      "whiteSpace" : false
    }, {
      "id" : "s5-t5",
      "begin" : 625,
      "end" : 627,
      "text" : "um",
      "whiteSpace" : false
    }, {
      "id" : "s5-t6",
      "begin" : 628,
      "end" : 636,
      "text" : "completo",
      "whiteSpace" : false
    }, {
      "id" : "s5-t7",
      "begin" : 637,
      "end" : 641,
      "text" : "breu",
      "whiteSpace" : false
    }, {
      "id" : "s5-t8",
      "begin" : 641,
      "end" : 642,
      "text" : ",",
      "whiteSpace" : false
    }, {
      "id" : "s5-t9",
      "begin" : 643,
      "end" : 657,
      "text" : "principalmente",
      "whiteSpace" : false
    }, {
      "id" : "s5-t10",
      "begin" : 658,
      "end" : 659,
      "text" : "a",
      "whiteSpace" : false
    }, {
      "id" : "s5-t11",
      "begin" : 660,
      "end" : 666,
      "text" : "versão",
      "whiteSpace" : false
    }, {
      "id" : "s5-t12",
      "begin" : 667,
      "end" : 668,
      "text" : "S",
      "whiteSpace" : false
    }, {
      "id" : "s5-t13",
      "begin" : 669,
      "end" : 675,
      "text" : "Design",
      "whiteSpace" : false
    }, {
      "id" : "s5-t14",
      "begin" : 676,
      "end" : 679,
      "text" : "que",
      "whiteSpace" : false
    }, {
      "id" : "s5-t15",
      "begin" : 680,
      "end" : 683,
      "text" : "vem",
      "whiteSpace" : false
    }, {
      "id" : "s5-t16",
      "begin" : 684,
      "end" : 687,
      "text" : "com",
      "whiteSpace" : false
    }, {
      "id" : "s5-t17",
      "begin" : 688,
      "end" : 689,
      "text" : "o",
      "whiteSpace" : false
    }, {
      "id" : "s5-t18",
      "begin" : 690,
      "end" : 695,
      "text" : "forro",
      "whiteSpace" : false
    }, {
      "id" : "s5-t19",
      "begin" : 696,
      "end" : 698,
      "text" : "de",
      "whiteSpace" : false
    }, {
      "id" : "s5-t20",
      "begin" : 699,
      "end" : 703,
      "text" : "teto",
      "whiteSpace" : false
    }, {
      "id" : "s5-t21",
      "begin" : 704,
      "end" : 709,
      "text" : "preto",
      "whiteSpace" : false
    }, {
      "id" : "s5-t22",
      "begin" : 709,
      "end" : 710,
      "text" : ".",
      "whiteSpace" : false
    } ]
  } ],
  "mentions" : [ {
    "id" : "s0-m1",
    "properties" : {
      "SIRE_MENTION_ROLE" : "MODELO",
      "SIRE_ENTITY_SUBTYPE" : "NONE",
      "SIRE_MENTION_TYPE" : "NONE",
      "SIRE_MENTION_CLASS" : "SPC"
    },
    "type" : "MODELO",
    "begin" : 2,
    "end" : 6,
    "inCoref" : false
  }, {
    "id" : "s0-m2",
    "properties" : {
      "SIRE_MENTION_ROLE" : "ACESSORIOS",
      "SIRE_ENTITY_SUBTYPE" : "NONE",
      "SIRE_MENTION_TYPE" : "NONE",
      "SIRE_MENTION_CLASS" : "SPC"
    },
    "type" : "ACESSORIOS",
    "begin" : 21,
    "end" : 33,
    "inCoref" : false
  }, {
    "id" : "s0-m3",
    "properties" : {
      "SIRE_MENTION_ROLE" : "ACESSORIOS",
      "SIRE_ENTITY_SUBTYPE" : "NONE",
      "SIRE_MENTION_TYPE" : "NONE",
      "SIRE_MENTION_CLASS" : "SPC"
    },
    "type" : "ACESSORIOS",
    "begin" : 58,
    "end" : 70,
    "inCoref" : false
  }, {
    "id" : "s1-m1",
    "properties" : {
      "SIRE_MENTION_ROLE" : "MODELO",
      "SIRE_ENTITY_SUBTYPE" : "NONE",
      "SIRE_MENTION_TYPE" : "NONE",
      "SIRE_MENTION_CLASS" : "SPC"
    },
    "type" : "MODELO",
    "begin" : 107,
    "end" : 111,
    "inCoref" : false
  }, {
    "id" : "s1-m2",
    "properties" : {
      "SIRE_MENTION_ROLE" : "ACESSORIOS",
      "SIRE_ENTITY_SUBTYPE" : "NONE",
      "SIRE_MENTION_TYPE" : "NONE",
      "SIRE_MENTION_CLASS" : "SPC"
    },
    "type" : "ACESSORIOS",
    "begin" : 114,
    "end" : 136,
    "inCoref" : false
  }, {
    "id" : "s1-m3",
    "properties" : {
      "SIRE_MENTION_ROLE" : "DESEMPENHO",
      "SIRE_ENTITY_SUBTYPE" : "NONE",
      "SIRE_MENTION_TYPE" : "NONE",
      "SIRE_MENTION_CLASS" : "SPC"
    },
    "type" : "DESEMPENHO",
    "begin" : 177,
    "end" : 182,
    "inCoref" : false
  }, {
    "id" : "s1-m4",
    "properties" : {
      "SIRE_MENTION_ROLE" : "DESEMPENHO",
      "SIRE_ENTITY_SUBTYPE" : "NONE",
      "SIRE_MENTION_TYPE" : "NONE",
      "SIRE_MENTION_CLASS" : "SPC"
    },
    "type" : "DESEMPENHO",
    "begin" : 255,
    "end" : 260,
    "inCoref" : false
  }, {
    "id" : "s2-m1",
    "properties" : {
      "SIRE_MENTION_ROLE" : "MODELO",
      "SIRE_ENTITY_SUBTYPE" : "NONE",
      "SIRE_MENTION_TYPE" : "NONE",
      "SIRE_MENTION_CLASS" : "SPC"
    },
    "type" : "MODELO",
    "begin" : 308,
    "end" : 312,
    "inCoref" : false
  }, {
    "id" : "s2-m3",
    "properties" : {
      "SIRE_MENTION_ROLE" : "CONFORTO",
      "SIRE_ENTITY_SUBTYPE" : "NONE",
      "SIRE_MENTION_TYPE" : "NONE",
      "SIRE_MENTION_CLASS" : "SPC"
    },
    "type" : "CONFORTO",
    "begin" : 324,
    "end" : 346,
    "inCoref" : false
  }, {
    "id" : "s2-m4",
    "properties" : {
      "SIRE_MENTION_ROLE" : "CONFORTO",
      "SIRE_ENTITY_SUBTYPE" : "NONE",
      "SIRE_MENTION_TYPE" : "NONE",
      "SIRE_MENTION_CLASS" : "SPC"
    },
    "type" : "CONFORTO",
    "begin" : 381,
    "end" : 411,
    "inCoref" : false
  }, {
    "id" : "s3-m1",
    "properties" : {
      "SIRE_MENTION_ROLE" : "MODELO",
      "SIRE_ENTITY_SUBTYPE" : "NONE",
      "SIRE_MENTION_TYPE" : "NONE",
      "SIRE_MENTION_CLASS" : "SPC"
    },
    "type" : "MODELO",
    "begin" : 446,
    "end" : 450,
    "inCoref" : false
  }, {
    "id" : "s4-m1",
    "properties" : {
      "SIRE_MENTION_ROLE" : "MODELO",
      "SIRE_ENTITY_SUBTYPE" : "NONE",
      "SIRE_MENTION_TYPE" : "NONE",
      "SIRE_MENTION_CLASS" : "SPC"
    },
    "type" : "MODELO",
    "begin" : 542,
    "end" : 546,
    "inCoref" : false
  }, {
    "id" : "s5-m1",
    "properties" : {
      "SIRE_MENTION_ROLE" : "MODELO",
      "SIRE_ENTITY_SUBTYPE" : "NONE",
      "SIRE_MENTION_TYPE" : "NONE",
      "SIRE_MENTION_CLASS" : "SPC"
    },
    "type" : "MODELO",
    "begin" : 618,
    "end" : 622,
    "inCoref" : false
  }, {
    "id" : "s5-m2",
    "properties" : {
      "SIRE_MENTION_ROLE" : "ACESSORIOS",
      "SIRE_ENTITY_SUBTYPE" : "NONE",
      "SIRE_MENTION_TYPE" : "NONE",
      "SIRE_MENTION_CLASS" : "SPC"
    },
    "type" : "ACESSORIOS",
    "begin" : 690,
    "end" : 703,
    "inCoref" : false
  } ],
  "relations" : [ {
    "id" : "s0-r1",
    "properties" : { },
    "type" : "de",
    "args" : [ "s0-m2", "s0-m1" ]
  }, {
    "id" : "s0-r2",
    "properties" : { },
    "type" : "de",
    "args" : [ "s0-m3", "s0-m1" ]
  }, {
    "id" : "s1-r1",
    "properties" : { },
    "type" : "de",
    "args" : [ "s1-m2", "s1-m1" ]
  }, {
    "id" : "s1-r2",
    "properties" : { },
    "type" : "de",
    "args" : [ "s1-m3", "s1-m1" ]
  }, {
    "id" : "s1-r3",
    "properties" : { },
    "type" : "de",
    "args" : [ "s1-m4", "s1-m1" ]
  }, {
    "id" : "s2-r1",
    "properties" : { },
    "type" : "de",
    "args" : [ "s2-m3", "s2-m1" ]
  }, {
    "id" : "s2-r2",
    "properties" : { },
    "type" : "de",
    "args" : [ "s2-m4", "s2-m1" ]
  }, {
    "id" : "s5-r1",
    "properties" : { },
    "type" : "de",
    "args" : [ "s5-m2", "s5-m1" ]
  } ],
  "corefs" : [ ],
  "typeResolved" : true,
  "userResolved" : false
}