{
  "id" : "d14dfaa0-f5d1-11ea-946d-e76b3fc26918-43",
  "name" : "train_44_1.txt",
  "createdDate" : 0,
  "version" : 3,
  "text" : "O principal do Fiat 500 é que cabe em qualquer lugar. No Fiat 500 Não terá nunca problema para estacionar já que o jogo do carro e tamanho são excelentes para isso. No Fiat 500 a Direção extremamente leve com progressão [quanto maior a velocidade mais dura fica]. Em ruas sinuosas que você precisa de mais estabilidade e firmeza no volante isso faz toda a diferença no Fiat 500. O Fiat 500 é um Carro estável e muito fácil controle.\r\n",
  "docLength" : 0,
  "language" : "PT",
  "status" : "SUBMITTED",
  "modifiedDate" : 1600011732533,
  "documentSet" : [ ],
  "preannotation" : [ ],
  "sentences" : [ {
    "id" : "s0",
    "begin" : 0,
    "end" : 53,
    "text" : "O principal do Fiat 500 é que cabe em qualquer lugar.",
    "tokens" : [ {
      "id" : "s0-t0",
      "begin" : 0,
      "end" : 1,
      "text" : "O",
      "whiteSpace" : false
    }, {
      "id" : "s0-t1",
      "begin" : 2,
      "end" : 11,
      "text" : "principal",
      "whiteSpace" : false
    }, {
      "id" : "s0-t2",
      "begin" : 12,
      "end" : 14,
      "text" : "do",
      "whiteSpace" : false
    }, {
      "id" : "s0-t3",
      "begin" : 15,
      "end" : 19,
      "text" : "Fiat",
      "whiteSpace" : false
    }, {
      "id" : "s0-t4",
      "begin" : 20,
      "end" : 23,
      "text" : "500",
      "whiteSpace" : false
    }, {
      "id" : "s0-t5",
      "begin" : 24,
      "end" : 25,
      "text" : "é",
      "whiteSpace" : false
    }, {
      "id" : "s0-t6",
      "begin" : 26,
      "end" : 29,
      "text" : "que",
      "whiteSpace" : false
    }, {
      "id" : "s0-t7",
      "begin" : 30,
      "end" : 34,
      "text" : "cabe",
      "whiteSpace" : false
    }, {
      "id" : "s0-t8",
      "begin" : 35,
      "end" : 37,
      "text" : "em",
      "whiteSpace" : false
    }, {
      "id" : "s0-t9",
      "begin" : 38,
      "end" : 46,
      "text" : "qualquer",
      "whiteSpace" : false
    }, {
      "id" : "s0-t10",
      "begin" : 47,
      "end" : 52,
      "text" : "lugar",
      "whiteSpace" : false
    }, {
      "id" : "s0-t11",
      "begin" : 52,
      "end" : 53,
      "text" : ".",
      "whiteSpace" : false
    } ]
  }, {
    "id" : "s1",
    "begin" : 54,
    "end" : 164,
    "text" : "No Fiat 500 Não terá nunca problema para estacionar já que o jogo do carro e tamanho são excelentes para isso.",
    "tokens" : [ {
      "id" : "s1-t0",
      "begin" : 54,
      "end" : 56,
      "text" : "No",
      "whiteSpace" : false
    }, {
      "id" : "s1-t1",
      "begin" : 57,
      "end" : 61,
      "text" : "Fiat",
      "whiteSpace" : false
    }, {
      "id" : "s1-t2",
      "begin" : 62,
      "end" : 65,
      "text" : "500",
      "whiteSpace" : false
    }, {
      "id" : "s1-t3",
      "begin" : 66,
      "end" : 69,
      "text" : "Não",
      "whiteSpace" : false
    }, {
      "id" : "s1-t4",
      "begin" : 70,
      "end" : 74,
      "text" : "terá",
      "whiteSpace" : false
    }, {
      "id" : "s1-t5",
      "begin" : 75,
      "end" : 80,
      "text" : "nunca",
      "whiteSpace" : false
    }, {
      "id" : "s1-t6",
      "begin" : 81,
      "end" : 89,
      "text" : "problema",
      "whiteSpace" : false
    }, {
      "id" : "s1-t7",
      "begin" : 90,
      "end" : 94,
      "text" : "para",
      "whiteSpace" : false
    }, {
      "id" : "s1-t8",
      "begin" : 95,
      "end" : 105,
      "text" : "estacionar",
      "whiteSpace" : false
    }, {
      "id" : "s1-t9",
      "begin" : 106,
      "end" : 108,
      "text" : "já",
      "whiteSpace" : false
    }, {
      "id" : "s1-t10",
      "begin" : 109,
      "end" : 112,
      "text" : "que",
      "whiteSpace" : false
    }, {
      "id" : "s1-t11",
      "begin" : 113,
      "end" : 114,
      "text" : "o",
      "whiteSpace" : false
    }, {
      "id" : "s1-t12",
      "begin" : 115,
      "end" : 119,
      "text" : "jogo",
      "whiteSpace" : false
    }, {
      "id" : "s1-t13",
      "begin" : 120,
      "end" : 122,
      "text" : "do",
      "whiteSpace" : false
    }, {
      "id" : "s1-t14",
      "begin" : 123,
      "end" : 128,
      "text" : "carro",
      "whiteSpace" : false
    }, {
      "id" : "s1-t15",
      "begin" : 129,
      "end" : 130,
      "text" : "e",
      "whiteSpace" : false
    }, {
      "id" : "s1-t16",
      "begin" : 131,
      "end" : 138,
      "text" : "tamanho",
      "whiteSpace" : false
    }, {
      "id" : "s1-t17",
      "begin" : 139,
      "end" : 142,
      "text" : "são",
      "whiteSpace" : false
    }, {
      "id" : "s1-t18",
      "begin" : 143,
      "end" : 153,
      "text" : "excelentes",
      "whiteSpace" : false
    }, {
      "id" : "s1-t19",
      "begin" : 154,
      "end" : 158,
      "text" : "para",
      "whiteSpace" : false
    }, {
      "id" : "s1-t20",
      "begin" : 159,
      "end" : 163,
      "text" : "isso",
      "whiteSpace" : false
    }, {
      "id" : "s1-t21",
      "begin" : 163,
      "end" : 164,
      "text" : ".",
      "whiteSpace" : false
    } ]
  }, {
    "id" : "s2",
    "begin" : 165,
    "end" : 263,
    "text" : "No Fiat 500 a Direção extremamente leve com progressão [quanto maior a velocidade mais dura fica].",
    "tokens" : [ {
      "id" : "s2-t0",
      "begin" : 165,
      "end" : 167,
      "text" : "No",
      "whiteSpace" : false
    }, {
      "id" : "s2-t1",
      "begin" : 168,
      "end" : 172,
      "text" : "Fiat",
      "whiteSpace" : false
    }, {
      "id" : "s2-t2",
      "begin" : 173,
      "end" : 176,
      "text" : "500",
      "whiteSpace" : false
    }, {
      "id" : "s2-t3",
      "begin" : 177,
      "end" : 178,
      "text" : "a",
      "whiteSpace" : false
    }, {
      "id" : "s2-t4",
      "begin" : 179,
      "end" : 186,
      "text" : "Direção",
      "whiteSpace" : false
    }, {
      "id" : "s2-t5",
      "begin" : 187,
      "end" : 199,
      "text" : "extremamente",
      "whiteSpace" : false
    }, {
      "id" : "s2-t6",
      "begin" : 200,
      "end" : 204,
      "text" : "leve",
      "whiteSpace" : false
    }, {
      "id" : "s2-t7",
      "begin" : 205,
      "end" : 208,
      "text" : "com",
      "whiteSpace" : false
    }, {
      "id" : "s2-t8",
      "begin" : 209,
      "end" : 219,
      "text" : "progressão",
      "whiteSpace" : false
    }, {
      "id" : "s2-t9",
      "begin" : 220,
      "end" : 221,
      "text" : "[",
      "whiteSpace" : false
    }, {
      "id" : "s2-t10",
      "begin" : 221,
      "end" : 227,
      "text" : "quanto",
      "whiteSpace" : false
    }, {
      "id" : "s2-t11",
      "begin" : 228,
      "end" : 233,
      "text" : "maior",
      "whiteSpace" : false
    }, {
      "id" : "s2-t12",
      "begin" : 234,
      "end" : 235,
      "text" : "a",
      "whiteSpace" : false
    }, {
      "id" : "s2-t13",
      "begin" : 236,
      "end" : 246,
      "text" : "velocidade",
      "whiteSpace" : false
    }, {
      "id" : "s2-t14",
      "begin" : 247,
      "end" : 251,
      "text" : "mais",
      "whiteSpace" : false
    }, {
      "id" : "s2-t15",
      "begin" : 252,
      "end" : 256,
      "text" : "dura",
      "whiteSpace" : false
    }, {
      "id" : "s2-t16",
      "begin" : 257,
      "end" : 261,
      "text" : "fica",
      "whiteSpace" : false
    }, {
      "id" : "s2-t17",
      "begin" : 261,
      "end" : 262,
      "text" : "]",
      "whiteSpace" : false
    }, {
      "id" : "s2-t18",
      "begin" : 262,
      "end" : 263,
      "text" : ".",
      "whiteSpace" : false
    } ]
  }, {
    "id" : "s3",
    "begin" : 264,
    "end" : 378,
    "text" : "Em ruas sinuosas que você precisa de mais estabilidade e firmeza no volante isso faz toda a diferença no Fiat 500.",
    "tokens" : [ {
      "id" : "s3-t0",
      "begin" : 264,
      "end" : 266,
      "text" : "Em",
      "whiteSpace" : false
    }, {
      "id" : "s3-t1",
      "begin" : 267,
      "end" : 271,
      "text" : "ruas",
      "whiteSpace" : false
    }, {
      "id" : "s3-t2",
      "begin" : 272,
      "end" : 280,
      "text" : "sinuosas",
      "whiteSpace" : false
    }, {
      "id" : "s3-t3",
      "begin" : 281,
      "end" : 284,
      "text" : "que",
      "whiteSpace" : false
    }, {
      "id" : "s3-t4",
      "begin" : 285,
      "end" : 289,
      "text" : "você",
      "whiteSpace" : false
    }, {
      "id" : "s3-t5",
      "begin" : 290,
      "end" : 297,
      "text" : "precisa",
      "whiteSpace" : false
    }, {
      "id" : "s3-t6",
      "begin" : 298,
      "end" : 300,
      "text" : "de",
      "whiteSpace" : false
    }, {
      "id" : "s3-t7",
      "begin" : 301,
      "end" : 305,
      "text" : "mais",
      "whiteSpace" : false
    }, {
      "id" : "s3-t8",
      "begin" : 306,
      "end" : 318,
      "text" : "estabilidade",
      "whiteSpace" : false
    }, {
      "id" : "s3-t9",
      "begin" : 319,
      "end" : 320,
      "text" : "e",
      "whiteSpace" : false
    }, {
      "id" : "s3-t10",
      "begin" : 321,
      "end" : 328,
      "text" : "firmeza",
      "whiteSpace" : false
    }, {
      "id" : "s3-t11",
      "begin" : 329,
      "end" : 331,
      "text" : "no",
      "whiteSpace" : false
    }, {
      "id" : "s3-t12",
      "begin" : 332,
      "end" : 339,
      "text" : "volante",
      "whiteSpace" : false
    }, {
      "id" : "s3-t13",
      "begin" : 340,
      "end" : 344,
      "text" : "isso",
      "whiteSpace" : false
    }, {
      "id" : "s3-t14",
      "begin" : 345,
      "end" : 348,
      "text" : "faz",
      "whiteSpace" : false
    }, {
      "id" : "s3-t15",
      "begin" : 349,
      "end" : 353,
      "text" : "toda",
      "whiteSpace" : false
    }, {
      "id" : "s3-t16",
      "begin" : 354,
      "end" : 355,
      "text" : "a",
      "whiteSpace" : false
    }, {
      "id" : "s3-t17",
      "begin" : 356,
      "end" : 365,
      "text" : "diferença",
      "whiteSpace" : false
    }, {
      "id" : "s3-t18",
      "begin" : 366,
      "end" : 368,
      "text" : "no",
      "whiteSpace" : false
    }, {
      "id" : "s3-t19",
      "begin" : 369,
      "end" : 373,
      "text" : "Fiat",
      "whiteSpace" : false
    }, {
      "id" : "s3-t20",
      "begin" : 374,
      "end" : 377,
      "text" : "500",
      "whiteSpace" : false
    }, {
      "id" : "s3-t21",
      "begin" : 377,
      "end" : 378,
      "text" : ".",
      "whiteSpace" : false
    } ]
  }, {
    "id" : "s4",
    "begin" : 379,
    "end" : 432,
    "text" : "O Fiat 500 é um Carro estável e muito fácil controle.",
    "tokens" : [ {
      "id" : "s4-t0",
      "begin" : 379,
      "end" : 380,
      "text" : "O",
      "whiteSpace" : false
    }, {
      "id" : "s4-t1",
      "begin" : 381,
      "end" : 385,
      "text" : "Fiat",
      "whiteSpace" : false
    }, {
      "id" : "s4-t2",
      "begin" : 386,
      "end" : 389,
      "text" : "500",
      "whiteSpace" : false
    }, {
      "id" : "s4-t3",
      "begin" : 390,
      "end" : 391,
      "text" : "é",
      "whiteSpace" : false
    }, {
      "id" : "s4-t4",
      "begin" : 392,
      "end" : 394,
      "text" : "um",
      "whiteSpace" : false
    }, {
      "id" : "s4-t5",
      "begin" : 395,
      "end" : 400,
      "text" : "Carro",
      "whiteSpace" : false
    }, {
      "id" : "s4-t6",
      "begin" : 401,
      "end" : 408,
      "text" : "estável",
      "whiteSpace" : false
    }, {
      "id" : "s4-t7",
      "begin" : 409,
      "end" : 410,
      "text" : "e",
      "whiteSpace" : false
    }, {
      "id" : "s4-t8",
      "begin" : 411,
      "end" : 416,
      "text" : "muito",
      "whiteSpace" : false
    }, {
      "id" : "s4-t9",
      "begin" : 417,
      "end" : 422,
      "text" : "fácil",
      "whiteSpace" : false
    }, {
      "id" : "s4-t10",
      "begin" : 423,
      "end" : 431,
      "text" : "controle",
      "whiteSpace" : false
    }, {
      "id" : "s4-t11",
      "begin" : 431,
      "end" : 432,
      "text" : ".",
      "whiteSpace" : false
    } ]
  } ],
  "mentions" : [ {
    "id" : "s0-m1",
    "properties" : {
      "SIRE_MENTION_ROLE" : "MODELO",
      "SIRE_ENTITY_SUBTYPE" : "NONE",
      "SIRE_MENTION_TYPE" : "NONE",
      "SIRE_MENTION_CLASS" : "SPC"
    },
    "type" : "MODELO",
    "begin" : 15,
    "end" : 23,
    "inCoref" : false
  }, {
    "id" : "s1-m1",
    "properties" : {
      "SIRE_MENTION_ROLE" : "MODELO",
      "SIRE_ENTITY_SUBTYPE" : "NONE",
      "SIRE_MENTION_TYPE" : "NONE",
      "SIRE_MENTION_CLASS" : "SPC"
    },
    "type" : "MODELO",
    "begin" : 57,
    "end" : 65,
    "inCoref" : false
  }, {
    "id" : "s2-m1",
    "properties" : {
      "SIRE_MENTION_ROLE" : "MODELO",
      "SIRE_ENTITY_SUBTYPE" : "NONE",
      "SIRE_MENTION_TYPE" : "NONE",
      "SIRE_MENTION_CLASS" : "SPC"
    },
    "type" : "MODELO",
    "begin" : 168,
    "end" : 176,
    "inCoref" : false
  }, {
    "id" : "s3-m2",
    "properties" : {
      "SIRE_MENTION_ROLE" : "SEGURANCA",
      "SIRE_ENTITY_SUBTYPE" : "NONE",
      "SIRE_MENTION_TYPE" : "NONE",
      "SIRE_MENTION_CLASS" : "SPC"
    },
    "type" : "SEGURANCA",
    "begin" : 306,
    "end" : 318,
    "inCoref" : false
  }, {
    "id" : "s3-m1",
    "properties" : {
      "SIRE_MENTION_ROLE" : "MODELO",
      "SIRE_ENTITY_SUBTYPE" : "NONE",
      "SIRE_MENTION_TYPE" : "NONE",
      "SIRE_MENTION_CLASS" : "SPC"
    },
    "type" : "MODELO",
    "begin" : 369,
    "end" : 377,
    "inCoref" : false
  }, {
    "id" : "s4-m1",
    "properties" : {
      "SIRE_MENTION_ROLE" : "MODELO",
      "SIRE_ENTITY_SUBTYPE" : "NONE",
      "SIRE_MENTION_TYPE" : "NONE",
      "SIRE_MENTION_CLASS" : "SPC"
    },
    "type" : "MODELO",
    "begin" : 381,
    "end" : 389,
    "inCoref" : false
  }, {
    "id" : "s4-m2",
    "properties" : {
      "SIRE_MENTION_ROLE" : "SEGURANCA",
      "SIRE_ENTITY_SUBTYPE" : "NONE",
      "SIRE_MENTION_TYPE" : "NONE",
      "SIRE_MENTION_CLASS" : "SPC"
    },
    "type" : "SEGURANCA",
    "begin" : 401,
    "end" : 408,
    "inCoref" : false
  } ],
  "relations" : [ {
    "id" : "s3-r1",
    "properties" : { },
    "type" : "de",
    "args" : [ "s3-m2", "s3-m1" ]
  }, {
    "id" : "s4-r1",
    "properties" : { },
    "type" : "de",
    "args" : [ "s4-m2", "s4-m1" ]
  } ],
  "corefs" : [ ],
  "typeResolved" : true,
  "userResolved" : false
}