{
  "id" : "d14dfaa0-f5d1-11ea-946d-e76b3fc26918-25",
  "name" : "train_26_1.txt",
  "createdDate" : 0,
  "version" : 3,
  "text" : "O carro Argo possuí bom acabamento, boa qualidade de som e boa conectividade. Preço do seguro, em relação a outros compactos Premium, é bom, do Argo. O Argo tem Boa dirigibilidade. Quase não há ruídos no Argo, devido ao bom isolamento acústico, o que torna a vida a bordo muito agradável. Estou muito satisfeito. Antes da compra, testei outro modelos de outras marcas e me decidi pelo Argo.\r\n",
  "docLength" : 0,
  "language" : "PT",
  "status" : "SUBMITTED",
  "modifiedDate" : 1600011020357,
  "documentSet" : [ ],
  "preannotation" : [ ],
  "sentences" : [ {
    "id" : "s0",
    "begin" : 0,
    "end" : 77,
    "text" : "O carro Argo possuí bom acabamento, boa qualidade de som e boa conectividade.",
    "tokens" : [ {
      "id" : "s0-t0",
      "begin" : 0,
      "end" : 1,
      "text" : "O",
      "whiteSpace" : false
    }, {
      "id" : "s0-t1",
      "begin" : 2,
      "end" : 7,
      "text" : "carro",
      "whiteSpace" : false
    }, {
      "id" : "s0-t2",
      "begin" : 8,
      "end" : 12,
      "text" : "Argo",
      "whiteSpace" : false
    }, {
      "id" : "s0-t3",
      "begin" : 13,
      "end" : 19,
      "text" : "possuí",
      "whiteSpace" : false
    }, {
      "id" : "s0-t4",
      "begin" : 20,
      "end" : 23,
      "text" : "bom",
      "whiteSpace" : false
    }, {
      "id" : "s0-t5",
      "begin" : 24,
      "end" : 34,
      "text" : "acabamento",
      "whiteSpace" : false
    }, {
      "id" : "s0-t6",
      "begin" : 34,
      "end" : 35,
      "text" : ",",
      "whiteSpace" : false
    }, {
      "id" : "s0-t7",
      "begin" : 36,
      "end" : 39,
      "text" : "boa",
      "whiteSpace" : false
    }, {
      "id" : "s0-t8",
      "begin" : 40,
      "end" : 49,
      "text" : "qualidade",
      "whiteSpace" : false
    }, {
      "id" : "s0-t9",
      "begin" : 50,
      "end" : 52,
      "text" : "de",
      "whiteSpace" : false
    }, {
      "id" : "s0-t10",
      "begin" : 53,
      "end" : 56,
      "text" : "som",
      "whiteSpace" : false
    }, {
      "id" : "s0-t11",
      "begin" : 57,
      "end" : 58,
      "text" : "e",
      "whiteSpace" : false
    }, {
      "id" : "s0-t12",
      "begin" : 59,
      "end" : 62,
      "text" : "boa",
      "whiteSpace" : false
    }, {
      "id" : "s0-t13",
      "begin" : 63,
      "end" : 76,
      "text" : "conectividade",
      "whiteSpace" : false
    }, {
      "id" : "s0-t14",
      "begin" : 76,
      "end" : 77,
      "text" : ".",
      "whiteSpace" : false
    } ]
  }, {
    "id" : "s1",
    "begin" : 78,
    "end" : 149,
    "text" : "Preço do seguro, em relação a outros compactos Premium, é bom, do Argo.",
    "tokens" : [ {
      "id" : "s1-t0",
      "begin" : 78,
      "end" : 83,
      "text" : "Preço",
      "whiteSpace" : false
    }, {
      "id" : "s1-t1",
      "begin" : 84,
      "end" : 86,
      "text" : "do",
      "whiteSpace" : false
    }, {
      "id" : "s1-t2",
      "begin" : 87,
      "end" : 93,
      "text" : "seguro",
      "whiteSpace" : false
    }, {
      "id" : "s1-t3",
      "begin" : 93,
      "end" : 94,
      "text" : ",",
      "whiteSpace" : false
    }, {
      "id" : "s1-t4",
      "begin" : 95,
      "end" : 97,
      "text" : "em",
      "whiteSpace" : false
    }, {
      "id" : "s1-t5",
      "begin" : 98,
      "end" : 105,
      "text" : "relação",
      "whiteSpace" : false
    }, {
      "id" : "s1-t6",
      "begin" : 106,
      "end" : 107,
      "text" : "a",
      "whiteSpace" : false
    }, {
      "id" : "s1-t7",
      "begin" : 108,
      "end" : 114,
      "text" : "outros",
      "whiteSpace" : false
    }, {
      "id" : "s1-t8",
      "begin" : 115,
      "end" : 124,
      "text" : "compactos",
      "whiteSpace" : false
    }, {
      "id" : "s1-t9",
      "begin" : 125,
      "end" : 132,
      "text" : "Premium",
      "whiteSpace" : false
    }, {
      "id" : "s1-t10",
      "begin" : 132,
      "end" : 133,
      "text" : ",",
      "whiteSpace" : false
    }, {
      "id" : "s1-t11",
      "begin" : 134,
      "end" : 135,
      "text" : "é",
      "whiteSpace" : false
    }, {
      "id" : "s1-t12",
      "begin" : 136,
      "end" : 139,
      "text" : "bom",
      "whiteSpace" : false
    }, {
      "id" : "s1-t13",
      "begin" : 139,
      "end" : 140,
      "text" : ",",
      "whiteSpace" : false
    }, {
      "id" : "s1-t14",
      "begin" : 141,
      "end" : 143,
      "text" : "do",
      "whiteSpace" : false
    }, {
      "id" : "s1-t15",
      "begin" : 144,
      "end" : 148,
      "text" : "Argo",
      "whiteSpace" : false
    }, {
      "id" : "s1-t16",
      "begin" : 148,
      "end" : 149,
      "text" : ".",
      "whiteSpace" : false
    } ]
  }, {
    "id" : "s2",
    "begin" : 150,
    "end" : 180,
    "text" : "O Argo tem Boa dirigibilidade.",
    "tokens" : [ {
      "id" : "s2-t0",
      "begin" : 150,
      "end" : 151,
      "text" : "O",
      "whiteSpace" : false
    }, {
      "id" : "s2-t1",
      "begin" : 152,
      "end" : 156,
      "text" : "Argo",
      "whiteSpace" : false
    }, {
      "id" : "s2-t2",
      "begin" : 157,
      "end" : 160,
      "text" : "tem",
      "whiteSpace" : false
    }, {
      "id" : "s2-t3",
      "begin" : 161,
      "end" : 164,
      "text" : "Boa",
      "whiteSpace" : false
    }, {
      "id" : "s2-t4",
      "begin" : 165,
      "end" : 179,
      "text" : "dirigibilidade",
      "whiteSpace" : false
    }, {
      "id" : "s2-t5",
      "begin" : 179,
      "end" : 180,
      "text" : ".",
      "whiteSpace" : false
    } ]
  }, {
    "id" : "s3",
    "begin" : 181,
    "end" : 288,
    "text" : "Quase não há ruídos no Argo, devido ao bom isolamento acústico, o que torna a vida a bordo muito agradável.",
    "tokens" : [ {
      "id" : "s3-t0",
      "begin" : 181,
      "end" : 186,
      "text" : "Quase",
      "whiteSpace" : false
    }, {
      "id" : "s3-t1",
      "begin" : 187,
      "end" : 190,
      "text" : "não",
      "whiteSpace" : false
    }, {
      "id" : "s3-t2",
      "begin" : 191,
      "end" : 193,
      "text" : "há",
      "whiteSpace" : false
    }, {
      "id" : "s3-t3",
      "begin" : 194,
      "end" : 200,
      "text" : "ruídos",
      "whiteSpace" : false
    }, {
      "id" : "s3-t4",
      "begin" : 201,
      "end" : 203,
      "text" : "no",
      "whiteSpace" : false
    }, {
      "id" : "s3-t5",
      "begin" : 204,
      "end" : 208,
      "text" : "Argo",
      "whiteSpace" : false
    }, {
      "id" : "s3-t6",
      "begin" : 208,
      "end" : 209,
      "text" : ",",
      "whiteSpace" : false
    }, {
      "id" : "s3-t7",
      "begin" : 210,
      "end" : 216,
      "text" : "devido",
      "whiteSpace" : false
    }, {
      "id" : "s3-t8",
      "begin" : 217,
      "end" : 219,
      "text" : "ao",
      "whiteSpace" : false
    }, {
      "id" : "s3-t9",
      "begin" : 220,
      "end" : 223,
      "text" : "bom",
      "whiteSpace" : false
    }, {
      "id" : "s3-t10",
      "begin" : 224,
      "end" : 234,
      "text" : "isolamento",
      "whiteSpace" : false
    }, {
      "id" : "s3-t11",
      "begin" : 235,
      "end" : 243,
      "text" : "acústico",
      "whiteSpace" : false
    }, {
      "id" : "s3-t12",
      "begin" : 243,
      "end" : 244,
      "text" : ",",
      "whiteSpace" : false
    }, {
      "id" : "s3-t13",
      "begin" : 245,
      "end" : 246,
      "text" : "o",
      "whiteSpace" : false
    }, {
      "id" : "s3-t14",
      "begin" : 247,
      "end" : 250,
      "text" : "que",
      "whiteSpace" : false
    }, {
      "id" : "s3-t15",
      "begin" : 251,
      "end" : 256,
      "text" : "torna",
      "whiteSpace" : false
    }, {
      "id" : "s3-t16",
      "begin" : 257,
      "end" : 258,
      "text" : "a",
      "whiteSpace" : false
    }, {
      "id" : "s3-t17",
      "begin" : 259,
      "end" : 263,
      "text" : "vida",
      "whiteSpace" : false
    }, {
      "id" : "s3-t18",
      "begin" : 264,
      "end" : 265,
      "text" : "a",
      "whiteSpace" : false
    }, {
      "id" : "s3-t19",
      "begin" : 266,
      "end" : 271,
      "text" : "bordo",
      "whiteSpace" : false
    }, {
      "id" : "s3-t20",
      "begin" : 272,
      "end" : 277,
      "text" : "muito",
      "whiteSpace" : false
    }, {
      "id" : "s3-t21",
      "begin" : 278,
      "end" : 287,
      "text" : "agradável",
      "whiteSpace" : false
    }, {
      "id" : "s3-t22",
      "begin" : 287,
      "end" : 288,
      "text" : ".",
      "whiteSpace" : false
    } ]
  }, {
    "id" : "s4",
    "begin" : 289,
    "end" : 312,
    "text" : "Estou muito satisfeito.",
    "tokens" : [ {
      "id" : "s4-t0",
      "begin" : 289,
      "end" : 294,
      "text" : "Estou",
      "whiteSpace" : false
    }, {
      "id" : "s4-t1",
      "begin" : 295,
      "end" : 300,
      "text" : "muito",
      "whiteSpace" : false
    }, {
      "id" : "s4-t2",
      "begin" : 301,
      "end" : 311,
      "text" : "satisfeito",
      "whiteSpace" : false
    }, {
      "id" : "s4-t3",
      "begin" : 311,
      "end" : 312,
      "text" : ".",
      "whiteSpace" : false
    } ]
  }, {
    "id" : "s5",
    "begin" : 313,
    "end" : 390,
    "text" : "Antes da compra, testei outro modelos de outras marcas e me decidi pelo Argo.",
    "tokens" : [ {
      "id" : "s5-t0",
      "begin" : 313,
      "end" : 318,
      "text" : "Antes",
      "whiteSpace" : false
    }, {
      "id" : "s5-t1",
      "begin" : 319,
      "end" : 321,
      "text" : "da",
      "whiteSpace" : false
    }, {
      "id" : "s5-t2",
      "begin" : 322,
      "end" : 328,
      "text" : "compra",
      "whiteSpace" : false
    }, {
      "id" : "s5-t3",
      "begin" : 328,
      "end" : 329,
      "text" : ",",
      "whiteSpace" : false
    }, {
      "id" : "s5-t4",
      "begin" : 330,
      "end" : 336,
      "text" : "testei",
      "whiteSpace" : false
    }, {
      "id" : "s5-t5",
      "begin" : 337,
      "end" : 342,
      "text" : "outro",
      "whiteSpace" : false
    }, {
      "id" : "s5-t6",
      "begin" : 343,
      "end" : 350,
      "text" : "modelos",
      "whiteSpace" : false
    }, {
      "id" : "s5-t7",
      "begin" : 351,
      "end" : 353,
      "text" : "de",
      "whiteSpace" : false
    }, {
      "id" : "s5-t8",
      "begin" : 354,
      "end" : 360,
      "text" : "outras",
      "whiteSpace" : false
    }, {
      "id" : "s5-t9",
      "begin" : 361,
      "end" : 367,
      "text" : "marcas",
      "whiteSpace" : false
    }, {
      "id" : "s5-t10",
      "begin" : 368,
      "end" : 369,
      "text" : "e",
      "whiteSpace" : false
    }, {
      "id" : "s5-t11",
      "begin" : 370,
      "end" : 372,
      "text" : "me",
      "whiteSpace" : false
    }, {
      "id" : "s5-t12",
      "begin" : 373,
      "end" : 379,
      "text" : "decidi",
      "whiteSpace" : false
    }, {
      "id" : "s5-t13",
      "begin" : 380,
      "end" : 384,
      "text" : "pelo",
      "whiteSpace" : false
    }, {
      "id" : "s5-t14",
      "begin" : 385,
      "end" : 389,
      "text" : "Argo",
      "whiteSpace" : false
    }, {
      "id" : "s5-t15",
      "begin" : 389,
      "end" : 390,
      "text" : ".",
      "whiteSpace" : false
    } ]
  } ],
  "mentions" : [ {
    "id" : "s0-m1",
    "properties" : {
      "SIRE_MENTION_ROLE" : "MODELO",
      "SIRE_ENTITY_SUBTYPE" : "NONE",
      "SIRE_MENTION_TYPE" : "NONE",
      "SIRE_MENTION_CLASS" : "SPC"
    },
    "type" : "MODELO",
    "begin" : 8,
    "end" : 12,
    "inCoref" : false
  }, {
    "id" : "s0-m2",
    "properties" : {
      "SIRE_MENTION_ROLE" : "ACESSORIOS",
      "SIRE_ENTITY_SUBTYPE" : "NONE",
      "SIRE_MENTION_TYPE" : "NONE",
      "SIRE_MENTION_CLASS" : "SPC"
    },
    "type" : "ACESSORIOS",
    "begin" : 53,
    "end" : 56,
    "inCoref" : false
  }, {
    "id" : "s0-m3",
    "properties" : {
      "SIRE_MENTION_ROLE" : "ACESSORIOS",
      "SIRE_ENTITY_SUBTYPE" : "NONE",
      "SIRE_MENTION_TYPE" : "NONE",
      "SIRE_MENTION_CLASS" : "SPC"
    },
    "type" : "ACESSORIOS",
    "begin" : 63,
    "end" : 76,
    "inCoref" : false
  }, {
    "id" : "s1-m1",
    "properties" : {
      "SIRE_MENTION_ROLE" : "MODELO",
      "SIRE_ENTITY_SUBTYPE" : "NONE",
      "SIRE_MENTION_TYPE" : "NONE",
      "SIRE_MENTION_CLASS" : "SPC"
    },
    "type" : "MODELO",
    "begin" : 144,
    "end" : 148,
    "inCoref" : false
  }, {
    "id" : "s2-m1",
    "properties" : {
      "SIRE_MENTION_ROLE" : "MODELO",
      "SIRE_ENTITY_SUBTYPE" : "NONE",
      "SIRE_MENTION_TYPE" : "NONE",
      "SIRE_MENTION_CLASS" : "SPC"
    },
    "type" : "MODELO",
    "begin" : 152,
    "end" : 156,
    "inCoref" : false
  }, {
    "id" : "s2-m2",
    "properties" : {
      "SIRE_MENTION_ROLE" : "CONFORTO",
      "SIRE_ENTITY_SUBTYPE" : "NONE",
      "SIRE_MENTION_TYPE" : "NONE",
      "SIRE_MENTION_CLASS" : "SPC"
    },
    "type" : "CONFORTO",
    "begin" : 165,
    "end" : 179,
    "inCoref" : false
  }, {
    "id" : "s3-m1",
    "properties" : {
      "SIRE_MENTION_ROLE" : "MODELO",
      "SIRE_ENTITY_SUBTYPE" : "NONE",
      "SIRE_MENTION_TYPE" : "NONE",
      "SIRE_MENTION_CLASS" : "SPC"
    },
    "type" : "MODELO",
    "begin" : 204,
    "end" : 208,
    "inCoref" : false
  }, {
    "id" : "s3-m2",
    "properties" : {
      "SIRE_MENTION_ROLE" : "CONFORTO",
      "SIRE_ENTITY_SUBTYPE" : "NONE",
      "SIRE_MENTION_TYPE" : "NONE",
      "SIRE_MENTION_CLASS" : "SPC"
    },
    "type" : "CONFORTO",
    "begin" : 224,
    "end" : 243,
    "inCoref" : false
  }, {
    "id" : "s5-m1",
    "properties" : {
      "SIRE_MENTION_ROLE" : "MODELO",
      "SIRE_ENTITY_SUBTYPE" : "NONE",
      "SIRE_MENTION_TYPE" : "NONE",
      "SIRE_MENTION_CLASS" : "SPC"
    },
    "type" : "MODELO",
    "begin" : 385,
    "end" : 389,
    "inCoref" : false
  } ],
  "relations" : [ {
    "id" : "s0-r1",
    "properties" : { },
    "type" : "de",
    "args" : [ "s0-m2", "s0-m1" ]
  }, {
    "id" : "s0-r2",
    "properties" : { },
    "type" : "de",
    "args" : [ "s0-m3", "s0-m1" ]
  }, {
    "id" : "s2-r1",
    "properties" : { },
    "type" : "de",
    "args" : [ "s2-m2", "s2-m1" ]
  }, {
    "id" : "s3-r1",
    "properties" : { },
    "type" : "de",
    "args" : [ "s3-m2", "s3-m1" ]
  } ],
  "corefs" : [ ],
  "typeResolved" : true,
  "userResolved" : false
}