{
  "id" : "d14dfaa0-f5d1-11ea-946d-e76b3fc26918-27",
  "name" : "train_28_1.txt",
  "createdDate" : 0,
  "version" : 3,
  "text" : "O ruído do motor do Linea, na minha opinião, realmente incomoda um pouco em viagens quando o motor está trabalhando ao redor de 3500 rpm, mas nada tão absurdo. A verdade é que o carro Linea é extremamente silencioso por dentro e dessa forma o ruído motor acaba se destacando.\r\n",
  "docLength" : 0,
  "language" : "PT",
  "status" : "SUBMITTED",
  "modifiedDate" : 1600011103119,
  "documentSet" : [ ],
  "preannotation" : [ ],
  "sentences" : [ {
    "id" : "s0",
    "begin" : 0,
    "end" : 159,
    "text" : "O ruído do motor do Linea, na minha opinião, realmente incomoda um pouco em viagens quando o motor está trabalhando ao redor de 3500 rpm, mas nada tão absurdo.",
    "tokens" : [ {
      "id" : "s0-t0",
      "begin" : 0,
      "end" : 1,
      "text" : "O",
      "whiteSpace" : false
    }, {
      "id" : "s0-t1",
      "begin" : 2,
      "end" : 7,
      "text" : "ruído",
      "whiteSpace" : false
    }, {
      "id" : "s0-t2",
      "begin" : 8,
      "end" : 10,
      "text" : "do",
      "whiteSpace" : false
    }, {
      "id" : "s0-t3",
      "begin" : 11,
      "end" : 16,
      "text" : "motor",
      "whiteSpace" : false
    }, {
      "id" : "s0-t4",
      "begin" : 17,
      "end" : 19,
      "text" : "do",
      "whiteSpace" : false
    }, {
      "id" : "s0-t5",
      "begin" : 20,
      "end" : 25,
      "text" : "Linea",
      "whiteSpace" : false
    }, {
      "id" : "s0-t6",
      "begin" : 25,
      "end" : 26,
      "text" : ",",
      "whiteSpace" : false
    }, {
      "id" : "s0-t7",
      "begin" : 27,
      "end" : 29,
      "text" : "na",
      "whiteSpace" : false
    }, {
      "id" : "s0-t8",
      "begin" : 30,
      "end" : 35,
      "text" : "minha",
      "whiteSpace" : false
    }, {
      "id" : "s0-t9",
      "begin" : 36,
      "end" : 43,
      "text" : "opinião",
      "whiteSpace" : false
    }, {
      "id" : "s0-t10",
      "begin" : 43,
      "end" : 44,
      "text" : ",",
      "whiteSpace" : false
    }, {
      "id" : "s0-t11",
      "begin" : 45,
      "end" : 54,
      "text" : "realmente",
      "whiteSpace" : false
    }, {
      "id" : "s0-t12",
      "begin" : 55,
      "end" : 63,
      "text" : "incomoda",
      "whiteSpace" : false
    }, {
      "id" : "s0-t13",
      "begin" : 64,
      "end" : 66,
      "text" : "um",
      "whiteSpace" : false
    }, {
      "id" : "s0-t14",
      "begin" : 67,
      "end" : 72,
      "text" : "pouco",
      "whiteSpace" : false
    }, {
      "id" : "s0-t15",
      "begin" : 73,
      "end" : 75,
      "text" : "em",
      "whiteSpace" : false
    }, {
      "id" : "s0-t16",
      "begin" : 76,
      "end" : 83,
      "text" : "viagens",
      "whiteSpace" : false
    }, {
      "id" : "s0-t17",
      "begin" : 84,
      "end" : 90,
      "text" : "quando",
      "whiteSpace" : false
    }, {
      "id" : "s0-t18",
      "begin" : 91,
      "end" : 92,
      "text" : "o",
      "whiteSpace" : false
    }, {
      "id" : "s0-t19",
      "begin" : 93,
      "end" : 98,
      "text" : "motor",
      "whiteSpace" : false
    }, {
      "id" : "s0-t20",
      "begin" : 99,
      "end" : 103,
      "text" : "está",
      "whiteSpace" : false
    }, {
      "id" : "s0-t21",
      "begin" : 104,
      "end" : 115,
      "text" : "trabalhando",
      "whiteSpace" : false
    }, {
      "id" : "s0-t22",
      "begin" : 116,
      "end" : 118,
      "text" : "ao",
      "whiteSpace" : false
    }, {
      "id" : "s0-t23",
      "begin" : 119,
      "end" : 124,
      "text" : "redor",
      "whiteSpace" : false
    }, {
      "id" : "s0-t24",
      "begin" : 125,
      "end" : 127,
      "text" : "de",
      "whiteSpace" : false
    }, {
      "id" : "s0-t25",
      "begin" : 128,
      "end" : 132,
      "text" : "3500",
      "whiteSpace" : false
    }, {
      "id" : "s0-t26",
      "begin" : 133,
      "end" : 136,
      "text" : "rpm",
      "whiteSpace" : false
    }, {
      "id" : "s0-t27",
      "begin" : 136,
      "end" : 137,
      "text" : ",",
      "whiteSpace" : false
    }, {
      "id" : "s0-t28",
      "begin" : 138,
      "end" : 141,
      "text" : "mas",
      "whiteSpace" : false
    }, {
      "id" : "s0-t29",
      "begin" : 142,
      "end" : 146,
      "text" : "nada",
      "whiteSpace" : false
    }, {
      "id" : "s0-t30",
      "begin" : 147,
      "end" : 150,
      "text" : "tão",
      "whiteSpace" : false
    }, {
      "id" : "s0-t31",
      "begin" : 151,
      "end" : 158,
      "text" : "absurdo",
      "whiteSpace" : false
    }, {
      "id" : "s0-t32",
      "begin" : 158,
      "end" : 159,
      "text" : ".",
      "whiteSpace" : false
    } ]
  }, {
    "id" : "s1",
    "begin" : 160,
    "end" : 275,
    "text" : "A verdade é que o carro Linea é extremamente silencioso por dentro e dessa forma o ruído motor acaba se destacando.",
    "tokens" : [ {
      "id" : "s1-t0",
      "begin" : 160,
      "end" : 161,
      "text" : "A",
      "whiteSpace" : false
    }, {
      "id" : "s1-t1",
      "begin" : 162,
      "end" : 169,
      "text" : "verdade",
      "whiteSpace" : false
    }, {
      "id" : "s1-t2",
      "begin" : 170,
      "end" : 171,
      "text" : "é",
      "whiteSpace" : false
    }, {
      "id" : "s1-t3",
      "begin" : 172,
      "end" : 175,
      "text" : "que",
      "whiteSpace" : false
    }, {
      "id" : "s1-t4",
      "begin" : 176,
      "end" : 177,
      "text" : "o",
      "whiteSpace" : false
    }, {
      "id" : "s1-t5",
      "begin" : 178,
      "end" : 183,
      "text" : "carro",
      "whiteSpace" : false
    }, {
      "id" : "s1-t6",
      "begin" : 184,
      "end" : 189,
      "text" : "Linea",
      "whiteSpace" : false
    }, {
      "id" : "s1-t7",
      "begin" : 190,
      "end" : 191,
      "text" : "é",
      "whiteSpace" : false
    }, {
      "id" : "s1-t8",
      "begin" : 192,
      "end" : 204,
      "text" : "extremamente",
      "whiteSpace" : false
    }, {
      "id" : "s1-t9",
      "begin" : 205,
      "end" : 215,
      "text" : "silencioso",
      "whiteSpace" : false
    }, {
      "id" : "s1-t10",
      "begin" : 216,
      "end" : 219,
      "text" : "por",
      "whiteSpace" : false
    }, {
      "id" : "s1-t11",
      "begin" : 220,
      "end" : 226,
      "text" : "dentro",
      "whiteSpace" : false
    }, {
      "id" : "s1-t12",
      "begin" : 227,
      "end" : 228,
      "text" : "e",
      "whiteSpace" : false
    }, {
      "id" : "s1-t13",
      "begin" : 229,
      "end" : 234,
      "text" : "dessa",
      "whiteSpace" : false
    }, {
      "id" : "s1-t14",
      "begin" : 235,
      "end" : 240,
      "text" : "forma",
      "whiteSpace" : false
    }, {
      "id" : "s1-t15",
      "begin" : 241,
      "end" : 242,
      "text" : "o",
      "whiteSpace" : false
    }, {
      "id" : "s1-t16",
      "begin" : 243,
      "end" : 248,
      "text" : "ruído",
      "whiteSpace" : false
    }, {
      "id" : "s1-t17",
      "begin" : 249,
      "end" : 254,
      "text" : "motor",
      "whiteSpace" : false
    }, {
      "id" : "s1-t18",
      "begin" : 255,
      "end" : 260,
      "text" : "acaba",
      "whiteSpace" : false
    }, {
      "id" : "s1-t19",
      "begin" : 261,
      "end" : 263,
      "text" : "se",
      "whiteSpace" : false
    }, {
      "id" : "s1-t20",
      "begin" : 264,
      "end" : 274,
      "text" : "destacando",
      "whiteSpace" : false
    }, {
      "id" : "s1-t21",
      "begin" : 274,
      "end" : 275,
      "text" : ".",
      "whiteSpace" : false
    } ]
  } ],
  "mentions" : [ {
    "id" : "s0-m3",
    "properties" : {
      "SIRE_MENTION_ROLE" : "DESEMPENHO",
      "SIRE_ENTITY_SUBTYPE" : "NONE",
      "SIRE_MENTION_TYPE" : "NONE",
      "SIRE_MENTION_CLASS" : "SPC"
    },
    "type" : "DESEMPENHO",
    "begin" : 11,
    "end" : 16,
    "inCoref" : false
  }, {
    "id" : "s0-m1",
    "properties" : {
      "SIRE_MENTION_ROLE" : "MODELO",
      "SIRE_ENTITY_SUBTYPE" : "NONE",
      "SIRE_MENTION_TYPE" : "NONE",
      "SIRE_MENTION_CLASS" : "SPC"
    },
    "type" : "MODELO",
    "begin" : 20,
    "end" : 25,
    "inCoref" : false
  }, {
    "id" : "s0-m2",
    "properties" : {
      "SIRE_MENTION_ROLE" : "DESEMPENHO",
      "SIRE_ENTITY_SUBTYPE" : "NONE",
      "SIRE_MENTION_TYPE" : "NONE",
      "SIRE_MENTION_CLASS" : "SPC"
    },
    "type" : "DESEMPENHO",
    "begin" : 93,
    "end" : 98,
    "inCoref" : false
  }, {
    "id" : "s1-m1",
    "properties" : {
      "SIRE_MENTION_ROLE" : "MODELO",
      "SIRE_ENTITY_SUBTYPE" : "NONE",
      "SIRE_MENTION_TYPE" : "NONE",
      "SIRE_MENTION_CLASS" : "SPC"
    },
    "type" : "MODELO",
    "begin" : 184,
    "end" : 189,
    "inCoref" : false
  }, {
    "id" : "s1-m3",
    "properties" : {
      "SIRE_MENTION_ROLE" : "CONFORTO",
      "SIRE_ENTITY_SUBTYPE" : "NONE",
      "SIRE_MENTION_TYPE" : "NONE",
      "SIRE_MENTION_CLASS" : "SPC"
    },
    "type" : "CONFORTO",
    "begin" : 205,
    "end" : 215,
    "inCoref" : false
  }, {
    "id" : "s1-m2",
    "properties" : {
      "SIRE_MENTION_ROLE" : "DESEMPENHO",
      "SIRE_ENTITY_SUBTYPE" : "NONE",
      "SIRE_MENTION_TYPE" : "NONE",
      "SIRE_MENTION_CLASS" : "SPC"
    },
    "type" : "DESEMPENHO",
    "begin" : 249,
    "end" : 254,
    "inCoref" : false
  } ],
  "relations" : [ {
    "id" : "s0-r1",
    "properties" : { },
    "type" : "de",
    "args" : [ "s0-m3", "s0-m1" ]
  }, {
    "id" : "s0-r2",
    "properties" : { },
    "type" : "de",
    "args" : [ "s0-m2", "s0-m1" ]
  }, {
    "id" : "s1-r1",
    "properties" : { },
    "type" : "de",
    "args" : [ "s1-m3", "s1-m1" ]
  }, {
    "id" : "s1-r2",
    "properties" : { },
    "type" : "de",
    "args" : [ "s1-m2", "s1-m1" ]
  } ],
  "corefs" : [ ],
  "typeResolved" : true,
  "userResolved" : false
}