{
  "id" : "d14dfaa0-f5d1-11ea-946d-e76b3fc26918-33",
  "name" : "train_34_1.txt",
  "createdDate" : 0,
  "version" : 3,
  "text" : "Manutenção é um ponto desastroso para o Linea HLX: peças caras, mão de obra sempre tem um custo alto, e apresenta defeitos bizarros. Como o Linea é baixo, o uso em estradas de terra faz com que o abafador resvale em pedras, e a vida-útil das peças seja bem menor. No Linea O motor tem pouco torque em baixa, apesar de ser um verdadeiro monstro em ultrapassagens.\r\n",
  "docLength" : 0,
  "language" : "PT",
  "status" : "SUBMITTED",
  "modifiedDate" : 1600011428683,
  "documentSet" : [ ],
  "preannotation" : [ ],
  "sentences" : [ {
    "id" : "s0",
    "begin" : 0,
    "end" : 132,
    "text" : "Manutenção é um ponto desastroso para o Linea HLX: peças caras, mão de obra sempre tem um custo alto, e apresenta defeitos bizarros.",
    "tokens" : [ {
      "id" : "s0-t0",
      "begin" : 0,
      "end" : 10,
      "text" : "Manutenção",
      "whiteSpace" : false
    }, {
      "id" : "s0-t1",
      "begin" : 11,
      "end" : 12,
      "text" : "é",
      "whiteSpace" : false
    }, {
      "id" : "s0-t2",
      "begin" : 13,
      "end" : 15,
      "text" : "um",
      "whiteSpace" : false
    }, {
      "id" : "s0-t3",
      "begin" : 16,
      "end" : 21,
      "text" : "ponto",
      "whiteSpace" : false
    }, {
      "id" : "s0-t4",
      "begin" : 22,
      "end" : 32,
      "text" : "desastroso",
      "whiteSpace" : false
    }, {
      "id" : "s0-t5",
      "begin" : 33,
      "end" : 37,
      "text" : "para",
      "whiteSpace" : false
    }, {
      "id" : "s0-t6",
      "begin" : 38,
      "end" : 39,
      "text" : "o",
      "whiteSpace" : false
    }, {
      "id" : "s0-t7",
      "begin" : 40,
      "end" : 45,
      "text" : "Linea",
      "whiteSpace" : false
    }, {
      "id" : "s0-t8",
      "begin" : 46,
      "end" : 49,
      "text" : "HLX",
      "whiteSpace" : false
    }, {
      "id" : "s0-t9",
      "begin" : 49,
      "end" : 50,
      "text" : ":",
      "whiteSpace" : false
    }, {
      "id" : "s0-t10",
      "begin" : 51,
      "end" : 56,
      "text" : "peças",
      "whiteSpace" : false
    }, {
      "id" : "s0-t11",
      "begin" : 57,
      "end" : 62,
      "text" : "caras",
      "whiteSpace" : false
    }, {
      "id" : "s0-t12",
      "begin" : 62,
      "end" : 63,
      "text" : ",",
      "whiteSpace" : false
    }, {
      "id" : "s0-t13",
      "begin" : 64,
      "end" : 67,
      "text" : "mão",
      "whiteSpace" : false
    }, {
      "id" : "s0-t14",
      "begin" : 68,
      "end" : 70,
      "text" : "de",
      "whiteSpace" : false
    }, {
      "id" : "s0-t15",
      "begin" : 71,
      "end" : 75,
      "text" : "obra",
      "whiteSpace" : false
    }, {
      "id" : "s0-t16",
      "begin" : 76,
      "end" : 82,
      "text" : "sempre",
      "whiteSpace" : false
    }, {
      "id" : "s0-t17",
      "begin" : 83,
      "end" : 86,
      "text" : "tem",
      "whiteSpace" : false
    }, {
      "id" : "s0-t18",
      "begin" : 87,
      "end" : 89,
      "text" : "um",
      "whiteSpace" : false
    }, {
      "id" : "s0-t19",
      "begin" : 90,
      "end" : 95,
      "text" : "custo",
      "whiteSpace" : false
    }, {
      "id" : "s0-t20",
      "begin" : 96,
      "end" : 100,
      "text" : "alto",
      "whiteSpace" : false
    }, {
      "id" : "s0-t21",
      "begin" : 100,
      "end" : 101,
      "text" : ",",
      "whiteSpace" : false
    }, {
      "id" : "s0-t22",
      "begin" : 102,
      "end" : 103,
      "text" : "e",
      "whiteSpace" : false
    }, {
      "id" : "s0-t23",
      "begin" : 104,
      "end" : 113,
      "text" : "apresenta",
      "whiteSpace" : false
    }, {
      "id" : "s0-t24",
      "begin" : 114,
      "end" : 122,
      "text" : "defeitos",
      "whiteSpace" : false
    }, {
      "id" : "s0-t25",
      "begin" : 123,
      "end" : 131,
      "text" : "bizarros",
      "whiteSpace" : false
    }, {
      "id" : "s0-t26",
      "begin" : 131,
      "end" : 132,
      "text" : ".",
      "whiteSpace" : false
    } ]
  }, {
    "id" : "s1",
    "begin" : 133,
    "end" : 263,
    "text" : "Como o Linea é baixo, o uso em estradas de terra faz com que o abafador resvale em pedras, e a vida-útil das peças seja bem menor.",
    "tokens" : [ {
      "id" : "s1-t0",
      "begin" : 133,
      "end" : 137,
      "text" : "Como",
      "whiteSpace" : false
    }, {
      "id" : "s1-t1",
      "begin" : 138,
      "end" : 139,
      "text" : "o",
      "whiteSpace" : false
    }, {
      "id" : "s1-t2",
      "begin" : 140,
      "end" : 145,
      "text" : "Linea",
      "whiteSpace" : false
    }, {
      "id" : "s1-t3",
      "begin" : 146,
      "end" : 147,
      "text" : "é",
      "whiteSpace" : false
    }, {
      "id" : "s1-t4",
      "begin" : 148,
      "end" : 153,
      "text" : "baixo",
      "whiteSpace" : false
    }, {
      "id" : "s1-t5",
      "begin" : 153,
      "end" : 154,
      "text" : ",",
      "whiteSpace" : false
    }, {
      "id" : "s1-t6",
      "begin" : 155,
      "end" : 156,
      "text" : "o",
      "whiteSpace" : false
    }, {
      "id" : "s1-t7",
      "begin" : 157,
      "end" : 160,
      "text" : "uso",
      "whiteSpace" : false
    }, {
      "id" : "s1-t8",
      "begin" : 161,
      "end" : 163,
      "text" : "em",
      "whiteSpace" : false
    }, {
      "id" : "s1-t9",
      "begin" : 164,
      "end" : 172,
      "text" : "estradas",
      "whiteSpace" : false
    }, {
      "id" : "s1-t10",
      "begin" : 173,
      "end" : 175,
      "text" : "de",
      "whiteSpace" : false
    }, {
      "id" : "s1-t11",
      "begin" : 176,
      "end" : 181,
      "text" : "terra",
      "whiteSpace" : false
    }, {
      "id" : "s1-t12",
      "begin" : 182,
      "end" : 185,
      "text" : "faz",
      "whiteSpace" : false
    }, {
      "id" : "s1-t13",
      "begin" : 186,
      "end" : 189,
      "text" : "com",
      "whiteSpace" : false
    }, {
      "id" : "s1-t14",
      "begin" : 190,
      "end" : 193,
      "text" : "que",
      "whiteSpace" : false
    }, {
      "id" : "s1-t15",
      "begin" : 194,
      "end" : 195,
      "text" : "o",
      "whiteSpace" : false
    }, {
      "id" : "s1-t16",
      "begin" : 196,
      "end" : 204,
      "text" : "abafador",
      "whiteSpace" : false
    }, {
      "id" : "s1-t17",
      "begin" : 205,
      "end" : 212,
      "text" : "resvale",
      "whiteSpace" : false
    }, {
      "id" : "s1-t18",
      "begin" : 213,
      "end" : 215,
      "text" : "em",
      "whiteSpace" : false
    }, {
      "id" : "s1-t19",
      "begin" : 216,
      "end" : 222,
      "text" : "pedras",
      "whiteSpace" : false
    }, {
      "id" : "s1-t20",
      "begin" : 222,
      "end" : 223,
      "text" : ",",
      "whiteSpace" : false
    }, {
      "id" : "s1-t21",
      "begin" : 224,
      "end" : 225,
      "text" : "e",
      "whiteSpace" : false
    }, {
      "id" : "s1-t22",
      "begin" : 226,
      "end" : 227,
      "text" : "a",
      "whiteSpace" : false
    }, {
      "id" : "s1-t23",
      "begin" : 228,
      "end" : 237,
      "text" : "vida-útil",
      "whiteSpace" : false
    }, {
      "id" : "s1-t24",
      "begin" : 238,
      "end" : 241,
      "text" : "das",
      "whiteSpace" : false
    }, {
      "id" : "s1-t25",
      "begin" : 242,
      "end" : 247,
      "text" : "peças",
      "whiteSpace" : false
    }, {
      "id" : "s1-t26",
      "begin" : 248,
      "end" : 252,
      "text" : "seja",
      "whiteSpace" : false
    }, {
      "id" : "s1-t27",
      "begin" : 253,
      "end" : 256,
      "text" : "bem",
      "whiteSpace" : false
    }, {
      "id" : "s1-t28",
      "begin" : 257,
      "end" : 262,
      "text" : "menor",
      "whiteSpace" : false
    }, {
      "id" : "s1-t29",
      "begin" : 262,
      "end" : 263,
      "text" : ".",
      "whiteSpace" : false
    } ]
  }, {
    "id" : "s2",
    "begin" : 264,
    "end" : 362,
    "text" : "No Linea O motor tem pouco torque em baixa, apesar de ser um verdadeiro monstro em ultrapassagens.",
    "tokens" : [ {
      "id" : "s2-t0",
      "begin" : 264,
      "end" : 266,
      "text" : "No",
      "whiteSpace" : false
    }, {
      "id" : "s2-t1",
      "begin" : 267,
      "end" : 272,
      "text" : "Linea",
      "whiteSpace" : false
    }, {
      "id" : "s2-t2",
      "begin" : 273,
      "end" : 274,
      "text" : "O",
      "whiteSpace" : false
    }, {
      "id" : "s2-t3",
      "begin" : 275,
      "end" : 280,
      "text" : "motor",
      "whiteSpace" : false
    }, {
      "id" : "s2-t4",
      "begin" : 281,
      "end" : 284,
      "text" : "tem",
      "whiteSpace" : false
    }, {
      "id" : "s2-t5",
      "begin" : 285,
      "end" : 290,
      "text" : "pouco",
      "whiteSpace" : false
    }, {
      "id" : "s2-t6",
      "begin" : 291,
      "end" : 297,
      "text" : "torque",
      "whiteSpace" : false
    }, {
      "id" : "s2-t7",
      "begin" : 298,
      "end" : 300,
      "text" : "em",
      "whiteSpace" : false
    }, {
      "id" : "s2-t8",
      "begin" : 301,
      "end" : 306,
      "text" : "baixa",
      "whiteSpace" : false
    }, {
      "id" : "s2-t9",
      "begin" : 306,
      "end" : 307,
      "text" : ",",
      "whiteSpace" : false
    }, {
      "id" : "s2-t10",
      "begin" : 308,
      "end" : 314,
      "text" : "apesar",
      "whiteSpace" : false
    }, {
      "id" : "s2-t11",
      "begin" : 315,
      "end" : 317,
      "text" : "de",
      "whiteSpace" : false
    }, {
      "id" : "s2-t12",
      "begin" : 318,
      "end" : 321,
      "text" : "ser",
      "whiteSpace" : false
    }, {
      "id" : "s2-t13",
      "begin" : 322,
      "end" : 324,
      "text" : "um",
      "whiteSpace" : false
    }, {
      "id" : "s2-t14",
      "begin" : 325,
      "end" : 335,
      "text" : "verdadeiro",
      "whiteSpace" : false
    }, {
      "id" : "s2-t15",
      "begin" : 336,
      "end" : 343,
      "text" : "monstro",
      "whiteSpace" : false
    }, {
      "id" : "s2-t16",
      "begin" : 344,
      "end" : 346,
      "text" : "em",
      "whiteSpace" : false
    }, {
      "id" : "s2-t17",
      "begin" : 347,
      "end" : 361,
      "text" : "ultrapassagens",
      "whiteSpace" : false
    }, {
      "id" : "s2-t18",
      "begin" : 361,
      "end" : 362,
      "text" : ".",
      "whiteSpace" : false
    } ]
  } ],
  "mentions" : [ {
    "id" : "s0-m2",
    "properties" : {
      "SIRE_MENTION_ROLE" : "MANUTENCAO",
      "SIRE_ENTITY_SUBTYPE" : "NONE",
      "SIRE_MENTION_TYPE" : "NONE",
      "SIRE_MENTION_CLASS" : "SPC"
    },
    "type" : "MANUTENCAO",
    "begin" : 0,
    "end" : 10,
    "inCoref" : false
  }, {
    "id" : "s0-m1",
    "properties" : {
      "SIRE_MENTION_ROLE" : "MODELO",
      "SIRE_ENTITY_SUBTYPE" : "NONE",
      "SIRE_MENTION_TYPE" : "NONE",
      "SIRE_MENTION_CLASS" : "SPC"
    },
    "type" : "MODELO",
    "begin" : 40,
    "end" : 45,
    "inCoref" : false
  }, {
    "id" : "s0-m3",
    "properties" : {
      "SIRE_MENTION_ROLE" : "MANUTENCAO",
      "SIRE_ENTITY_SUBTYPE" : "NONE",
      "SIRE_MENTION_TYPE" : "NONE",
      "SIRE_MENTION_CLASS" : "SPC"
    },
    "type" : "MANUTENCAO",
    "begin" : 51,
    "end" : 56,
    "inCoref" : false
  }, {
    "id" : "s0-m4",
    "properties" : {
      "SIRE_MENTION_ROLE" : "MANUTENCAO",
      "SIRE_ENTITY_SUBTYPE" : "NONE",
      "SIRE_MENTION_TYPE" : "NONE",
      "SIRE_MENTION_CLASS" : "SPC"
    },
    "type" : "MANUTENCAO",
    "begin" : 64,
    "end" : 75,
    "inCoref" : false
  }, {
    "id" : "s0-m5",
    "properties" : {
      "SIRE_MENTION_ROLE" : "MANUTENCAO",
      "SIRE_ENTITY_SUBTYPE" : "NONE",
      "SIRE_MENTION_TYPE" : "NONE",
      "SIRE_MENTION_CLASS" : "SPC"
    },
    "type" : "MANUTENCAO",
    "begin" : 114,
    "end" : 122,
    "inCoref" : false
  }, {
    "id" : "s1-m1",
    "properties" : {
      "SIRE_MENTION_ROLE" : "MODELO",
      "SIRE_ENTITY_SUBTYPE" : "NONE",
      "SIRE_MENTION_TYPE" : "NONE",
      "SIRE_MENTION_CLASS" : "SPC"
    },
    "type" : "MODELO",
    "begin" : 140,
    "end" : 145,
    "inCoref" : false
  }, {
    "id" : "s1-m2",
    "properties" : {
      "SIRE_MENTION_ROLE" : "ACESSORIOS",
      "SIRE_ENTITY_SUBTYPE" : "NONE",
      "SIRE_MENTION_TYPE" : "NONE",
      "SIRE_MENTION_CLASS" : "SPC"
    },
    "type" : "ACESSORIOS",
    "begin" : 196,
    "end" : 204,
    "inCoref" : false
  }, {
    "id" : "s1-m3",
    "properties" : {
      "SIRE_MENTION_ROLE" : "MANUTENCAO",
      "SIRE_ENTITY_SUBTYPE" : "NONE",
      "SIRE_MENTION_TYPE" : "NONE",
      "SIRE_MENTION_CLASS" : "SPC"
    },
    "type" : "MANUTENCAO",
    "begin" : 228,
    "end" : 237,
    "inCoref" : false
  }, {
    "id" : "s1-m4",
    "properties" : {
      "SIRE_MENTION_ROLE" : "MANUTENCAO",
      "SIRE_ENTITY_SUBTYPE" : "NONE",
      "SIRE_MENTION_TYPE" : "NONE",
      "SIRE_MENTION_CLASS" : "SPC"
    },
    "type" : "MANUTENCAO",
    "begin" : 242,
    "end" : 247,
    "inCoref" : false
  }, {
    "id" : "s2-m1",
    "properties" : {
      "SIRE_MENTION_ROLE" : "MODELO",
      "SIRE_ENTITY_SUBTYPE" : "NONE",
      "SIRE_MENTION_TYPE" : "NONE",
      "SIRE_MENTION_CLASS" : "SPC"
    },
    "type" : "MODELO",
    "begin" : 267,
    "end" : 272,
    "inCoref" : false
  }, {
    "id" : "s2-m2",
    "properties" : {
      "SIRE_MENTION_ROLE" : "DESEMPENHO",
      "SIRE_ENTITY_SUBTYPE" : "NONE",
      "SIRE_MENTION_TYPE" : "NONE",
      "SIRE_MENTION_CLASS" : "SPC"
    },
    "type" : "DESEMPENHO",
    "begin" : 275,
    "end" : 280,
    "inCoref" : false
  } ],
  "relations" : [ {
    "id" : "s0-r1",
    "properties" : { },
    "type" : "de",
    "args" : [ "s0-m2", "s0-m1" ]
  }, {
    "id" : "s0-r2",
    "properties" : { },
    "type" : "de",
    "args" : [ "s0-m3", "s0-m1" ]
  }, {
    "id" : "s0-r3",
    "properties" : { },
    "type" : "de",
    "args" : [ "s0-m4", "s0-m1" ]
  }, {
    "id" : "s0-r4",
    "properties" : { },
    "type" : "de",
    "args" : [ "s0-m5", "s0-m1" ]
  }, {
    "id" : "s1-r1",
    "properties" : { },
    "type" : "de",
    "args" : [ "s1-m2", "s1-m1" ]
  }, {
    "id" : "s1-r2",
    "properties" : { },
    "type" : "de",
    "args" : [ "s1-m3", "s1-m1" ]
  }, {
    "id" : "s1-r3",
    "properties" : { },
    "type" : "de",
    "args" : [ "s1-m4", "s1-m1" ]
  }, {
    "id" : "s2-r1",
    "properties" : { },
    "type" : "de",
    "args" : [ "s2-m2", "s2-m1" ]
  } ],
  "corefs" : [ ],
  "typeResolved" : true,
  "userResolved" : false
}