{
  "id" : "d14dfaa0-f5d1-11ea-946d-e76b3fc26918-17",
  "name" : "train_18_1.txt",
  "createdDate" : 0,
  "version" : 3,
  "text" : "O Argo tem um Design moderno, um carro charmoso e bonito, dono de linhas arrojadas e uma aparência bastante esportiva. O meu argo faz uma média entre 15.5 e 18km/L numa velocidade de 110km/h [cruzeiro] sem muitos aclives. O motor 3 Cilindros do Argo grita muito, mas creio que seja uma característica desse tipo de motor ou também o isolamento acústico do motor para o cockpit do carro.\r\n",
  "docLength" : 0,
  "language" : "PT",
  "status" : "SUBMITTED",
  "modifiedDate" : 1600010476337,
  "documentSet" : [ ],
  "preannotation" : [ ],
  "sentences" : [ {
    "id" : "s0",
    "begin" : 0,
    "end" : 118,
    "text" : "O Argo tem um Design moderno, um carro charmoso e bonito, dono de linhas arrojadas e uma aparência bastante esportiva.",
    "tokens" : [ {
      "id" : "s0-t0",
      "begin" : 0,
      "end" : 1,
      "text" : "O",
      "whiteSpace" : false
    }, {
      "id" : "s0-t1",
      "begin" : 2,
      "end" : 6,
      "text" : "Argo",
      "whiteSpace" : false
    }, {
      "id" : "s0-t2",
      "begin" : 7,
      "end" : 10,
      "text" : "tem",
      "whiteSpace" : false
    }, {
      "id" : "s0-t3",
      "begin" : 11,
      "end" : 13,
      "text" : "um",
      "whiteSpace" : false
    }, {
      "id" : "s0-t4",
      "begin" : 14,
      "end" : 20,
      "text" : "Design",
      "whiteSpace" : false
    }, {
      "id" : "s0-t5",
      "begin" : 21,
      "end" : 28,
      "text" : "moderno",
      "whiteSpace" : false
    }, {
      "id" : "s0-t6",
      "begin" : 28,
      "end" : 29,
      "text" : ",",
      "whiteSpace" : false
    }, {
      "id" : "s0-t7",
      "begin" : 30,
      "end" : 32,
      "text" : "um",
      "whiteSpace" : false
    }, {
      "id" : "s0-t8",
      "begin" : 33,
      "end" : 38,
      "text" : "carro",
      "whiteSpace" : false
    }, {
      "id" : "s0-t9",
      "begin" : 39,
      "end" : 47,
      "text" : "charmoso",
      "whiteSpace" : false
    }, {
      "id" : "s0-t10",
      "begin" : 48,
      "end" : 49,
      "text" : "e",
      "whiteSpace" : false
    }, {
      "id" : "s0-t11",
      "begin" : 50,
      "end" : 56,
      "text" : "bonito",
      "whiteSpace" : false
    }, {
      "id" : "s0-t12",
      "begin" : 56,
      "end" : 57,
      "text" : ",",
      "whiteSpace" : false
    }, {
      "id" : "s0-t13",
      "begin" : 58,
      "end" : 62,
      "text" : "dono",
      "whiteSpace" : false
    }, {
      "id" : "s0-t14",
      "begin" : 63,
      "end" : 65,
      "text" : "de",
      "whiteSpace" : false
    }, {
      "id" : "s0-t15",
      "begin" : 66,
      "end" : 72,
      "text" : "linhas",
      "whiteSpace" : false
    }, {
      "id" : "s0-t16",
      "begin" : 73,
      "end" : 82,
      "text" : "arrojadas",
      "whiteSpace" : false
    }, {
      "id" : "s0-t17",
      "begin" : 83,
      "end" : 84,
      "text" : "e",
      "whiteSpace" : false
    }, {
      "id" : "s0-t18",
      "begin" : 85,
      "end" : 88,
      "text" : "uma",
      "whiteSpace" : false
    }, {
      "id" : "s0-t19",
      "begin" : 89,
      "end" : 98,
      "text" : "aparência",
      "whiteSpace" : false
    }, {
      "id" : "s0-t20",
      "begin" : 99,
      "end" : 107,
      "text" : "bastante",
      "whiteSpace" : false
    }, {
      "id" : "s0-t21",
      "begin" : 108,
      "end" : 117,
      "text" : "esportiva",
      "whiteSpace" : false
    }, {
      "id" : "s0-t22",
      "begin" : 117,
      "end" : 118,
      "text" : ".",
      "whiteSpace" : false
    } ]
  }, {
    "id" : "s1",
    "begin" : 119,
    "end" : 221,
    "text" : "O meu argo faz uma média entre 15.5 e 18km/L numa velocidade de 110km/h [cruzeiro] sem muitos aclives.",
    "tokens" : [ {
      "id" : "s1-t0",
      "begin" : 119,
      "end" : 120,
      "text" : "O",
      "whiteSpace" : false
    }, {
      "id" : "s1-t1",
      "begin" : 121,
      "end" : 124,
      "text" : "meu",
      "whiteSpace" : false
    }, {
      "id" : "s1-t2",
      "begin" : 125,
      "end" : 129,
      "text" : "argo",
      "whiteSpace" : false
    }, {
      "id" : "s1-t3",
      "begin" : 130,
      "end" : 133,
      "text" : "faz",
      "whiteSpace" : false
    }, {
      "id" : "s1-t4",
      "begin" : 134,
      "end" : 137,
      "text" : "uma",
      "whiteSpace" : false
    }, {
      "id" : "s1-t5",
      "begin" : 138,
      "end" : 143,
      "text" : "média",
      "whiteSpace" : false
    }, {
      "id" : "s1-t6",
      "begin" : 144,
      "end" : 149,
      "text" : "entre",
      "whiteSpace" : false
    }, {
      "id" : "s1-t7",
      "begin" : 150,
      "end" : 154,
      "text" : "15.5",
      "whiteSpace" : false
    }, {
      "id" : "s1-t8",
      "begin" : 155,
      "end" : 156,
      "text" : "e",
      "whiteSpace" : false
    }, {
      "id" : "s1-t9",
      "begin" : 157,
      "end" : 163,
      "text" : "18km/L",
      "whiteSpace" : false
    }, {
      "id" : "s1-t10",
      "begin" : 164,
      "end" : 168,
      "text" : "numa",
      "whiteSpace" : false
    }, {
      "id" : "s1-t11",
      "begin" : 169,
      "end" : 179,
      "text" : "velocidade",
      "whiteSpace" : false
    }, {
      "id" : "s1-t12",
      "begin" : 180,
      "end" : 182,
      "text" : "de",
      "whiteSpace" : false
    }, {
      "id" : "s1-t13",
      "begin" : 183,
      "end" : 190,
      "text" : "110km/h",
      "whiteSpace" : false
    }, {
      "id" : "s1-t14",
      "begin" : 191,
      "end" : 192,
      "text" : "[",
      "whiteSpace" : false
    }, {
      "id" : "s1-t15",
      "begin" : 192,
      "end" : 200,
      "text" : "cruzeiro",
      "whiteSpace" : false
    }, {
      "id" : "s1-t16",
      "begin" : 200,
      "end" : 201,
      "text" : "]",
      "whiteSpace" : false
    }, {
      "id" : "s1-t17",
      "begin" : 202,
      "end" : 205,
      "text" : "sem",
      "whiteSpace" : false
    }, {
      "id" : "s1-t18",
      "begin" : 206,
      "end" : 212,
      "text" : "muitos",
      "whiteSpace" : false
    }, {
      "id" : "s1-t19",
      "begin" : 213,
      "end" : 220,
      "text" : "aclives",
      "whiteSpace" : false
    }, {
      "id" : "s1-t20",
      "begin" : 220,
      "end" : 221,
      "text" : ".",
      "whiteSpace" : false
    } ]
  }, {
    "id" : "s2",
    "begin" : 222,
    "end" : 386,
    "text" : "O motor 3 Cilindros do Argo grita muito, mas creio que seja uma característica desse tipo de motor ou também o isolamento acústico do motor para o cockpit do carro.",
    "tokens" : [ {
      "id" : "s2-t0",
      "begin" : 222,
      "end" : 223,
      "text" : "O",
      "whiteSpace" : false
    }, {
      "id" : "s2-t1",
      "begin" : 224,
      "end" : 229,
      "text" : "motor",
      "whiteSpace" : false
    }, {
      "id" : "s2-t2",
      "begin" : 230,
      "end" : 231,
      "text" : "3",
      "whiteSpace" : false
    }, {
      "id" : "s2-t3",
      "begin" : 232,
      "end" : 241,
      "text" : "Cilindros",
      "whiteSpace" : false
    }, {
      "id" : "s2-t4",
      "begin" : 242,
      "end" : 244,
      "text" : "do",
      "whiteSpace" : false
    }, {
      "id" : "s2-t5",
      "begin" : 245,
      "end" : 249,
      "text" : "Argo",
      "whiteSpace" : false
    }, {
      "id" : "s2-t6",
      "begin" : 250,
      "end" : 255,
      "text" : "grita",
      "whiteSpace" : false
    }, {
      "id" : "s2-t7",
      "begin" : 256,
      "end" : 261,
      "text" : "muito",
      "whiteSpace" : false
    }, {
      "id" : "s2-t8",
      "begin" : 261,
      "end" : 262,
      "text" : ",",
      "whiteSpace" : false
    }, {
      "id" : "s2-t9",
      "begin" : 263,
      "end" : 266,
      "text" : "mas",
      "whiteSpace" : false
    }, {
      "id" : "s2-t10",
      "begin" : 267,
      "end" : 272,
      "text" : "creio",
      "whiteSpace" : false
    }, {
      "id" : "s2-t11",
      "begin" : 273,
      "end" : 276,
      "text" : "que",
      "whiteSpace" : false
    }, {
      "id" : "s2-t12",
      "begin" : 277,
      "end" : 281,
      "text" : "seja",
      "whiteSpace" : false
    }, {
      "id" : "s2-t13",
      "begin" : 282,
      "end" : 285,
      "text" : "uma",
      "whiteSpace" : false
    }, {
      "id" : "s2-t14",
      "begin" : 286,
      "end" : 300,
      "text" : "característica",
      "whiteSpace" : false
    }, {
      "id" : "s2-t15",
      "begin" : 301,
      "end" : 306,
      "text" : "desse",
      "whiteSpace" : false
    }, {
      "id" : "s2-t16",
      "begin" : 307,
      "end" : 311,
      "text" : "tipo",
      "whiteSpace" : false
    }, {
      "id" : "s2-t17",
      "begin" : 312,
      "end" : 314,
      "text" : "de",
      "whiteSpace" : false
    }, {
      "id" : "s2-t18",
      "begin" : 315,
      "end" : 320,
      "text" : "motor",
      "whiteSpace" : false
    }, {
      "id" : "s2-t19",
      "begin" : 321,
      "end" : 323,
      "text" : "ou",
      "whiteSpace" : false
    }, {
      "id" : "s2-t20",
      "begin" : 324,
      "end" : 330,
      "text" : "também",
      "whiteSpace" : false
    }, {
      "id" : "s2-t21",
      "begin" : 331,
      "end" : 332,
      "text" : "o",
      "whiteSpace" : false
    }, {
      "id" : "s2-t22",
      "begin" : 333,
      "end" : 343,
      "text" : "isolamento",
      "whiteSpace" : false
    }, {
      "id" : "s2-t23",
      "begin" : 344,
      "end" : 352,
      "text" : "acústico",
      "whiteSpace" : false
    }, {
      "id" : "s2-t24",
      "begin" : 353,
      "end" : 355,
      "text" : "do",
      "whiteSpace" : false
    }, {
      "id" : "s2-t25",
      "begin" : 356,
      "end" : 361,
      "text" : "motor",
      "whiteSpace" : false
    }, {
      "id" : "s2-t26",
      "begin" : 362,
      "end" : 366,
      "text" : "para",
      "whiteSpace" : false
    }, {
      "id" : "s2-t27",
      "begin" : 367,
      "end" : 368,
      "text" : "o",
      "whiteSpace" : false
    }, {
      "id" : "s2-t28",
      "begin" : 369,
      "end" : 376,
      "text" : "cockpit",
      "whiteSpace" : false
    }, {
      "id" : "s2-t29",
      "begin" : 377,
      "end" : 379,
      "text" : "do",
      "whiteSpace" : false
    }, {
      "id" : "s2-t30",
      "begin" : 380,
      "end" : 385,
      "text" : "carro",
      "whiteSpace" : false
    }, {
      "id" : "s2-t31",
      "begin" : 385,
      "end" : 386,
      "text" : ".",
      "whiteSpace" : false
    } ]
  } ],
  "mentions" : [ {
    "id" : "s0-m1",
    "properties" : {
      "SIRE_MENTION_ROLE" : "MODELO",
      "SIRE_ENTITY_SUBTYPE" : "NONE",
      "SIRE_MENTION_TYPE" : "NONE",
      "SIRE_MENTION_CLASS" : "SPC"
    },
    "type" : "MODELO",
    "begin" : 2,
    "end" : 6,
    "inCoref" : false
  }, {
    "id" : "s0-m2",
    "properties" : {
      "SIRE_MENTION_ROLE" : "DESIGN",
      "SIRE_ENTITY_SUBTYPE" : "NONE",
      "SIRE_MENTION_TYPE" : "NONE",
      "SIRE_MENTION_CLASS" : "SPC"
    },
    "type" : "DESIGN",
    "begin" : 14,
    "end" : 20,
    "inCoref" : false
  }, {
    "id" : "s1-m1",
    "properties" : {
      "SIRE_MENTION_ROLE" : "MODELO",
      "SIRE_ENTITY_SUBTYPE" : "NONE",
      "SIRE_MENTION_TYPE" : "NONE",
      "SIRE_MENTION_CLASS" : "SPC"
    },
    "type" : "MODELO",
    "begin" : 125,
    "end" : 129,
    "inCoref" : false
  }, {
    "id" : "s1-m2",
    "properties" : {
      "SIRE_MENTION_ROLE" : "CONSUMO",
      "SIRE_ENTITY_SUBTYPE" : "NONE",
      "SIRE_MENTION_TYPE" : "NONE",
      "SIRE_MENTION_CLASS" : "SPC"
    },
    "type" : "CONSUMO",
    "begin" : 150,
    "end" : 163,
    "inCoref" : false
  }, {
    "id" : "s2-m3",
    "properties" : {
      "SIRE_MENTION_ROLE" : "DESEMPENHO",
      "SIRE_ENTITY_SUBTYPE" : "NONE",
      "SIRE_MENTION_TYPE" : "NONE",
      "SIRE_MENTION_CLASS" : "SPC"
    },
    "type" : "DESEMPENHO",
    "begin" : 224,
    "end" : 229,
    "inCoref" : false
  }, {
    "id" : "s2-m1",
    "properties" : {
      "SIRE_MENTION_ROLE" : "MODELO",
      "SIRE_ENTITY_SUBTYPE" : "NONE",
      "SIRE_MENTION_TYPE" : "NONE",
      "SIRE_MENTION_CLASS" : "SPC"
    },
    "type" : "MODELO",
    "begin" : 245,
    "end" : 249,
    "inCoref" : false
  }, {
    "id" : "s2-m4",
    "properties" : {
      "SIRE_MENTION_ROLE" : "DESEMPENHO",
      "SIRE_ENTITY_SUBTYPE" : "NONE",
      "SIRE_MENTION_TYPE" : "NONE",
      "SIRE_MENTION_CLASS" : "SPC"
    },
    "type" : "DESEMPENHO",
    "begin" : 315,
    "end" : 320,
    "inCoref" : false
  }, {
    "id" : "s2-m5",
    "properties" : {
      "SIRE_MENTION_ROLE" : "DESEMPENHO",
      "SIRE_ENTITY_SUBTYPE" : "NONE",
      "SIRE_MENTION_TYPE" : "NONE",
      "SIRE_MENTION_CLASS" : "SPC"
    },
    "type" : "DESEMPENHO",
    "begin" : 356,
    "end" : 361,
    "inCoref" : false
  } ],
  "relations" : [ {
    "id" : "s0-r1",
    "properties" : { },
    "type" : "de",
    "args" : [ "s0-m2", "s0-m1" ]
  }, {
    "id" : "s1-r1",
    "properties" : { },
    "type" : "de",
    "args" : [ "s1-m2", "s1-m1" ]
  }, {
    "id" : "s2-r1",
    "properties" : { },
    "type" : "de",
    "args" : [ "s2-m3", "s2-m1" ]
  }, {
    "id" : "s2-r2",
    "properties" : { },
    "type" : "de",
    "args" : [ "s2-m4", "s2-m1" ]
  }, {
    "id" : "s2-r3",
    "properties" : { },
    "type" : "de",
    "args" : [ "s2-m5", "s2-m1" ]
  } ],
  "corefs" : [ ],
  "typeResolved" : true,
  "userResolved" : false
}