{
  "id" : "d14dfaa0-f5d1-11ea-946d-e76b3fc26918-90",
  "name" : "train_91.txt",
  "createdDate" : 0,
  "version" : 3,
  "text" : "O consumo de diesel da Fiat Toro é ótimo, tanto na estrada quanto na cidade. O design do veículo é lindo e ele possui excelente retomada nas ultrapassagens. Ótima segurança e bom acabamento, excelente para viajar e possui até GPS integrado que funciona em qualquer lugar e não depende de Internet!\r\n",
  "docLength" : 0,
  "language" : "PT",
  "status" : "SUBMITTED",
  "modifiedDate" : 1600013775819,
  "documentSet" : [ ],
  "preannotation" : [ ],
  "sentences" : [ {
    "id" : "s0",
    "begin" : 0,
    "end" : 76,
    "text" : "O consumo de diesel da Fiat Toro é ótimo, tanto na estrada quanto na cidade.",
    "tokens" : [ {
      "id" : "s0-t0",
      "begin" : 0,
      "end" : 1,
      "text" : "O",
      "whiteSpace" : false
    }, {
      "id" : "s0-t1",
      "begin" : 2,
      "end" : 9,
      "text" : "consumo",
      "whiteSpace" : false
    }, {
      "id" : "s0-t2",
      "begin" : 10,
      "end" : 12,
      "text" : "de",
      "whiteSpace" : false
    }, {
      "id" : "s0-t3",
      "begin" : 13,
      "end" : 19,
      "text" : "diesel",
      "whiteSpace" : false
    }, {
      "id" : "s0-t4",
      "begin" : 20,
      "end" : 22,
      "text" : "da",
      "whiteSpace" : false
    }, {
      "id" : "s0-t5",
      "begin" : 23,
      "end" : 27,
      "text" : "Fiat",
      "whiteSpace" : false
    }, {
      "id" : "s0-t6",
      "begin" : 28,
      "end" : 32,
      "text" : "Toro",
      "whiteSpace" : false
    }, {
      "id" : "s0-t7",
      "begin" : 33,
      "end" : 34,
      "text" : "é",
      "whiteSpace" : false
    }, {
      "id" : "s0-t8",
      "begin" : 35,
      "end" : 40,
      "text" : "ótimo",
      "whiteSpace" : false
    }, {
      "id" : "s0-t9",
      "begin" : 40,
      "end" : 41,
      "text" : ",",
      "whiteSpace" : false
    }, {
      "id" : "s0-t10",
      "begin" : 42,
      "end" : 47,
      "text" : "tanto",
      "whiteSpace" : false
    }, {
      "id" : "s0-t11",
      "begin" : 48,
      "end" : 50,
      "text" : "na",
      "whiteSpace" : false
    }, {
      "id" : "s0-t12",
      "begin" : 51,
      "end" : 58,
      "text" : "estrada",
      "whiteSpace" : false
    }, {
      "id" : "s0-t13",
      "begin" : 59,
      "end" : 65,
      "text" : "quanto",
      "whiteSpace" : false
    }, {
      "id" : "s0-t14",
      "begin" : 66,
      "end" : 68,
      "text" : "na",
      "whiteSpace" : false
    }, {
      "id" : "s0-t15",
      "begin" : 69,
      "end" : 75,
      "text" : "cidade",
      "whiteSpace" : false
    }, {
      "id" : "s0-t16",
      "begin" : 75,
      "end" : 76,
      "text" : ".",
      "whiteSpace" : false
    } ]
  }, {
    "id" : "s1",
    "begin" : 77,
    "end" : 156,
    "text" : "O design do veículo é lindo e ele possui excelente retomada nas ultrapassagens.",
    "tokens" : [ {
      "id" : "s1-t0",
      "begin" : 77,
      "end" : 78,
      "text" : "O",
      "whiteSpace" : false
    }, {
      "id" : "s1-t1",
      "begin" : 79,
      "end" : 85,
      "text" : "design",
      "whiteSpace" : false
    }, {
      "id" : "s1-t2",
      "begin" : 86,
      "end" : 88,
      "text" : "do",
      "whiteSpace" : false
    }, {
      "id" : "s1-t3",
      "begin" : 89,
      "end" : 96,
      "text" : "veículo",
      "whiteSpace" : false
    }, {
      "id" : "s1-t4",
      "begin" : 97,
      "end" : 98,
      "text" : "é",
      "whiteSpace" : false
    }, {
      "id" : "s1-t5",
      "begin" : 99,
      "end" : 104,
      "text" : "lindo",
      "whiteSpace" : false
    }, {
      "id" : "s1-t6",
      "begin" : 105,
      "end" : 106,
      "text" : "e",
      "whiteSpace" : false
    }, {
      "id" : "s1-t7",
      "begin" : 107,
      "end" : 110,
      "text" : "ele",
      "whiteSpace" : false
    }, {
      "id" : "s1-t8",
      "begin" : 111,
      "end" : 117,
      "text" : "possui",
      "whiteSpace" : false
    }, {
      "id" : "s1-t9",
      "begin" : 118,
      "end" : 127,
      "text" : "excelente",
      "whiteSpace" : false
    }, {
      "id" : "s1-t10",
      "begin" : 128,
      "end" : 136,
      "text" : "retomada",
      "whiteSpace" : false
    }, {
      "id" : "s1-t11",
      "begin" : 137,
      "end" : 140,
      "text" : "nas",
      "whiteSpace" : false
    }, {
      "id" : "s1-t12",
      "begin" : 141,
      "end" : 155,
      "text" : "ultrapassagens",
      "whiteSpace" : false
    }, {
      "id" : "s1-t13",
      "begin" : 155,
      "end" : 156,
      "text" : ".",
      "whiteSpace" : false
    } ]
  }, {
    "id" : "s2",
    "begin" : 157,
    "end" : 297,
    "text" : "Ótima segurança e bom acabamento, excelente para viajar e possui até GPS integrado que funciona em qualquer lugar e não depende de Internet!",
    "tokens" : [ {
      "id" : "s2-t0",
      "begin" : 157,
      "end" : 162,
      "text" : "Ótima",
      "whiteSpace" : false
    }, {
      "id" : "s2-t1",
      "begin" : 163,
      "end" : 172,
      "text" : "segurança",
      "whiteSpace" : false
    }, {
      "id" : "s2-t2",
      "begin" : 173,
      "end" : 174,
      "text" : "e",
      "whiteSpace" : false
    }, {
      "id" : "s2-t3",
      "begin" : 175,
      "end" : 178,
      "text" : "bom",
      "whiteSpace" : false
    }, {
      "id" : "s2-t4",
      "begin" : 179,
      "end" : 189,
      "text" : "acabamento",
      "whiteSpace" : false
    }, {
      "id" : "s2-t5",
      "begin" : 189,
      "end" : 190,
      "text" : ",",
      "whiteSpace" : false
    }, {
      "id" : "s2-t6",
      "begin" : 191,
      "end" : 200,
      "text" : "excelente",
      "whiteSpace" : false
    }, {
      "id" : "s2-t7",
      "begin" : 201,
      "end" : 205,
      "text" : "para",
      "whiteSpace" : false
    }, {
      "id" : "s2-t8",
      "begin" : 206,
      "end" : 212,
      "text" : "viajar",
      "whiteSpace" : false
    }, {
      "id" : "s2-t9",
      "begin" : 213,
      "end" : 214,
      "text" : "e",
      "whiteSpace" : false
    }, {
      "id" : "s2-t10",
      "begin" : 215,
      "end" : 221,
      "text" : "possui",
      "whiteSpace" : false
    }, {
      "id" : "s2-t11",
      "begin" : 222,
      "end" : 225,
      "text" : "até",
      "whiteSpace" : false
    }, {
      "id" : "s2-t12",
      "begin" : 226,
      "end" : 229,
      "text" : "GPS",
      "whiteSpace" : false
    }, {
      "id" : "s2-t13",
      "begin" : 230,
      "end" : 239,
      "text" : "integrado",
      "whiteSpace" : false
    }, {
      "id" : "s2-t14",
      "begin" : 240,
      "end" : 243,
      "text" : "que",
      "whiteSpace" : false
    }, {
      "id" : "s2-t15",
      "begin" : 244,
      "end" : 252,
      "text" : "funciona",
      "whiteSpace" : false
    }, {
      "id" : "s2-t16",
      "begin" : 253,
      "end" : 255,
      "text" : "em",
      "whiteSpace" : false
    }, {
      "id" : "s2-t17",
      "begin" : 256,
      "end" : 264,
      "text" : "qualquer",
      "whiteSpace" : false
    }, {
      "id" : "s2-t18",
      "begin" : 265,
      "end" : 270,
      "text" : "lugar",
      "whiteSpace" : false
    }, {
      "id" : "s2-t19",
      "begin" : 271,
      "end" : 272,
      "text" : "e",
      "whiteSpace" : false
    }, {
      "id" : "s2-t20",
      "begin" : 273,
      "end" : 276,
      "text" : "não",
      "whiteSpace" : false
    }, {
      "id" : "s2-t21",
      "begin" : 277,
      "end" : 284,
      "text" : "depende",
      "whiteSpace" : false
    }, {
      "id" : "s2-t22",
      "begin" : 285,
      "end" : 287,
      "text" : "de",
      "whiteSpace" : false
    }, {
      "id" : "s2-t23",
      "begin" : 288,
      "end" : 296,
      "text" : "Internet",
      "whiteSpace" : false
    }, {
      "id" : "s2-t24",
      "begin" : 296,
      "end" : 297,
      "text" : "!",
      "whiteSpace" : false
    } ]
  } ],
  "mentions" : [ {
    "id" : "s0-m2",
    "properties" : {
      "SIRE_MENTION_ROLE" : "CONSUMO",
      "SIRE_ENTITY_SUBTYPE" : "NONE",
      "SIRE_MENTION_TYPE" : "NONE",
      "SIRE_MENTION_CLASS" : "SPC"
    },
    "type" : "CONSUMO",
    "begin" : 2,
    "end" : 9,
    "inCoref" : false
  }, {
    "id" : "s0-m1",
    "properties" : {
      "SIRE_MENTION_ROLE" : "MODELO",
      "SIRE_ENTITY_SUBTYPE" : "NONE",
      "SIRE_MENTION_TYPE" : "NONE",
      "SIRE_MENTION_CLASS" : "SPC"
    },
    "type" : "MODELO",
    "begin" : 28,
    "end" : 32,
    "inCoref" : false
  }, {
    "id" : "s1-m2",
    "properties" : {
      "SIRE_MENTION_ROLE" : "DESIGN",
      "SIRE_ENTITY_SUBTYPE" : "NONE",
      "SIRE_MENTION_TYPE" : "NONE",
      "SIRE_MENTION_CLASS" : "SPC"
    },
    "type" : "DESIGN",
    "begin" : 79,
    "end" : 85,
    "inCoref" : false
  }, {
    "id" : "s2-m1",
    "properties" : {
      "SIRE_MENTION_ROLE" : "SEGURANCA",
      "SIRE_ENTITY_SUBTYPE" : "NONE",
      "SIRE_MENTION_TYPE" : "NONE",
      "SIRE_MENTION_CLASS" : "SPC"
    },
    "type" : "SEGURANCA",
    "begin" : 163,
    "end" : 172,
    "inCoref" : false
  }, {
    "id" : "s2-m2",
    "properties" : {
      "SIRE_MENTION_ROLE" : "ACESSORIOS",
      "SIRE_ENTITY_SUBTYPE" : "NONE",
      "SIRE_MENTION_TYPE" : "NONE",
      "SIRE_MENTION_CLASS" : "SPC"
    },
    "type" : "ACESSORIOS",
    "begin" : 226,
    "end" : 229,
    "inCoref" : false
  } ],
  "relations" : [ {
    "id" : "s0-r1",
    "properties" : { },
    "type" : "de",
    "args" : [ "s0-m2", "s0-m1" ]
  } ],
  "corefs" : [ ],
  "typeResolved" : true,
  "userResolved" : false
}