{
  "id" : "d14dfaa0-f5d1-11ea-946d-e76b3fc26918-21",
  "name" : "train_22_1.txt",
  "createdDate" : 0,
  "version" : 3,
  "text" : "O motor do Argo é muito barulhento, principalmente em baixas rotações. No Argo Falta luz de cortesia para o banco de trás. No Argo os bancos dianteiros são curtos e sua espuma é muito macia, fazendo com que as pernas queiram sair dos lados.\r\n",
  "docLength" : 0,
  "language" : "PT",
  "status" : "SUBMITTED",
  "modifiedDate" : 1600010696327,
  "documentSet" : [ ],
  "preannotation" : [ ],
  "sentences" : [ {
    "id" : "s0",
    "begin" : 0,
    "end" : 70,
    "text" : "O motor do Argo é muito barulhento, principalmente em baixas rotações.",
    "tokens" : [ {
      "id" : "s0-t0",
      "begin" : 0,
      "end" : 1,
      "text" : "O",
      "whiteSpace" : false
    }, {
      "id" : "s0-t1",
      "begin" : 2,
      "end" : 7,
      "text" : "motor",
      "whiteSpace" : false
    }, {
      "id" : "s0-t2",
      "begin" : 8,
      "end" : 10,
      "text" : "do",
      "whiteSpace" : false
    }, {
      "id" : "s0-t3",
      "begin" : 11,
      "end" : 15,
      "text" : "Argo",
      "whiteSpace" : false
    }, {
      "id" : "s0-t4",
      "begin" : 16,
      "end" : 17,
      "text" : "é",
      "whiteSpace" : false
    }, {
      "id" : "s0-t5",
      "begin" : 18,
      "end" : 23,
      "text" : "muito",
      "whiteSpace" : false
    }, {
      "id" : "s0-t6",
      "begin" : 24,
      "end" : 34,
      "text" : "barulhento",
      "whiteSpace" : false
    }, {
      "id" : "s0-t7",
      "begin" : 34,
      "end" : 35,
      "text" : ",",
      "whiteSpace" : false
    }, {
      "id" : "s0-t8",
      "begin" : 36,
      "end" : 50,
      "text" : "principalmente",
      "whiteSpace" : false
    }, {
      "id" : "s0-t9",
      "begin" : 51,
      "end" : 53,
      "text" : "em",
      "whiteSpace" : false
    }, {
      "id" : "s0-t10",
      "begin" : 54,
      "end" : 60,
      "text" : "baixas",
      "whiteSpace" : false
    }, {
      "id" : "s0-t11",
      "begin" : 61,
      "end" : 69,
      "text" : "rotações",
      "whiteSpace" : false
    }, {
      "id" : "s0-t12",
      "begin" : 69,
      "end" : 70,
      "text" : ".",
      "whiteSpace" : false
    } ]
  }, {
    "id" : "s1",
    "begin" : 71,
    "end" : 122,
    "text" : "No Argo Falta luz de cortesia para o banco de trás.",
    "tokens" : [ {
      "id" : "s1-t0",
      "begin" : 71,
      "end" : 73,
      "text" : "No",
      "whiteSpace" : false
    }, {
      "id" : "s1-t1",
      "begin" : 74,
      "end" : 78,
      "text" : "Argo",
      "whiteSpace" : false
    }, {
      "id" : "s1-t2",
      "begin" : 79,
      "end" : 84,
      "text" : "Falta",
      "whiteSpace" : false
    }, {
      "id" : "s1-t3",
      "begin" : 85,
      "end" : 88,
      "text" : "luz",
      "whiteSpace" : false
    }, {
      "id" : "s1-t4",
      "begin" : 89,
      "end" : 91,
      "text" : "de",
      "whiteSpace" : false
    }, {
      "id" : "s1-t5",
      "begin" : 92,
      "end" : 100,
      "text" : "cortesia",
      "whiteSpace" : false
    }, {
      "id" : "s1-t6",
      "begin" : 101,
      "end" : 105,
      "text" : "para",
      "whiteSpace" : false
    }, {
      "id" : "s1-t7",
      "begin" : 106,
      "end" : 107,
      "text" : "o",
      "whiteSpace" : false
    }, {
      "id" : "s1-t8",
      "begin" : 108,
      "end" : 113,
      "text" : "banco",
      "whiteSpace" : false
    }, {
      "id" : "s1-t9",
      "begin" : 114,
      "end" : 116,
      "text" : "de",
      "whiteSpace" : false
    }, {
      "id" : "s1-t10",
      "begin" : 117,
      "end" : 121,
      "text" : "trás",
      "whiteSpace" : false
    }, {
      "id" : "s1-t11",
      "begin" : 121,
      "end" : 122,
      "text" : ".",
      "whiteSpace" : false
    } ]
  }, {
    "id" : "s2",
    "begin" : 123,
    "end" : 240,
    "text" : "No Argo os bancos dianteiros são curtos e sua espuma é muito macia, fazendo com que as pernas queiram sair dos lados.",
    "tokens" : [ {
      "id" : "s2-t0",
      "begin" : 123,
      "end" : 125,
      "text" : "No",
      "whiteSpace" : false
    }, {
      "id" : "s2-t1",
      "begin" : 126,
      "end" : 130,
      "text" : "Argo",
      "whiteSpace" : false
    }, {
      "id" : "s2-t2",
      "begin" : 131,
      "end" : 133,
      "text" : "os",
      "whiteSpace" : false
    }, {
      "id" : "s2-t3",
      "begin" : 134,
      "end" : 140,
      "text" : "bancos",
      "whiteSpace" : false
    }, {
      "id" : "s2-t4",
      "begin" : 141,
      "end" : 151,
      "text" : "dianteiros",
      "whiteSpace" : false
    }, {
      "id" : "s2-t5",
      "begin" : 152,
      "end" : 155,
      "text" : "são",
      "whiteSpace" : false
    }, {
      "id" : "s2-t6",
      "begin" : 156,
      "end" : 162,
      "text" : "curtos",
      "whiteSpace" : false
    }, {
      "id" : "s2-t7",
      "begin" : 163,
      "end" : 164,
      "text" : "e",
      "whiteSpace" : false
    }, {
      "id" : "s2-t8",
      "begin" : 165,
      "end" : 168,
      "text" : "sua",
      "whiteSpace" : false
    }, {
      "id" : "s2-t9",
      "begin" : 169,
      "end" : 175,
      "text" : "espuma",
      "whiteSpace" : false
    }, {
      "id" : "s2-t10",
      "begin" : 176,
      "end" : 177,
      "text" : "é",
      "whiteSpace" : false
    }, {
      "id" : "s2-t11",
      "begin" : 178,
      "end" : 183,
      "text" : "muito",
      "whiteSpace" : false
    }, {
      "id" : "s2-t12",
      "begin" : 184,
      "end" : 189,
      "text" : "macia",
      "whiteSpace" : false
    }, {
      "id" : "s2-t13",
      "begin" : 189,
      "end" : 190,
      "text" : ",",
      "whiteSpace" : false
    }, {
      "id" : "s2-t14",
      "begin" : 191,
      "end" : 198,
      "text" : "fazendo",
      "whiteSpace" : false
    }, {
      "id" : "s2-t15",
      "begin" : 199,
      "end" : 202,
      "text" : "com",
      "whiteSpace" : false
    }, {
      "id" : "s2-t16",
      "begin" : 203,
      "end" : 206,
      "text" : "que",
      "whiteSpace" : false
    }, {
      "id" : "s2-t17",
      "begin" : 207,
      "end" : 209,
      "text" : "as",
      "whiteSpace" : false
    }, {
      "id" : "s2-t18",
      "begin" : 210,
      "end" : 216,
      "text" : "pernas",
      "whiteSpace" : false
    }, {
      "id" : "s2-t19",
      "begin" : 217,
      "end" : 224,
      "text" : "queiram",
      "whiteSpace" : false
    }, {
      "id" : "s2-t20",
      "begin" : 225,
      "end" : 229,
      "text" : "sair",
      "whiteSpace" : false
    }, {
      "id" : "s2-t21",
      "begin" : 230,
      "end" : 233,
      "text" : "dos",
      "whiteSpace" : false
    }, {
      "id" : "s2-t22",
      "begin" : 234,
      "end" : 239,
      "text" : "lados",
      "whiteSpace" : false
    }, {
      "id" : "s2-t23",
      "begin" : 239,
      "end" : 240,
      "text" : ".",
      "whiteSpace" : false
    } ]
  } ],
  "mentions" : [ {
    "id" : "s0-m2",
    "properties" : {
      "SIRE_MENTION_ROLE" : "DESEMPENHO",
      "SIRE_ENTITY_SUBTYPE" : "NONE",
      "SIRE_MENTION_TYPE" : "NONE",
      "SIRE_MENTION_CLASS" : "SPC"
    },
    "type" : "DESEMPENHO",
    "begin" : 2,
    "end" : 7,
    "inCoref" : false
  }, {
    "id" : "s0-m1",
    "properties" : {
      "SIRE_MENTION_ROLE" : "MODELO",
      "SIRE_ENTITY_SUBTYPE" : "NONE",
      "SIRE_MENTION_TYPE" : "NONE",
      "SIRE_MENTION_CLASS" : "SPC"
    },
    "type" : "MODELO",
    "begin" : 11,
    "end" : 15,
    "inCoref" : false
  }, {
    "id" : "s1-m1",
    "properties" : {
      "SIRE_MENTION_ROLE" : "MODELO",
      "SIRE_ENTITY_SUBTYPE" : "NONE",
      "SIRE_MENTION_TYPE" : "NONE",
      "SIRE_MENTION_CLASS" : "SPC"
    },
    "type" : "MODELO",
    "begin" : 74,
    "end" : 78,
    "inCoref" : false
  }, {
    "id" : "s1-m2",
    "properties" : {
      "SIRE_MENTION_ROLE" : "ACESSORIOS",
      "SIRE_ENTITY_SUBTYPE" : "NONE",
      "SIRE_MENTION_TYPE" : "NONE",
      "SIRE_MENTION_CLASS" : "SPC"
    },
    "type" : "ACESSORIOS",
    "begin" : 85,
    "end" : 88,
    "inCoref" : false
  }, {
    "id" : "s2-m1",
    "properties" : {
      "SIRE_MENTION_ROLE" : "MODELO",
      "SIRE_ENTITY_SUBTYPE" : "NONE",
      "SIRE_MENTION_TYPE" : "NONE",
      "SIRE_MENTION_CLASS" : "SPC"
    },
    "type" : "MODELO",
    "begin" : 126,
    "end" : 130,
    "inCoref" : false
  }, {
    "id" : "s2-m2",
    "properties" : {
      "SIRE_MENTION_ROLE" : "CONFORTO",
      "SIRE_ENTITY_SUBTYPE" : "NONE",
      "SIRE_MENTION_TYPE" : "NONE",
      "SIRE_MENTION_CLASS" : "SPC"
    },
    "type" : "CONFORTO",
    "begin" : 134,
    "end" : 140,
    "inCoref" : false
  } ],
  "relations" : [ {
    "id" : "s0-r1",
    "properties" : { },
    "type" : "de",
    "args" : [ "s0-m2", "s0-m1" ]
  }, {
    "id" : "s1-r1",
    "properties" : { },
    "type" : "de",
    "args" : [ "s1-m2", "s1-m1" ]
  }, {
    "id" : "s2-r1",
    "properties" : { },
    "type" : "de",
    "args" : [ "s2-m2", "s2-m1" ]
  } ],
  "corefs" : [ ],
  "typeResolved" : true,
  "userResolved" : false
}