{
  "id" : "d14dfaa0-f5d1-11ea-946d-e76b3fc26918-72",
  "name" : "train_73.txt",
  "createdDate" : 0,
  "version" : 3,
  "text" : "A Fiorino G1 é um excelente carro para o trabalho, simples porem funcional. Carro raíz, sem muito a oferecer além da proposta de trabalho. Ótimo custo benefício, melhor funcionário de qualquer empresa.\r\n",
  "docLength" : 0,
  "language" : "PT",
  "status" : "SUBMITTED",
  "modifiedDate" : 1600012979479,
  "documentSet" : [ ],
  "preannotation" : [ ],
  "sentences" : [ {
    "id" : "s0",
    "begin" : 0,
    "end" : 75,
    "text" : "A Fiorino G1 é um excelente carro para o trabalho, simples porem funcional.",
    "tokens" : [ {
      "id" : "s0-t0",
      "begin" : 0,
      "end" : 1,
      "text" : "A",
      "whiteSpace" : false
    }, {
      "id" : "s0-t1",
      "begin" : 2,
      "end" : 9,
      "text" : "Fiorino",
      "whiteSpace" : false
    }, {
      "id" : "s0-t2",
      "begin" : 10,
      "end" : 12,
      "text" : "G1",
      "whiteSpace" : false
    }, {
      "id" : "s0-t3",
      "begin" : 13,
      "end" : 14,
      "text" : "é",
      "whiteSpace" : false
    }, {
      "id" : "s0-t4",
      "begin" : 15,
      "end" : 17,
      "text" : "um",
      "whiteSpace" : false
    }, {
      "id" : "s0-t5",
      "begin" : 18,
      "end" : 27,
      "text" : "excelente",
      "whiteSpace" : false
    }, {
      "id" : "s0-t6",
      "begin" : 28,
      "end" : 33,
      "text" : "carro",
      "whiteSpace" : false
    }, {
      "id" : "s0-t7",
      "begin" : 34,
      "end" : 38,
      "text" : "para",
      "whiteSpace" : false
    }, {
      "id" : "s0-t8",
      "begin" : 39,
      "end" : 40,
      "text" : "o",
      "whiteSpace" : false
    }, {
      "id" : "s0-t9",
      "begin" : 41,
      "end" : 49,
      "text" : "trabalho",
      "whiteSpace" : false
    }, {
      "id" : "s0-t10",
      "begin" : 49,
      "end" : 50,
      "text" : ",",
      "whiteSpace" : false
    }, {
      "id" : "s0-t11",
      "begin" : 51,
      "end" : 58,
      "text" : "simples",
      "whiteSpace" : false
    }, {
      "id" : "s0-t12",
      "begin" : 59,
      "end" : 64,
      "text" : "porem",
      "whiteSpace" : false
    }, {
      "id" : "s0-t13",
      "begin" : 65,
      "end" : 74,
      "text" : "funcional",
      "whiteSpace" : false
    }, {
      "id" : "s0-t14",
      "begin" : 74,
      "end" : 75,
      "text" : ".",
      "whiteSpace" : false
    } ]
  }, {
    "id" : "s1",
    "begin" : 76,
    "end" : 138,
    "text" : "Carro raíz, sem muito a oferecer além da proposta de trabalho.",
    "tokens" : [ {
      "id" : "s1-t0",
      "begin" : 76,
      "end" : 81,
      "text" : "Carro",
      "whiteSpace" : false
    }, {
      "id" : "s1-t1",
      "begin" : 82,
      "end" : 86,
      "text" : "raíz",
      "whiteSpace" : false
    }, {
      "id" : "s1-t2",
      "begin" : 86,
      "end" : 87,
      "text" : ",",
      "whiteSpace" : false
    }, {
      "id" : "s1-t3",
      "begin" : 88,
      "end" : 91,
      "text" : "sem",
      "whiteSpace" : false
    }, {
      "id" : "s1-t4",
      "begin" : 92,
      "end" : 97,
      "text" : "muito",
      "whiteSpace" : false
    }, {
      "id" : "s1-t5",
      "begin" : 98,
      "end" : 99,
      "text" : "a",
      "whiteSpace" : false
    }, {
      "id" : "s1-t6",
      "begin" : 100,
      "end" : 108,
      "text" : "oferecer",
      "whiteSpace" : false
    }, {
      "id" : "s1-t7",
      "begin" : 109,
      "end" : 113,
      "text" : "além",
      "whiteSpace" : false
    }, {
      "id" : "s1-t8",
      "begin" : 114,
      "end" : 116,
      "text" : "da",
      "whiteSpace" : false
    }, {
      "id" : "s1-t9",
      "begin" : 117,
      "end" : 125,
      "text" : "proposta",
      "whiteSpace" : false
    }, {
      "id" : "s1-t10",
      "begin" : 126,
      "end" : 128,
      "text" : "de",
      "whiteSpace" : false
    }, {
      "id" : "s1-t11",
      "begin" : 129,
      "end" : 137,
      "text" : "trabalho",
      "whiteSpace" : false
    }, {
      "id" : "s1-t12",
      "begin" : 137,
      "end" : 138,
      "text" : ".",
      "whiteSpace" : false
    } ]
  }, {
    "id" : "s2",
    "begin" : 139,
    "end" : 201,
    "text" : "Ótimo custo benefício, melhor funcionário de qualquer empresa.",
    "tokens" : [ {
      "id" : "s2-t0",
      "begin" : 139,
      "end" : 144,
      "text" : "Ótimo",
      "whiteSpace" : false
    }, {
      "id" : "s2-t1",
      "begin" : 145,
      "end" : 150,
      "text" : "custo",
      "whiteSpace" : false
    }, {
      "id" : "s2-t2",
      "begin" : 151,
      "end" : 160,
      "text" : "benefício",
      "whiteSpace" : false
    }, {
      "id" : "s2-t3",
      "begin" : 160,
      "end" : 161,
      "text" : ",",
      "whiteSpace" : false
    }, {
      "id" : "s2-t4",
      "begin" : 162,
      "end" : 168,
      "text" : "melhor",
      "whiteSpace" : false
    }, {
      "id" : "s2-t5",
      "begin" : 169,
      "end" : 180,
      "text" : "funcionário",
      "whiteSpace" : false
    }, {
      "id" : "s2-t6",
      "begin" : 181,
      "end" : 183,
      "text" : "de",
      "whiteSpace" : false
    }, {
      "id" : "s2-t7",
      "begin" : 184,
      "end" : 192,
      "text" : "qualquer",
      "whiteSpace" : false
    }, {
      "id" : "s2-t8",
      "begin" : 193,
      "end" : 200,
      "text" : "empresa",
      "whiteSpace" : false
    }, {
      "id" : "s2-t9",
      "begin" : 200,
      "end" : 201,
      "text" : ".",
      "whiteSpace" : false
    } ]
  } ],
  "mentions" : [ {
    "id" : "s0-m1",
    "properties" : {
      "SIRE_MENTION_ROLE" : "MODELO",
      "SIRE_ENTITY_SUBTYPE" : "NONE",
      "SIRE_MENTION_TYPE" : "NONE",
      "SIRE_MENTION_CLASS" : "SPC"
    },
    "type" : "MODELO",
    "begin" : 2,
    "end" : 9,
    "inCoref" : false
  } ],
  "relations" : [ ],
  "corefs" : [ ],
  "typeResolved" : true,
  "userResolved" : false
}