{
  "id" : "d14dfaa0-f5d1-11ea-946d-e76b3fc26918-93",
  "name" : "train_94.txt",
  "createdDate" : 0,
  "version" : 3,
  "text" : "A Toro é belíssima. Aparência, estilo e posição de dirigir bem confortável. O consumo me surpreendeu, pois dentro da cidade faz em média de 11 a 12 km/L e na estrada chega a fazer 15km por litro com uma velocidade constante de 120km por hora.\r\n",
  "docLength" : 0,
  "language" : "PT",
  "status" : "SUBMITTED",
  "modifiedDate" : 1600013553654,
  "documentSet" : [ ],
  "preannotation" : [ ],
  "sentences" : [ {
    "id" : "s0",
    "begin" : 0,
    "end" : 19,
    "text" : "A Toro é belíssima.",
    "tokens" : [ {
      "id" : "s0-t0",
      "begin" : 0,
      "end" : 1,
      "text" : "A",
      "whiteSpace" : false
    }, {
      "id" : "s0-t1",
      "begin" : 2,
      "end" : 6,
      "text" : "Toro",
      "whiteSpace" : false
    }, {
      "id" : "s0-t2",
      "begin" : 7,
      "end" : 8,
      "text" : "é",
      "whiteSpace" : false
    }, {
      "id" : "s0-t3",
      "begin" : 9,
      "end" : 18,
      "text" : "belíssima",
      "whiteSpace" : false
    }, {
      "id" : "s0-t4",
      "begin" : 18,
      "end" : 19,
      "text" : ".",
      "whiteSpace" : false
    } ]
  }, {
    "id" : "s1",
    "begin" : 20,
    "end" : 75,
    "text" : "Aparência, estilo e posição de dirigir bem confortável.",
    "tokens" : [ {
      "id" : "s1-t0",
      "begin" : 20,
      "end" : 29,
      "text" : "Aparência",
      "whiteSpace" : false
    }, {
      "id" : "s1-t1",
      "begin" : 29,
      "end" : 30,
      "text" : ",",
      "whiteSpace" : false
    }, {
      "id" : "s1-t2",
      "begin" : 31,
      "end" : 37,
      "text" : "estilo",
      "whiteSpace" : false
    }, {
      "id" : "s1-t3",
      "begin" : 38,
      "end" : 39,
      "text" : "e",
      "whiteSpace" : false
    }, {
      "id" : "s1-t4",
      "begin" : 40,
      "end" : 47,
      "text" : "posição",
      "whiteSpace" : false
    }, {
      "id" : "s1-t5",
      "begin" : 48,
      "end" : 50,
      "text" : "de",
      "whiteSpace" : false
    }, {
      "id" : "s1-t6",
      "begin" : 51,
      "end" : 58,
      "text" : "dirigir",
      "whiteSpace" : false
    }, {
      "id" : "s1-t7",
      "begin" : 59,
      "end" : 62,
      "text" : "bem",
      "whiteSpace" : false
    }, {
      "id" : "s1-t8",
      "begin" : 63,
      "end" : 74,
      "text" : "confortável",
      "whiteSpace" : false
    }, {
      "id" : "s1-t9",
      "begin" : 74,
      "end" : 75,
      "text" : ".",
      "whiteSpace" : false
    } ]
  }, {
    "id" : "s2",
    "begin" : 76,
    "end" : 242,
    "text" : "O consumo me surpreendeu, pois dentro da cidade faz em média de 11 a 12 km/L e na estrada chega a fazer 15km por litro com uma velocidade constante de 120km por hora.",
    "tokens" : [ {
      "id" : "s2-t0",
      "begin" : 76,
      "end" : 77,
      "text" : "O",
      "whiteSpace" : false
    }, {
      "id" : "s2-t1",
      "begin" : 78,
      "end" : 85,
      "text" : "consumo",
      "whiteSpace" : false
    }, {
      "id" : "s2-t2",
      "begin" : 86,
      "end" : 88,
      "text" : "me",
      "whiteSpace" : false
    }, {
      "id" : "s2-t3",
      "begin" : 89,
      "end" : 100,
      "text" : "surpreendeu",
      "whiteSpace" : false
    }, {
      "id" : "s2-t4",
      "begin" : 100,
      "end" : 101,
      "text" : ",",
      "whiteSpace" : false
    }, {
      "id" : "s2-t5",
      "begin" : 102,
      "end" : 106,
      "text" : "pois",
      "whiteSpace" : false
    }, {
      "id" : "s2-t6",
      "begin" : 107,
      "end" : 113,
      "text" : "dentro",
      "whiteSpace" : false
    }, {
      "id" : "s2-t7",
      "begin" : 114,
      "end" : 116,
      "text" : "da",
      "whiteSpace" : false
    }, {
      "id" : "s2-t8",
      "begin" : 117,
      "end" : 123,
      "text" : "cidade",
      "whiteSpace" : false
    }, {
      "id" : "s2-t9",
      "begin" : 124,
      "end" : 127,
      "text" : "faz",
      "whiteSpace" : false
    }, {
      "id" : "s2-t10",
      "begin" : 128,
      "end" : 130,
      "text" : "em",
      "whiteSpace" : false
    }, {
      "id" : "s2-t11",
      "begin" : 131,
      "end" : 136,
      "text" : "média",
      "whiteSpace" : false
    }, {
      "id" : "s2-t12",
      "begin" : 137,
      "end" : 139,
      "text" : "de",
      "whiteSpace" : false
    }, {
      "id" : "s2-t13",
      "begin" : 140,
      "end" : 142,
      "text" : "11",
      "whiteSpace" : false
    }, {
      "id" : "s2-t14",
      "begin" : 143,
      "end" : 144,
      "text" : "a",
      "whiteSpace" : false
    }, {
      "id" : "s2-t15",
      "begin" : 145,
      "end" : 147,
      "text" : "12",
      "whiteSpace" : false
    }, {
      "id" : "s2-t16",
      "begin" : 148,
      "end" : 152,
      "text" : "km/L",
      "whiteSpace" : false
    }, {
      "id" : "s2-t17",
      "begin" : 153,
      "end" : 154,
      "text" : "e",
      "whiteSpace" : false
    }, {
      "id" : "s2-t18",
      "begin" : 155,
      "end" : 157,
      "text" : "na",
      "whiteSpace" : false
    }, {
      "id" : "s2-t19",
      "begin" : 158,
      "end" : 165,
      "text" : "estrada",
      "whiteSpace" : false
    }, {
      "id" : "s2-t20",
      "begin" : 166,
      "end" : 171,
      "text" : "chega",
      "whiteSpace" : false
    }, {
      "id" : "s2-t21",
      "begin" : 172,
      "end" : 173,
      "text" : "a",
      "whiteSpace" : false
    }, {
      "id" : "s2-t22",
      "begin" : 174,
      "end" : 179,
      "text" : "fazer",
      "whiteSpace" : false
    }, {
      "id" : "s2-t23",
      "begin" : 180,
      "end" : 184,
      "text" : "15km",
      "whiteSpace" : false
    }, {
      "id" : "s2-t24",
      "begin" : 185,
      "end" : 188,
      "text" : "por",
      "whiteSpace" : false
    }, {
      "id" : "s2-t25",
      "begin" : 189,
      "end" : 194,
      "text" : "litro",
      "whiteSpace" : false
    }, {
      "id" : "s2-t26",
      "begin" : 195,
      "end" : 198,
      "text" : "com",
      "whiteSpace" : false
    }, {
      "id" : "s2-t27",
      "begin" : 199,
      "end" : 202,
      "text" : "uma",
      "whiteSpace" : false
    }, {
      "id" : "s2-t28",
      "begin" : 203,
      "end" : 213,
      "text" : "velocidade",
      "whiteSpace" : false
    }, {
      "id" : "s2-t29",
      "begin" : 214,
      "end" : 223,
      "text" : "constante",
      "whiteSpace" : false
    }, {
      "id" : "s2-t30",
      "begin" : 224,
      "end" : 226,
      "text" : "de",
      "whiteSpace" : false
    }, {
      "id" : "s2-t31",
      "begin" : 227,
      "end" : 232,
      "text" : "120km",
      "whiteSpace" : false
    }, {
      "id" : "s2-t32",
      "begin" : 233,
      "end" : 236,
      "text" : "por",
      "whiteSpace" : false
    }, {
      "id" : "s2-t33",
      "begin" : 237,
      "end" : 241,
      "text" : "hora",
      "whiteSpace" : false
    }, {
      "id" : "s2-t34",
      "begin" : 241,
      "end" : 242,
      "text" : ".",
      "whiteSpace" : false
    } ]
  } ],
  "mentions" : [ {
    "id" : "s0-m1",
    "properties" : {
      "SIRE_MENTION_ROLE" : "MODELO",
      "SIRE_ENTITY_SUBTYPE" : "NONE",
      "SIRE_MENTION_TYPE" : "NONE",
      "SIRE_MENTION_CLASS" : "SPC"
    },
    "type" : "MODELO",
    "begin" : 2,
    "end" : 6,
    "inCoref" : false
  }, {
    "id" : "s1-m1",
    "properties" : {
      "SIRE_MENTION_ROLE" : "CONFORTO",
      "SIRE_ENTITY_SUBTYPE" : "NONE",
      "SIRE_MENTION_TYPE" : "NONE",
      "SIRE_MENTION_CLASS" : "SPC"
    },
    "type" : "CONFORTO",
    "begin" : 63,
    "end" : 74,
    "inCoref" : false
  }, {
    "id" : "s2-m1",
    "properties" : {
      "SIRE_MENTION_ROLE" : "CONSUMO",
      "SIRE_ENTITY_SUBTYPE" : "NONE",
      "SIRE_MENTION_TYPE" : "NONE",
      "SIRE_MENTION_CLASS" : "SPC"
    },
    "type" : "CONSUMO",
    "begin" : 78,
    "end" : 85,
    "inCoref" : false
  }, {
    "id" : "s2-m2",
    "properties" : {
      "SIRE_MENTION_ROLE" : "CONSUMO",
      "SIRE_ENTITY_SUBTYPE" : "NONE",
      "SIRE_MENTION_TYPE" : "NONE",
      "SIRE_MENTION_CLASS" : "SPC"
    },
    "type" : "CONSUMO",
    "begin" : 140,
    "end" : 152,
    "inCoref" : false
  }, {
    "id" : "s2-m3",
    "properties" : {
      "SIRE_MENTION_ROLE" : "CONSUMO",
      "SIRE_ENTITY_SUBTYPE" : "NONE",
      "SIRE_MENTION_TYPE" : "NONE",
      "SIRE_MENTION_CLASS" : "SPC"
    },
    "type" : "CONSUMO",
    "begin" : 180,
    "end" : 194,
    "inCoref" : false
  } ],
  "relations" : [ ],
  "corefs" : [ ],
  "typeResolved" : true,
  "userResolved" : false
}