{
  "id" : "d14dfaa0-f5d1-11ea-946d-e76b3fc26918-42",
  "name" : "train_43_1.txt",
  "createdDate" : 0,
  "version" : 3,
  "text" : "O Marea possui bom desempenho em área urbana e rodovias, boa estabilidade. O Marea Tem um consumo baixo para um carro desse porte, com um belo acabamento interno. No Marea o Estilo e conforto inquestionáveis, é um carro que possui um bom espaço interno ótimo para viagens.\r\n",
  "docLength" : 0,
  "language" : "PT",
  "status" : "SUBMITTED",
  "modifiedDate" : 1600011699378,
  "documentSet" : [ ],
  "preannotation" : [ ],
  "sentences" : [ {
    "id" : "s0",
    "begin" : 0,
    "end" : 74,
    "text" : "O Marea possui bom desempenho em área urbana e rodovias, boa estabilidade.",
    "tokens" : [ {
      "id" : "s0-t0",
      "begin" : 0,
      "end" : 1,
      "text" : "O",
      "whiteSpace" : false
    }, {
      "id" : "s0-t1",
      "begin" : 2,
      "end" : 7,
      "text" : "Marea",
      "whiteSpace" : false
    }, {
      "id" : "s0-t2",
      "begin" : 8,
      "end" : 14,
      "text" : "possui",
      "whiteSpace" : false
    }, {
      "id" : "s0-t3",
      "begin" : 15,
      "end" : 18,
      "text" : "bom",
      "whiteSpace" : false
    }, {
      "id" : "s0-t4",
      "begin" : 19,
      "end" : 29,
      "text" : "desempenho",
      "whiteSpace" : false
    }, {
      "id" : "s0-t5",
      "begin" : 30,
      "end" : 32,
      "text" : "em",
      "whiteSpace" : false
    }, {
      "id" : "s0-t6",
      "begin" : 33,
      "end" : 37,
      "text" : "área",
      "whiteSpace" : false
    }, {
      "id" : "s0-t7",
      "begin" : 38,
      "end" : 44,
      "text" : "urbana",
      "whiteSpace" : false
    }, {
      "id" : "s0-t8",
      "begin" : 45,
      "end" : 46,
      "text" : "e",
      "whiteSpace" : false
    }, {
      "id" : "s0-t9",
      "begin" : 47,
      "end" : 55,
      "text" : "rodovias",
      "whiteSpace" : false
    }, {
      "id" : "s0-t10",
      "begin" : 55,
      "end" : 56,
      "text" : ",",
      "whiteSpace" : false
    }, {
      "id" : "s0-t11",
      "begin" : 57,
      "end" : 60,
      "text" : "boa",
      "whiteSpace" : false
    }, {
      "id" : "s0-t12",
      "begin" : 61,
      "end" : 73,
      "text" : "estabilidade",
      "whiteSpace" : false
    }, {
      "id" : "s0-t13",
      "begin" : 73,
      "end" : 74,
      "text" : ".",
      "whiteSpace" : false
    } ]
  }, {
    "id" : "s1",
    "begin" : 75,
    "end" : 162,
    "text" : "O Marea Tem um consumo baixo para um carro desse porte, com um belo acabamento interno.",
    "tokens" : [ {
      "id" : "s1-t0",
      "begin" : 75,
      "end" : 76,
      "text" : "O",
      "whiteSpace" : false
    }, {
      "id" : "s1-t1",
      "begin" : 77,
      "end" : 82,
      "text" : "Marea",
      "whiteSpace" : false
    }, {
      "id" : "s1-t2",
      "begin" : 83,
      "end" : 86,
      "text" : "Tem",
      "whiteSpace" : false
    }, {
      "id" : "s1-t3",
      "begin" : 87,
      "end" : 89,
      "text" : "um",
      "whiteSpace" : false
    }, {
      "id" : "s1-t4",
      "begin" : 90,
      "end" : 97,
      "text" : "consumo",
      "whiteSpace" : false
    }, {
      "id" : "s1-t5",
      "begin" : 98,
      "end" : 103,
      "text" : "baixo",
      "whiteSpace" : false
    }, {
      "id" : "s1-t6",
      "begin" : 104,
      "end" : 108,
      "text" : "para",
      "whiteSpace" : false
    }, {
      "id" : "s1-t7",
      "begin" : 109,
      "end" : 111,
      "text" : "um",
      "whiteSpace" : false
    }, {
      "id" : "s1-t8",
      "begin" : 112,
      "end" : 117,
      "text" : "carro",
      "whiteSpace" : false
    }, {
      "id" : "s1-t9",
      "begin" : 118,
      "end" : 123,
      "text" : "desse",
      "whiteSpace" : false
    }, {
      "id" : "s1-t10",
      "begin" : 124,
      "end" : 129,
      "text" : "porte",
      "whiteSpace" : false
    }, {
      "id" : "s1-t11",
      "begin" : 129,
      "end" : 130,
      "text" : ",",
      "whiteSpace" : false
    }, {
      "id" : "s1-t12",
      "begin" : 131,
      "end" : 134,
      "text" : "com",
      "whiteSpace" : false
    }, {
      "id" : "s1-t13",
      "begin" : 135,
      "end" : 137,
      "text" : "um",
      "whiteSpace" : false
    }, {
      "id" : "s1-t14",
      "begin" : 138,
      "end" : 142,
      "text" : "belo",
      "whiteSpace" : false
    }, {
      "id" : "s1-t15",
      "begin" : 143,
      "end" : 153,
      "text" : "acabamento",
      "whiteSpace" : false
    }, {
      "id" : "s1-t16",
      "begin" : 154,
      "end" : 161,
      "text" : "interno",
      "whiteSpace" : false
    }, {
      "id" : "s1-t17",
      "begin" : 161,
      "end" : 162,
      "text" : ".",
      "whiteSpace" : false
    } ]
  }, {
    "id" : "s2",
    "begin" : 163,
    "end" : 272,
    "text" : "No Marea o Estilo e conforto inquestionáveis, é um carro que possui um bom espaço interno ótimo para viagens.",
    "tokens" : [ {
      "id" : "s2-t0",
      "begin" : 163,
      "end" : 165,
      "text" : "No",
      "whiteSpace" : false
    }, {
      "id" : "s2-t1",
      "begin" : 166,
      "end" : 171,
      "text" : "Marea",
      "whiteSpace" : false
    }, {
      "id" : "s2-t2",
      "begin" : 172,
      "end" : 173,
      "text" : "o",
      "whiteSpace" : false
    }, {
      "id" : "s2-t3",
      "begin" : 174,
      "end" : 180,
      "text" : "Estilo",
      "whiteSpace" : false
    }, {
      "id" : "s2-t4",
      "begin" : 181,
      "end" : 182,
      "text" : "e",
      "whiteSpace" : false
    }, {
      "id" : "s2-t5",
      "begin" : 183,
      "end" : 191,
      "text" : "conforto",
      "whiteSpace" : false
    }, {
      "id" : "s2-t6",
      "begin" : 192,
      "end" : 207,
      "text" : "inquestionáveis",
      "whiteSpace" : false
    }, {
      "id" : "s2-t7",
      "begin" : 207,
      "end" : 208,
      "text" : ",",
      "whiteSpace" : false
    }, {
      "id" : "s2-t8",
      "begin" : 209,
      "end" : 210,
      "text" : "é",
      "whiteSpace" : false
    }, {
      "id" : "s2-t9",
      "begin" : 211,
      "end" : 213,
      "text" : "um",
      "whiteSpace" : false
    }, {
      "id" : "s2-t10",
      "begin" : 214,
      "end" : 219,
      "text" : "carro",
      "whiteSpace" : false
    }, {
      "id" : "s2-t11",
      "begin" : 220,
      "end" : 223,
      "text" : "que",
      "whiteSpace" : false
    }, {
      "id" : "s2-t12",
      "begin" : 224,
      "end" : 230,
      "text" : "possui",
      "whiteSpace" : false
    }, {
      "id" : "s2-t13",
      "begin" : 231,
      "end" : 233,
      "text" : "um",
      "whiteSpace" : false
    }, {
      "id" : "s2-t14",
      "begin" : 234,
      "end" : 237,
      "text" : "bom",
      "whiteSpace" : false
    }, {
      "id" : "s2-t15",
      "begin" : 238,
      "end" : 244,
      "text" : "espaço",
      "whiteSpace" : false
    }, {
      "id" : "s2-t16",
      "begin" : 245,
      "end" : 252,
      "text" : "interno",
      "whiteSpace" : false
    }, {
      "id" : "s2-t17",
      "begin" : 253,
      "end" : 258,
      "text" : "ótimo",
      "whiteSpace" : false
    }, {
      "id" : "s2-t18",
      "begin" : 259,
      "end" : 263,
      "text" : "para",
      "whiteSpace" : false
    }, {
      "id" : "s2-t19",
      "begin" : 264,
      "end" : 271,
      "text" : "viagens",
      "whiteSpace" : false
    }, {
      "id" : "s2-t20",
      "begin" : 271,
      "end" : 272,
      "text" : ".",
      "whiteSpace" : false
    } ]
  } ],
  "mentions" : [ {
    "id" : "s0-m1",
    "properties" : {
      "SIRE_MENTION_ROLE" : "MODELO",
      "SIRE_ENTITY_SUBTYPE" : "NONE",
      "SIRE_MENTION_TYPE" : "NONE",
      "SIRE_MENTION_CLASS" : "SPC"
    },
    "type" : "MODELO",
    "begin" : 2,
    "end" : 7,
    "inCoref" : false
  }, {
    "id" : "s0-m3",
    "properties" : {
      "SIRE_MENTION_ROLE" : "DESEMPENHO",
      "SIRE_ENTITY_SUBTYPE" : "NONE",
      "SIRE_MENTION_TYPE" : "NONE",
      "SIRE_MENTION_CLASS" : "SPC"
    },
    "type" : "DESEMPENHO",
    "begin" : 19,
    "end" : 29,
    "inCoref" : false
  }, {
    "id" : "s0-m4",
    "properties" : {
      "SIRE_MENTION_ROLE" : "SEGURANCA",
      "SIRE_ENTITY_SUBTYPE" : "NONE",
      "SIRE_MENTION_TYPE" : "NONE",
      "SIRE_MENTION_CLASS" : "SPC"
    },
    "type" : "SEGURANCA",
    "begin" : 61,
    "end" : 73,
    "inCoref" : false
  }, {
    "id" : "s1-m1",
    "properties" : {
      "SIRE_MENTION_ROLE" : "MODELO",
      "SIRE_ENTITY_SUBTYPE" : "NONE",
      "SIRE_MENTION_TYPE" : "NONE",
      "SIRE_MENTION_CLASS" : "SPC"
    },
    "type" : "MODELO",
    "begin" : 77,
    "end" : 82,
    "inCoref" : false
  }, {
    "id" : "s1-m2",
    "properties" : {
      "SIRE_MENTION_ROLE" : "CONSUMO",
      "SIRE_ENTITY_SUBTYPE" : "NONE",
      "SIRE_MENTION_TYPE" : "NONE",
      "SIRE_MENTION_CLASS" : "SPC"
    },
    "type" : "CONSUMO",
    "begin" : 90,
    "end" : 97,
    "inCoref" : false
  }, {
    "id" : "s2-m1",
    "properties" : {
      "SIRE_MENTION_ROLE" : "MODELO",
      "SIRE_ENTITY_SUBTYPE" : "NONE",
      "SIRE_MENTION_TYPE" : "NONE",
      "SIRE_MENTION_CLASS" : "SPC"
    },
    "type" : "MODELO",
    "begin" : 166,
    "end" : 171,
    "inCoref" : false
  }, {
    "id" : "s2-m2",
    "properties" : {
      "SIRE_MENTION_ROLE" : "CONFORTO",
      "SIRE_ENTITY_SUBTYPE" : "NONE",
      "SIRE_MENTION_TYPE" : "NONE",
      "SIRE_MENTION_CLASS" : "SPC"
    },
    "type" : "CONFORTO",
    "begin" : 183,
    "end" : 191,
    "inCoref" : false
  }, {
    "id" : "s2-m3",
    "properties" : {
      "SIRE_MENTION_ROLE" : "CONFORTO",
      "SIRE_ENTITY_SUBTYPE" : "NONE",
      "SIRE_MENTION_TYPE" : "NONE",
      "SIRE_MENTION_CLASS" : "SPC"
    },
    "type" : "CONFORTO",
    "begin" : 238,
    "end" : 252,
    "inCoref" : false
  } ],
  "relations" : [ {
    "id" : "s0-r1",
    "properties" : { },
    "type" : "de",
    "args" : [ "s0-m3", "s0-m1" ]
  }, {
    "id" : "s0-r2",
    "properties" : { },
    "type" : "de",
    "args" : [ "s0-m4", "s0-m1" ]
  }, {
    "id" : "s1-r1",
    "properties" : { },
    "type" : "de",
    "args" : [ "s1-m2", "s1-m1" ]
  }, {
    "id" : "s2-r1",
    "properties" : { },
    "type" : "de",
    "args" : [ "s2-m2", "s2-m1" ]
  }, {
    "id" : "s2-r2",
    "properties" : { },
    "type" : "de",
    "args" : [ "s2-m3", "s2-m1" ]
  } ],
  "corefs" : [ ],
  "typeResolved" : true,
  "userResolved" : false
}