{
  "id" : "d14dfaa0-f5d1-11ea-946d-e76b3fc26918-10",
  "name" : "train_11.txt",
  "createdDate" : 0,
  "version" : 3,
  "text" : "O Argo 1.3 seduz pelo design, com belas linhas desenvolvidas pelo centro brasileiro de estilo da Fiat que remetem ao Tipo europeu, e até alguns modelos da Alfa Romeo, principalmente o hatchback Giulietta.\r\n",
  "docLength" : 0,
  "language" : "PT",
  "status" : "SUBMITTED",
  "modifiedDate" : 1600010007040,
  "documentSet" : [ ],
  "preannotation" : [ ],
  "sentences" : [ {
    "id" : "s0",
    "begin" : 0,
    "end" : 204,
    "text" : "O Argo 1.3 seduz pelo design, com belas linhas desenvolvidas pelo centro brasileiro de estilo da Fiat que remetem ao Tipo europeu, e até alguns modelos da Alfa Romeo, principalmente o hatchback Giulietta.",
    "tokens" : [ {
      "id" : "s0-t0",
      "begin" : 0,
      "end" : 1,
      "text" : "O",
      "whiteSpace" : false
    }, {
      "id" : "s0-t1",
      "begin" : 2,
      "end" : 6,
      "text" : "Argo",
      "whiteSpace" : false
    }, {
      "id" : "s0-t2",
      "begin" : 7,
      "end" : 10,
      "text" : "1.3",
      "whiteSpace" : false
    }, {
      "id" : "s0-t3",
      "begin" : 11,
      "end" : 16,
      "text" : "seduz",
      "whiteSpace" : false
    }, {
      "id" : "s0-t4",
      "begin" : 17,
      "end" : 21,
      "text" : "pelo",
      "whiteSpace" : false
    }, {
      "id" : "s0-t5",
      "begin" : 22,
      "end" : 28,
      "text" : "design",
      "whiteSpace" : false
    }, {
      "id" : "s0-t6",
      "begin" : 28,
      "end" : 29,
      "text" : ",",
      "whiteSpace" : false
    }, {
      "id" : "s0-t7",
      "begin" : 30,
      "end" : 33,
      "text" : "com",
      "whiteSpace" : false
    }, {
      "id" : "s0-t8",
      "begin" : 34,
      "end" : 39,
      "text" : "belas",
      "whiteSpace" : false
    }, {
      "id" : "s0-t9",
      "begin" : 40,
      "end" : 46,
      "text" : "linhas",
      "whiteSpace" : false
    }, {
      "id" : "s0-t10",
      "begin" : 47,
      "end" : 60,
      "text" : "desenvolvidas",
      "whiteSpace" : false
    }, {
      "id" : "s0-t11",
      "begin" : 61,
      "end" : 65,
      "text" : "pelo",
      "whiteSpace" : false
    }, {
      "id" : "s0-t12",
      "begin" : 66,
      "end" : 72,
      "text" : "centro",
      "whiteSpace" : false
    }, {
      "id" : "s0-t13",
      "begin" : 73,
      "end" : 83,
      "text" : "brasileiro",
      "whiteSpace" : false
    }, {
      "id" : "s0-t14",
      "begin" : 84,
      "end" : 86,
      "text" : "de",
      "whiteSpace" : false
    }, {
      "id" : "s0-t15",
      "begin" : 87,
      "end" : 93,
      "text" : "estilo",
      "whiteSpace" : false
    }, {
      "id" : "s0-t16",
      "begin" : 94,
      "end" : 96,
      "text" : "da",
      "whiteSpace" : false
    }, {
      "id" : "s0-t17",
      "begin" : 97,
      "end" : 101,
      "text" : "Fiat",
      "whiteSpace" : false
    }, {
      "id" : "s0-t18",
      "begin" : 102,
      "end" : 105,
      "text" : "que",
      "whiteSpace" : false
    }, {
      "id" : "s0-t19",
      "begin" : 106,
      "end" : 113,
      "text" : "remetem",
      "whiteSpace" : false
    }, {
      "id" : "s0-t20",
      "begin" : 114,
      "end" : 116,
      "text" : "ao",
      "whiteSpace" : false
    }, {
      "id" : "s0-t21",
      "begin" : 117,
      "end" : 121,
      "text" : "Tipo",
      "whiteSpace" : false
    }, {
      "id" : "s0-t22",
      "begin" : 122,
      "end" : 129,
      "text" : "europeu",
      "whiteSpace" : false
    }, {
      "id" : "s0-t23",
      "begin" : 129,
      "end" : 130,
      "text" : ",",
      "whiteSpace" : false
    }, {
      "id" : "s0-t24",
      "begin" : 131,
      "end" : 132,
      "text" : "e",
      "whiteSpace" : false
    }, {
      "id" : "s0-t25",
      "begin" : 133,
      "end" : 136,
      "text" : "até",
      "whiteSpace" : false
    }, {
      "id" : "s0-t26",
      "begin" : 137,
      "end" : 143,
      "text" : "alguns",
      "whiteSpace" : false
    }, {
      "id" : "s0-t27",
      "begin" : 144,
      "end" : 151,
      "text" : "modelos",
      "whiteSpace" : false
    }, {
      "id" : "s0-t28",
      "begin" : 152,
      "end" : 154,
      "text" : "da",
      "whiteSpace" : false
    }, {
      "id" : "s0-t29",
      "begin" : 155,
      "end" : 159,
      "text" : "Alfa",
      "whiteSpace" : false
    }, {
      "id" : "s0-t30",
      "begin" : 160,
      "end" : 165,
      "text" : "Romeo",
      "whiteSpace" : false
    }, {
      "id" : "s0-t31",
      "begin" : 165,
      "end" : 166,
      "text" : ",",
      "whiteSpace" : false
    }, {
      "id" : "s0-t32",
      "begin" : 167,
      "end" : 181,
      "text" : "principalmente",
      "whiteSpace" : false
    }, {
      "id" : "s0-t33",
      "begin" : 182,
      "end" : 183,
      "text" : "o",
      "whiteSpace" : false
    }, {
      "id" : "s0-t34",
      "begin" : 184,
      "end" : 193,
      "text" : "hatchback",
      "whiteSpace" : false
    }, {
      "id" : "s0-t35",
      "begin" : 194,
      "end" : 203,
      "text" : "Giulietta",
      "whiteSpace" : false
    }, {
      "id" : "s0-t36",
      "begin" : 203,
      "end" : 204,
      "text" : ".",
      "whiteSpace" : false
    } ]
  } ],
  "mentions" : [ {
    "id" : "s0-m1",
    "properties" : {
      "SIRE_MENTION_ROLE" : "MODELO",
      "SIRE_ENTITY_SUBTYPE" : "NONE",
      "SIRE_MENTION_TYPE" : "NONE",
      "SIRE_MENTION_CLASS" : "SPC"
    },
    "type" : "MODELO",
    "begin" : 2,
    "end" : 6,
    "inCoref" : false
  } ],
  "relations" : [ ],
  "corefs" : [ ],
  "typeResolved" : true,
  "userResolved" : false
}