{
  "id" : "d14dfaa0-f5d1-11ea-946d-e76b3fc26918-99",
  "name" : "train_100_1.txt",
  "createdDate" : 0,
  "version" : 3,
  "text" : "O design da Toro chama muita atenção, a posição de direção é muito boa e o motor é forte. Toro É uma pickup bem econômica, que faz entre 10 e 14 km/L no circuito misto. O acabamento da Toro é muito bom mesmo os plásticos sendo rígidos o toque é muito bom. Na Toro O acesso à caçamba é ótimo e por ser diesel transporta até 1 tonelada.",
  "docLength" : 0,
  "language" : "PT",
  "status" : "SUBMITTED",
  "modifiedDate" : 1600009933213,
  "documentSet" : [ ],
  "preannotation" : [ ],
  "sentences" : [ {
    "id" : "s0",
    "begin" : 0,
    "end" : 89,
    "text" : "O design da Toro chama muita atenção, a posição de direção é muito boa e o motor é forte.",
    "tokens" : [ {
      "id" : "s0-t0",
      "begin" : 0,
      "end" : 1,
      "text" : "O",
      "whiteSpace" : false
    }, {
      "id" : "s0-t1",
      "begin" : 2,
      "end" : 8,
      "text" : "design",
      "whiteSpace" : false
    }, {
      "id" : "s0-t2",
      "begin" : 9,
      "end" : 11,
      "text" : "da",
      "whiteSpace" : false
    }, {
      "id" : "s0-t3",
      "begin" : 12,
      "end" : 16,
      "text" : "Toro",
      "whiteSpace" : false
    }, {
      "id" : "s0-t4",
      "begin" : 17,
      "end" : 22,
      "text" : "chama",
      "whiteSpace" : false
    }, {
      "id" : "s0-t5",
      "begin" : 23,
      "end" : 28,
      "text" : "muita",
      "whiteSpace" : false
    }, {
      "id" : "s0-t6",
      "begin" : 29,
      "end" : 36,
      "text" : "atenção",
      "whiteSpace" : false
    }, {
      "id" : "s0-t7",
      "begin" : 36,
      "end" : 37,
      "text" : ",",
      "whiteSpace" : false
    }, {
      "id" : "s0-t8",
      "begin" : 38,
      "end" : 39,
      "text" : "a",
      "whiteSpace" : false
    }, {
      "id" : "s0-t9",
      "begin" : 40,
      "end" : 47,
      "text" : "posição",
      "whiteSpace" : false
    }, {
      "id" : "s0-t10",
      "begin" : 48,
      "end" : 50,
      "text" : "de",
      "whiteSpace" : false
    }, {
      "id" : "s0-t11",
      "begin" : 51,
      "end" : 58,
      "text" : "direção",
      "whiteSpace" : false
    }, {
      "id" : "s0-t12",
      "begin" : 59,
      "end" : 60,
      "text" : "é",
      "whiteSpace" : false
    }, {
      "id" : "s0-t13",
      "begin" : 61,
      "end" : 66,
      "text" : "muito",
      "whiteSpace" : false
    }, {
      "id" : "s0-t14",
      "begin" : 67,
      "end" : 70,
      "text" : "boa",
      "whiteSpace" : false
    }, {
      "id" : "s0-t15",
      "begin" : 71,
      "end" : 72,
      "text" : "e",
      "whiteSpace" : false
    }, {
      "id" : "s0-t16",
      "begin" : 73,
      "end" : 74,
      "text" : "o",
      "whiteSpace" : false
    }, {
      "id" : "s0-t17",
      "begin" : 75,
      "end" : 80,
      "text" : "motor",
      "whiteSpace" : false
    }, {
      "id" : "s0-t18",
      "begin" : 81,
      "end" : 82,
      "text" : "é",
      "whiteSpace" : false
    }, {
      "id" : "s0-t19",
      "begin" : 83,
      "end" : 88,
      "text" : "forte",
      "whiteSpace" : false
    }, {
      "id" : "s0-t20",
      "begin" : 88,
      "end" : 89,
      "text" : ".",
      "whiteSpace" : false
    } ]
  }, {
    "id" : "s1",
    "begin" : 90,
    "end" : 168,
    "text" : "Toro É uma pickup bem econômica, que faz entre 10 e 14 km/L no circuito misto.",
    "tokens" : [ {
      "id" : "s1-t0",
      "begin" : 90,
      "end" : 94,
      "text" : "Toro",
      "whiteSpace" : false
    }, {
      "id" : "s1-t1",
      "begin" : 95,
      "end" : 96,
      "text" : "É",
      "whiteSpace" : false
    }, {
      "id" : "s1-t2",
      "begin" : 97,
      "end" : 100,
      "text" : "uma",
      "whiteSpace" : false
    }, {
      "id" : "s1-t3",
      "begin" : 101,
      "end" : 107,
      "text" : "pickup",
      "whiteSpace" : false
    }, {
      "id" : "s1-t4",
      "begin" : 108,
      "end" : 111,
      "text" : "bem",
      "whiteSpace" : false
    }, {
      "id" : "s1-t5",
      "begin" : 112,
      "end" : 121,
      "text" : "econômica",
      "whiteSpace" : false
    }, {
      "id" : "s1-t6",
      "begin" : 121,
      "end" : 122,
      "text" : ",",
      "whiteSpace" : false
    }, {
      "id" : "s1-t7",
      "begin" : 123,
      "end" : 126,
      "text" : "que",
      "whiteSpace" : false
    }, {
      "id" : "s1-t8",
      "begin" : 127,
      "end" : 130,
      "text" : "faz",
      "whiteSpace" : false
    }, {
      "id" : "s1-t9",
      "begin" : 131,
      "end" : 136,
      "text" : "entre",
      "whiteSpace" : false
    }, {
      "id" : "s1-t10",
      "begin" : 137,
      "end" : 139,
      "text" : "10",
      "whiteSpace" : false
    }, {
      "id" : "s1-t11",
      "begin" : 140,
      "end" : 141,
      "text" : "e",
      "whiteSpace" : false
    }, {
      "id" : "s1-t12",
      "begin" : 142,
      "end" : 144,
      "text" : "14",
      "whiteSpace" : false
    }, {
      "id" : "s1-t13",
      "begin" : 145,
      "end" : 149,
      "text" : "km/L",
      "whiteSpace" : false
    }, {
      "id" : "s1-t14",
      "begin" : 150,
      "end" : 152,
      "text" : "no",
      "whiteSpace" : false
    }, {
      "id" : "s1-t15",
      "begin" : 153,
      "end" : 161,
      "text" : "circuito",
      "whiteSpace" : false
    }, {
      "id" : "s1-t16",
      "begin" : 162,
      "end" : 167,
      "text" : "misto",
      "whiteSpace" : false
    }, {
      "id" : "s1-t17",
      "begin" : 167,
      "end" : 168,
      "text" : ".",
      "whiteSpace" : false
    } ]
  }, {
    "id" : "s2",
    "begin" : 169,
    "end" : 255,
    "text" : "O acabamento da Toro é muito bom mesmo os plásticos sendo rígidos o toque é muito bom.",
    "tokens" : [ {
      "id" : "s2-t0",
      "begin" : 169,
      "end" : 170,
      "text" : "O",
      "whiteSpace" : false
    }, {
      "id" : "s2-t1",
      "begin" : 171,
      "end" : 181,
      "text" : "acabamento",
      "whiteSpace" : false
    }, {
      "id" : "s2-t2",
      "begin" : 182,
      "end" : 184,
      "text" : "da",
      "whiteSpace" : false
    }, {
      "id" : "s2-t3",
      "begin" : 185,
      "end" : 189,
      "text" : "Toro",
      "whiteSpace" : false
    }, {
      "id" : "s2-t4",
      "begin" : 190,
      "end" : 191,
      "text" : "é",
      "whiteSpace" : false
    }, {
      "id" : "s2-t5",
      "begin" : 192,
      "end" : 197,
      "text" : "muito",
      "whiteSpace" : false
    }, {
      "id" : "s2-t6",
      "begin" : 198,
      "end" : 201,
      "text" : "bom",
      "whiteSpace" : false
    }, {
      "id" : "s2-t7",
      "begin" : 202,
      "end" : 207,
      "text" : "mesmo",
      "whiteSpace" : false
    }, {
      "id" : "s2-t8",
      "begin" : 208,
      "end" : 210,
      "text" : "os",
      "whiteSpace" : false
    }, {
      "id" : "s2-t9",
      "begin" : 211,
      "end" : 220,
      "text" : "plásticos",
      "whiteSpace" : false
    }, {
      "id" : "s2-t10",
      "begin" : 221,
      "end" : 226,
      "text" : "sendo",
      "whiteSpace" : false
    }, {
      "id" : "s2-t11",
      "begin" : 227,
      "end" : 234,
      "text" : "rígidos",
      "whiteSpace" : false
    }, {
      "id" : "s2-t12",
      "begin" : 235,
      "end" : 236,
      "text" : "o",
      "whiteSpace" : false
    }, {
      "id" : "s2-t13",
      "begin" : 237,
      "end" : 242,
      "text" : "toque",
      "whiteSpace" : false
    }, {
      "id" : "s2-t14",
      "begin" : 243,
      "end" : 244,
      "text" : "é",
      "whiteSpace" : false
    }, {
      "id" : "s2-t15",
      "begin" : 245,
      "end" : 250,
      "text" : "muito",
      "whiteSpace" : false
    }, {
      "id" : "s2-t16",
      "begin" : 251,
      "end" : 254,
      "text" : "bom",
      "whiteSpace" : false
    }, {
      "id" : "s2-t17",
      "begin" : 254,
      "end" : 255,
      "text" : ".",
      "whiteSpace" : false
    } ]
  }, {
    "id" : "s3",
    "begin" : 256,
    "end" : 334,
    "text" : "Na Toro O acesso à caçamba é ótimo e por ser diesel transporta até 1 tonelada.",
    "tokens" : [ {
      "id" : "s3-t0",
      "begin" : 256,
      "end" : 258,
      "text" : "Na",
      "whiteSpace" : false
    }, {
      "id" : "s3-t1",
      "begin" : 259,
      "end" : 263,
      "text" : "Toro",
      "whiteSpace" : false
    }, {
      "id" : "s3-t2",
      "begin" : 264,
      "end" : 265,
      "text" : "O",
      "whiteSpace" : false
    }, {
      "id" : "s3-t3",
      "begin" : 266,
      "end" : 272,
      "text" : "acesso",
      "whiteSpace" : false
    }, {
      "id" : "s3-t4",
      "begin" : 273,
      "end" : 274,
      "text" : "à",
      "whiteSpace" : false
    }, {
      "id" : "s3-t5",
      "begin" : 275,
      "end" : 282,
      "text" : "caçamba",
      "whiteSpace" : false
    }, {
      "id" : "s3-t6",
      "begin" : 283,
      "end" : 284,
      "text" : "é",
      "whiteSpace" : false
    }, {
      "id" : "s3-t7",
      "begin" : 285,
      "end" : 290,
      "text" : "ótimo",
      "whiteSpace" : false
    }, {
      "id" : "s3-t8",
      "begin" : 291,
      "end" : 292,
      "text" : "e",
      "whiteSpace" : false
    }, {
      "id" : "s3-t9",
      "begin" : 293,
      "end" : 296,
      "text" : "por",
      "whiteSpace" : false
    }, {
      "id" : "s3-t10",
      "begin" : 297,
      "end" : 300,
      "text" : "ser",
      "whiteSpace" : false
    }, {
      "id" : "s3-t11",
      "begin" : 301,
      "end" : 307,
      "text" : "diesel",
      "whiteSpace" : false
    }, {
      "id" : "s3-t12",
      "begin" : 308,
      "end" : 318,
      "text" : "transporta",
      "whiteSpace" : false
    }, {
      "id" : "s3-t13",
      "begin" : 319,
      "end" : 322,
      "text" : "até",
      "whiteSpace" : false
    }, {
      "id" : "s3-t14",
      "begin" : 323,
      "end" : 324,
      "text" : "1",
      "whiteSpace" : false
    }, {
      "id" : "s3-t15",
      "begin" : 325,
      "end" : 333,
      "text" : "tonelada",
      "whiteSpace" : false
    }, {
      "id" : "s3-t16",
      "begin" : 333,
      "end" : 334,
      "text" : ".",
      "whiteSpace" : false
    } ]
  } ],
  "mentions" : [ {
    "id" : "s0-m1",
    "properties" : {
      "SIRE_MENTION_ROLE" : "MODELO",
      "SIRE_ENTITY_SUBTYPE" : "NONE",
      "SIRE_MENTION_TYPE" : "NONE",
      "SIRE_MENTION_CLASS" : "SPC"
    },
    "type" : "MODELO",
    "begin" : 12,
    "end" : 16,
    "inCoref" : false
  }, {
    "id" : "s0-m2",
    "properties" : {
      "SIRE_MENTION_ROLE" : "DESEMPENHO",
      "SIRE_ENTITY_SUBTYPE" : "NONE",
      "SIRE_MENTION_TYPE" : "NONE",
      "SIRE_MENTION_CLASS" : "SPC"
    },
    "type" : "DESEMPENHO",
    "begin" : 75,
    "end" : 80,
    "inCoref" : false
  }, {
    "id" : "s1-m1",
    "properties" : {
      "SIRE_MENTION_ROLE" : "MODELO",
      "SIRE_ENTITY_SUBTYPE" : "NONE",
      "SIRE_MENTION_TYPE" : "NONE",
      "SIRE_MENTION_CLASS" : "SPC"
    },
    "type" : "MODELO",
    "begin" : 90,
    "end" : 94,
    "inCoref" : false
  }, {
    "id" : "s1-m2",
    "properties" : {
      "SIRE_MENTION_ROLE" : "CONSUMO",
      "SIRE_ENTITY_SUBTYPE" : "NONE",
      "SIRE_MENTION_TYPE" : "NONE",
      "SIRE_MENTION_CLASS" : "SPC"
    },
    "type" : "CONSUMO",
    "begin" : 112,
    "end" : 121,
    "inCoref" : false
  }, {
    "id" : "s1-m3",
    "properties" : {
      "SIRE_MENTION_ROLE" : "CONSUMO",
      "SIRE_ENTITY_SUBTYPE" : "NONE",
      "SIRE_MENTION_TYPE" : "NONE",
      "SIRE_MENTION_CLASS" : "SPC"
    },
    "type" : "CONSUMO",
    "begin" : 137,
    "end" : 149,
    "inCoref" : false
  }, {
    "id" : "s2-m2",
    "properties" : {
      "SIRE_MENTION_ROLE" : "CONFORTO",
      "SIRE_ENTITY_SUBTYPE" : "NONE",
      "SIRE_MENTION_TYPE" : "NONE",
      "SIRE_MENTION_CLASS" : "SPC"
    },
    "type" : "CONFORTO",
    "begin" : 171,
    "end" : 181,
    "inCoref" : false
  }, {
    "id" : "s2-m1",
    "properties" : {
      "SIRE_MENTION_ROLE" : "MODELO",
      "SIRE_ENTITY_SUBTYPE" : "NONE",
      "SIRE_MENTION_TYPE" : "NONE",
      "SIRE_MENTION_CLASS" : "SPC"
    },
    "type" : "MODELO",
    "begin" : 185,
    "end" : 189,
    "inCoref" : false
  }, {
    "id" : "s3-m1",
    "properties" : {
      "SIRE_MENTION_ROLE" : "MODELO",
      "SIRE_ENTITY_SUBTYPE" : "NONE",
      "SIRE_MENTION_TYPE" : "NONE",
      "SIRE_MENTION_CLASS" : "SPC"
    },
    "type" : "MODELO",
    "begin" : 259,
    "end" : 263,
    "inCoref" : false
  } ],
  "relations" : [ {
    "id" : "s0-r1",
    "properties" : { },
    "type" : "de",
    "args" : [ "s0-m2", "s0-m1" ]
  }, {
    "id" : "s1-r1",
    "properties" : { },
    "type" : "de",
    "args" : [ "s1-m2", "s1-m1" ]
  }, {
    "id" : "s1-r2",
    "properties" : { },
    "type" : "de",
    "args" : [ "s1-m3", "s1-m1" ]
  }, {
    "id" : "s2-r1",
    "properties" : { },
    "type" : "de",
    "args" : [ "s2-m2", "s2-m1" ]
  } ],
  "corefs" : [ ],
  "typeResolved" : true,
  "userResolved" : false
}