{
  "id" : "d14dfaa0-f5d1-11ea-946d-e76b3fc26918-39",
  "name" : "train_40_1.txt",
  "createdDate" : 0,
  "version" : 3,
  "text" : "O motor do Marea é de alta tecnologia, projeto muito bem trabalhado. No Marea A segurança do carro também é incrível, devida a ótima tecnologia da carroceria que possui boa absorção de impactos. No Marea O barulho do motor também é muito bonito.\r\n",
  "docLength" : 0,
  "language" : "PT",
  "status" : "SUBMITTED",
  "modifiedDate" : 1600011617801,
  "documentSet" : [ ],
  "preannotation" : [ ],
  "sentences" : [ {
    "id" : "s0",
    "begin" : 0,
    "end" : 68,
    "text" : "O motor do Marea é de alta tecnologia, projeto muito bem trabalhado.",
    "tokens" : [ {
      "id" : "s0-t0",
      "begin" : 0,
      "end" : 1,
      "text" : "O",
      "whiteSpace" : false
    }, {
      "id" : "s0-t1",
      "begin" : 2,
      "end" : 7,
      "text" : "motor",
      "whiteSpace" : false
    }, {
      "id" : "s0-t2",
      "begin" : 8,
      "end" : 10,
      "text" : "do",
      "whiteSpace" : false
    }, {
      "id" : "s0-t3",
      "begin" : 11,
      "end" : 16,
      "text" : "Marea",
      "whiteSpace" : false
    }, {
      "id" : "s0-t4",
      "begin" : 17,
      "end" : 18,
      "text" : "é",
      "whiteSpace" : false
    }, {
      "id" : "s0-t5",
      "begin" : 19,
      "end" : 21,
      "text" : "de",
      "whiteSpace" : false
    }, {
      "id" : "s0-t6",
      "begin" : 22,
      "end" : 26,
      "text" : "alta",
      "whiteSpace" : false
    }, {
      "id" : "s0-t7",
      "begin" : 27,
      "end" : 37,
      "text" : "tecnologia",
      "whiteSpace" : false
    }, {
      "id" : "s0-t8",
      "begin" : 37,
      "end" : 38,
      "text" : ",",
      "whiteSpace" : false
    }, {
      "id" : "s0-t9",
      "begin" : 39,
      "end" : 46,
      "text" : "projeto",
      "whiteSpace" : false
    }, {
      "id" : "s0-t10",
      "begin" : 47,
      "end" : 52,
      "text" : "muito",
      "whiteSpace" : false
    }, {
      "id" : "s0-t11",
      "begin" : 53,
      "end" : 56,
      "text" : "bem",
      "whiteSpace" : false
    }, {
      "id" : "s0-t12",
      "begin" : 57,
      "end" : 67,
      "text" : "trabalhado",
      "whiteSpace" : false
    }, {
      "id" : "s0-t13",
      "begin" : 67,
      "end" : 68,
      "text" : ".",
      "whiteSpace" : false
    } ]
  }, {
    "id" : "s1",
    "begin" : 69,
    "end" : 194,
    "text" : "No Marea A segurança do carro também é incrível, devida a ótima tecnologia da carroceria que possui boa absorção de impactos.",
    "tokens" : [ {
      "id" : "s1-t0",
      "begin" : 69,
      "end" : 71,
      "text" : "No",
      "whiteSpace" : false
    }, {
      "id" : "s1-t1",
      "begin" : 72,
      "end" : 77,
      "text" : "Marea",
      "whiteSpace" : false
    }, {
      "id" : "s1-t2",
      "begin" : 78,
      "end" : 79,
      "text" : "A",
      "whiteSpace" : false
    }, {
      "id" : "s1-t3",
      "begin" : 80,
      "end" : 89,
      "text" : "segurança",
      "whiteSpace" : false
    }, {
      "id" : "s1-t4",
      "begin" : 90,
      "end" : 92,
      "text" : "do",
      "whiteSpace" : false
    }, {
      "id" : "s1-t5",
      "begin" : 93,
      "end" : 98,
      "text" : "carro",
      "whiteSpace" : false
    }, {
      "id" : "s1-t6",
      "begin" : 99,
      "end" : 105,
      "text" : "também",
      "whiteSpace" : false
    }, {
      "id" : "s1-t7",
      "begin" : 106,
      "end" : 107,
      "text" : "é",
      "whiteSpace" : false
    }, {
      "id" : "s1-t8",
      "begin" : 108,
      "end" : 116,
      "text" : "incrível",
      "whiteSpace" : false
    }, {
      "id" : "s1-t9",
      "begin" : 116,
      "end" : 117,
      "text" : ",",
      "whiteSpace" : false
    }, {
      "id" : "s1-t10",
      "begin" : 118,
      "end" : 124,
      "text" : "devida",
      "whiteSpace" : false
    }, {
      "id" : "s1-t11",
      "begin" : 125,
      "end" : 126,
      "text" : "a",
      "whiteSpace" : false
    }, {
      "id" : "s1-t12",
      "begin" : 127,
      "end" : 132,
      "text" : "ótima",
      "whiteSpace" : false
    }, {
      "id" : "s1-t13",
      "begin" : 133,
      "end" : 143,
      "text" : "tecnologia",
      "whiteSpace" : false
    }, {
      "id" : "s1-t14",
      "begin" : 144,
      "end" : 146,
      "text" : "da",
      "whiteSpace" : false
    }, {
      "id" : "s1-t15",
      "begin" : 147,
      "end" : 157,
      "text" : "carroceria",
      "whiteSpace" : false
    }, {
      "id" : "s1-t16",
      "begin" : 158,
      "end" : 161,
      "text" : "que",
      "whiteSpace" : false
    }, {
      "id" : "s1-t17",
      "begin" : 162,
      "end" : 168,
      "text" : "possui",
      "whiteSpace" : false
    }, {
      "id" : "s1-t18",
      "begin" : 169,
      "end" : 172,
      "text" : "boa",
      "whiteSpace" : false
    }, {
      "id" : "s1-t19",
      "begin" : 173,
      "end" : 181,
      "text" : "absorção",
      "whiteSpace" : false
    }, {
      "id" : "s1-t20",
      "begin" : 182,
      "end" : 184,
      "text" : "de",
      "whiteSpace" : false
    }, {
      "id" : "s1-t21",
      "begin" : 185,
      "end" : 193,
      "text" : "impactos",
      "whiteSpace" : false
    }, {
      "id" : "s1-t22",
      "begin" : 193,
      "end" : 194,
      "text" : ".",
      "whiteSpace" : false
    } ]
  }, {
    "id" : "s2",
    "begin" : 195,
    "end" : 245,
    "text" : "No Marea O barulho do motor também é muito bonito.",
    "tokens" : [ {
      "id" : "s2-t0",
      "begin" : 195,
      "end" : 197,
      "text" : "No",
      "whiteSpace" : false
    }, {
      "id" : "s2-t1",
      "begin" : 198,
      "end" : 203,
      "text" : "Marea",
      "whiteSpace" : false
    }, {
      "id" : "s2-t2",
      "begin" : 204,
      "end" : 205,
      "text" : "O",
      "whiteSpace" : false
    }, {
      "id" : "s2-t3",
      "begin" : 206,
      "end" : 213,
      "text" : "barulho",
      "whiteSpace" : false
    }, {
      "id" : "s2-t4",
      "begin" : 214,
      "end" : 216,
      "text" : "do",
      "whiteSpace" : false
    }, {
      "id" : "s2-t5",
      "begin" : 217,
      "end" : 222,
      "text" : "motor",
      "whiteSpace" : false
    }, {
      "id" : "s2-t6",
      "begin" : 223,
      "end" : 229,
      "text" : "também",
      "whiteSpace" : false
    }, {
      "id" : "s2-t7",
      "begin" : 230,
      "end" : 231,
      "text" : "é",
      "whiteSpace" : false
    }, {
      "id" : "s2-t8",
      "begin" : 232,
      "end" : 237,
      "text" : "muito",
      "whiteSpace" : false
    }, {
      "id" : "s2-t9",
      "begin" : 238,
      "end" : 244,
      "text" : "bonito",
      "whiteSpace" : false
    }, {
      "id" : "s2-t10",
      "begin" : 244,
      "end" : 245,
      "text" : ".",
      "whiteSpace" : false
    } ]
  } ],
  "mentions" : [ {
    "id" : "s0-m2",
    "properties" : {
      "SIRE_MENTION_ROLE" : "DESEMPENHO",
      "SIRE_ENTITY_SUBTYPE" : "NONE",
      "SIRE_MENTION_TYPE" : "NONE",
      "SIRE_MENTION_CLASS" : "SPC"
    },
    "type" : "DESEMPENHO",
    "begin" : 2,
    "end" : 7,
    "inCoref" : false
  }, {
    "id" : "s0-m1",
    "properties" : {
      "SIRE_MENTION_ROLE" : "MODELO",
      "SIRE_ENTITY_SUBTYPE" : "NONE",
      "SIRE_MENTION_TYPE" : "NONE",
      "SIRE_MENTION_CLASS" : "SPC"
    },
    "type" : "MODELO",
    "begin" : 11,
    "end" : 16,
    "inCoref" : false
  }, {
    "id" : "s1-m1",
    "properties" : {
      "SIRE_MENTION_ROLE" : "MODELO",
      "SIRE_ENTITY_SUBTYPE" : "NONE",
      "SIRE_MENTION_TYPE" : "NONE",
      "SIRE_MENTION_CLASS" : "SPC"
    },
    "type" : "MODELO",
    "begin" : 72,
    "end" : 77,
    "inCoref" : false
  }, {
    "id" : "s1-m2",
    "properties" : {
      "SIRE_MENTION_ROLE" : "SEGURANCA",
      "SIRE_ENTITY_SUBTYPE" : "NONE",
      "SIRE_MENTION_TYPE" : "NONE",
      "SIRE_MENTION_CLASS" : "SPC"
    },
    "type" : "SEGURANCA",
    "begin" : 80,
    "end" : 89,
    "inCoref" : false
  }, {
    "id" : "s2-m1",
    "properties" : {
      "SIRE_MENTION_ROLE" : "MODELO",
      "SIRE_ENTITY_SUBTYPE" : "NONE",
      "SIRE_MENTION_TYPE" : "NONE",
      "SIRE_MENTION_CLASS" : "SPC"
    },
    "type" : "MODELO",
    "begin" : 198,
    "end" : 203,
    "inCoref" : false
  }, {
    "id" : "s2-m2",
    "properties" : {
      "SIRE_MENTION_ROLE" : "DESEMPENHO",
      "SIRE_ENTITY_SUBTYPE" : "NONE",
      "SIRE_MENTION_TYPE" : "NONE",
      "SIRE_MENTION_CLASS" : "SPC"
    },
    "type" : "DESEMPENHO",
    "begin" : 217,
    "end" : 222,
    "inCoref" : false
  } ],
  "relations" : [ {
    "id" : "s0-r1",
    "properties" : { },
    "type" : "de",
    "args" : [ "s0-m2", "s0-m1" ]
  }, {
    "id" : "s1-r1",
    "properties" : { },
    "type" : "de",
    "args" : [ "s1-m2", "s1-m1" ]
  }, {
    "id" : "s2-r1",
    "properties" : { },
    "type" : "de",
    "args" : [ "s2-m2", "s2-m1" ]
  } ],
  "corefs" : [ ],
  "typeResolved" : true,
  "userResolved" : false
}