{
  "id" : "d14dfaa0-f5d1-11ea-946d-e76b3fc26918-69",
  "name" : "train_70.txt",
  "createdDate" : 0,
  "version" : 3,
  "text" : "A resposta do câmbio do Cronos é um pouco lenta, no começo até se acostumar com o carro dará alguns trancos em segunda marcha, mas nada que incomode. Só não dou 10 para o porta malas por conta do pescoço de ganso, faltou as pantográficas!!!\r\n",
  "docLength" : 0,
  "language" : "PT",
  "status" : "SUBMITTED",
  "modifiedDate" : 1600012891733,
  "documentSet" : [ ],
  "preannotation" : [ ],
  "sentences" : [ {
    "id" : "s0",
    "begin" : 0,
    "end" : 149,
    "text" : "A resposta do câmbio do Cronos é um pouco lenta, no começo até se acostumar com o carro dará alguns trancos em segunda marcha, mas nada que incomode.",
    "tokens" : [ {
      "id" : "s0-t0",
      "begin" : 0,
      "end" : 1,
      "text" : "A",
      "whiteSpace" : false
    }, {
      "id" : "s0-t1",
      "begin" : 2,
      "end" : 10,
      "text" : "resposta",
      "whiteSpace" : false
    }, {
      "id" : "s0-t2",
      "begin" : 11,
      "end" : 13,
      "text" : "do",
      "whiteSpace" : false
    }, {
      "id" : "s0-t3",
      "begin" : 14,
      "end" : 20,
      "text" : "câmbio",
      "whiteSpace" : false
    }, {
      "id" : "s0-t4",
      "begin" : 21,
      "end" : 23,
      "text" : "do",
      "whiteSpace" : false
    }, {
      "id" : "s0-t5",
      "begin" : 24,
      "end" : 30,
      "text" : "Cronos",
      "whiteSpace" : false
    }, {
      "id" : "s0-t6",
      "begin" : 31,
      "end" : 32,
      "text" : "é",
      "whiteSpace" : false
    }, {
      "id" : "s0-t7",
      "begin" : 33,
      "end" : 35,
      "text" : "um",
      "whiteSpace" : false
    }, {
      "id" : "s0-t8",
      "begin" : 36,
      "end" : 41,
      "text" : "pouco",
      "whiteSpace" : false
    }, {
      "id" : "s0-t9",
      "begin" : 42,
      "end" : 47,
      "text" : "lenta",
      "whiteSpace" : false
    }, {
      "id" : "s0-t10",
      "begin" : 47,
      "end" : 48,
      "text" : ",",
      "whiteSpace" : false
    }, {
      "id" : "s0-t11",
      "begin" : 49,
      "end" : 51,
      "text" : "no",
      "whiteSpace" : false
    }, {
      "id" : "s0-t12",
      "begin" : 52,
      "end" : 58,
      "text" : "começo",
      "whiteSpace" : false
    }, {
      "id" : "s0-t13",
      "begin" : 59,
      "end" : 62,
      "text" : "até",
      "whiteSpace" : false
    }, {
      "id" : "s0-t14",
      "begin" : 63,
      "end" : 65,
      "text" : "se",
      "whiteSpace" : false
    }, {
      "id" : "s0-t15",
      "begin" : 66,
      "end" : 75,
      "text" : "acostumar",
      "whiteSpace" : false
    }, {
      "id" : "s0-t16",
      "begin" : 76,
      "end" : 79,
      "text" : "com",
      "whiteSpace" : false
    }, {
      "id" : "s0-t17",
      "begin" : 80,
      "end" : 81,
      "text" : "o",
      "whiteSpace" : false
    }, {
      "id" : "s0-t18",
      "begin" : 82,
      "end" : 87,
      "text" : "carro",
      "whiteSpace" : false
    }, {
      "id" : "s0-t19",
      "begin" : 88,
      "end" : 92,
      "text" : "dará",
      "whiteSpace" : false
    }, {
      "id" : "s0-t20",
      "begin" : 93,
      "end" : 99,
      "text" : "alguns",
      "whiteSpace" : false
    }, {
      "id" : "s0-t21",
      "begin" : 100,
      "end" : 107,
      "text" : "trancos",
      "whiteSpace" : false
    }, {
      "id" : "s0-t22",
      "begin" : 108,
      "end" : 110,
      "text" : "em",
      "whiteSpace" : false
    }, {
      "id" : "s0-t23",
      "begin" : 111,
      "end" : 118,
      "text" : "segunda",
      "whiteSpace" : false
    }, {
      "id" : "s0-t24",
      "begin" : 119,
      "end" : 125,
      "text" : "marcha",
      "whiteSpace" : false
    }, {
      "id" : "s0-t25",
      "begin" : 125,
      "end" : 126,
      "text" : ",",
      "whiteSpace" : false
    }, {
      "id" : "s0-t26",
      "begin" : 127,
      "end" : 130,
      "text" : "mas",
      "whiteSpace" : false
    }, {
      "id" : "s0-t27",
      "begin" : 131,
      "end" : 135,
      "text" : "nada",
      "whiteSpace" : false
    }, {
      "id" : "s0-t28",
      "begin" : 136,
      "end" : 139,
      "text" : "que",
      "whiteSpace" : false
    }, {
      "id" : "s0-t29",
      "begin" : 140,
      "end" : 148,
      "text" : "incomode",
      "whiteSpace" : false
    }, {
      "id" : "s0-t30",
      "begin" : 148,
      "end" : 149,
      "text" : ".",
      "whiteSpace" : false
    } ]
  }, {
    "id" : "s1",
    "begin" : 150,
    "end" : 240,
    "text" : "Só não dou 10 para o porta malas por conta do pescoço de ganso, faltou as pantográficas!!!",
    "tokens" : [ {
      "id" : "s1-t0",
      "begin" : 150,
      "end" : 152,
      "text" : "Só",
      "whiteSpace" : false
    }, {
      "id" : "s1-t1",
      "begin" : 153,
      "end" : 156,
      "text" : "não",
      "whiteSpace" : false
    }, {
      "id" : "s1-t2",
      "begin" : 157,
      "end" : 160,
      "text" : "dou",
      "whiteSpace" : false
    }, {
      "id" : "s1-t3",
      "begin" : 161,
      "end" : 163,
      "text" : "10",
      "whiteSpace" : false
    }, {
      "id" : "s1-t4",
      "begin" : 164,
      "end" : 168,
      "text" : "para",
      "whiteSpace" : false
    }, {
      "id" : "s1-t5",
      "begin" : 169,
      "end" : 170,
      "text" : "o",
      "whiteSpace" : false
    }, {
      "id" : "s1-t6",
      "begin" : 171,
      "end" : 176,
      "text" : "porta",
      "whiteSpace" : false
    }, {
      "id" : "s1-t7",
      "begin" : 177,
      "end" : 182,
      "text" : "malas",
      "whiteSpace" : false
    }, {
      "id" : "s1-t8",
      "begin" : 183,
      "end" : 186,
      "text" : "por",
      "whiteSpace" : false
    }, {
      "id" : "s1-t9",
      "begin" : 187,
      "end" : 192,
      "text" : "conta",
      "whiteSpace" : false
    }, {
      "id" : "s1-t10",
      "begin" : 193,
      "end" : 195,
      "text" : "do",
      "whiteSpace" : false
    }, {
      "id" : "s1-t11",
      "begin" : 196,
      "end" : 203,
      "text" : "pescoço",
      "whiteSpace" : false
    }, {
      "id" : "s1-t12",
      "begin" : 204,
      "end" : 206,
      "text" : "de",
      "whiteSpace" : false
    }, {
      "id" : "s1-t13",
      "begin" : 207,
      "end" : 212,
      "text" : "ganso",
      "whiteSpace" : false
    }, {
      "id" : "s1-t14",
      "begin" : 212,
      "end" : 213,
      "text" : ",",
      "whiteSpace" : false
    }, {
      "id" : "s1-t15",
      "begin" : 214,
      "end" : 220,
      "text" : "faltou",
      "whiteSpace" : false
    }, {
      "id" : "s1-t16",
      "begin" : 221,
      "end" : 223,
      "text" : "as",
      "whiteSpace" : false
    }, {
      "id" : "s1-t17",
      "begin" : 224,
      "end" : 237,
      "text" : "pantográficas",
      "whiteSpace" : false
    }, {
      "id" : "s1-t18",
      "begin" : 237,
      "end" : 240,
      "text" : "!!!",
      "whiteSpace" : false
    } ]
  } ],
  "mentions" : [ {
    "id" : "s0-m2",
    "properties" : {
      "SIRE_MENTION_ROLE" : "ACESSORIOS",
      "SIRE_ENTITY_SUBTYPE" : "NONE",
      "SIRE_MENTION_TYPE" : "NONE",
      "SIRE_MENTION_CLASS" : "SPC"
    },
    "type" : "ACESSORIOS",
    "begin" : 14,
    "end" : 20,
    "inCoref" : false
  }, {
    "id" : "s0-m1",
    "properties" : {
      "SIRE_MENTION_ROLE" : "MODELO",
      "SIRE_ENTITY_SUBTYPE" : "NONE",
      "SIRE_MENTION_TYPE" : "NONE",
      "SIRE_MENTION_CLASS" : "SPC"
    },
    "type" : "MODELO",
    "begin" : 24,
    "end" : 30,
    "inCoref" : false
  }, {
    "id" : "s1-m1",
    "properties" : {
      "SIRE_MENTION_ROLE" : "ACESSORIOS",
      "SIRE_ENTITY_SUBTYPE" : "NONE",
      "SIRE_MENTION_TYPE" : "NONE",
      "SIRE_MENTION_CLASS" : "SPC"
    },
    "type" : "ACESSORIOS",
    "begin" : 171,
    "end" : 182,
    "inCoref" : false
  }, {
    "id" : "s1-m2",
    "properties" : {
      "SIRE_MENTION_ROLE" : "ACESSORIOS",
      "SIRE_ENTITY_SUBTYPE" : "NONE",
      "SIRE_MENTION_TYPE" : "NONE",
      "SIRE_MENTION_CLASS" : "SPC"
    },
    "type" : "ACESSORIOS",
    "begin" : 196,
    "end" : 212,
    "inCoref" : false
  }, {
    "id" : "s1-m3",
    "properties" : {
      "SIRE_MENTION_ROLE" : "ACESSORIOS",
      "SIRE_ENTITY_SUBTYPE" : "NONE",
      "SIRE_MENTION_TYPE" : "NONE",
      "SIRE_MENTION_CLASS" : "SPC"
    },
    "type" : "ACESSORIOS",
    "begin" : 224,
    "end" : 237,
    "inCoref" : false
  } ],
  "relations" : [ {
    "id" : "s0-r1",
    "properties" : { },
    "type" : "de",
    "args" : [ "s0-m2", "s0-m1" ]
  } ],
  "corefs" : [ ],
  "typeResolved" : true,
  "userResolved" : false
}