{
  "id" : "d14dfaa0-f5d1-11ea-946d-e76b3fc26918-9",
  "name" : "train_10_1.txt",
  "createdDate" : 0,
  "version" : 3,
  "text" : "Se o combustível for gasolina do Fiat Argo, os números são de 11,8 segundos e 180 km/h, respectivamente. De acordo com a montadora, o carro Argo faz 9,2 km/l na cidade e 10,2 km/l na estrada se abastecido com etanol e 12,9 km/l e 14,3 km/l com gasolina, o que é econômico para a categoria.\r\n",
  "docLength" : 0,
  "language" : "PT",
  "status" : "SUBMITTED",
  "modifiedDate" : 1600009968904,
  "documentSet" : [ ],
  "preannotation" : [ ],
  "sentences" : [ {
    "id" : "s0",
    "begin" : 0,
    "end" : 104,
    "text" : "Se o combustível for gasolina do Fiat Argo, os números são de 11,8 segundos e 180 km/h, respectivamente.",
    "tokens" : [ {
      "id" : "s0-t0",
      "begin" : 0,
      "end" : 2,
      "text" : "Se",
      "whiteSpace" : false
    }, {
      "id" : "s0-t1",
      "begin" : 3,
      "end" : 4,
      "text" : "o",
      "whiteSpace" : false
    }, {
      "id" : "s0-t2",
      "begin" : 5,
      "end" : 16,
      "text" : "combustível",
      "whiteSpace" : false
    }, {
      "id" : "s0-t3",
      "begin" : 17,
      "end" : 20,
      "text" : "for",
      "whiteSpace" : false
    }, {
      "id" : "s0-t4",
      "begin" : 21,
      "end" : 29,
      "text" : "gasolina",
      "whiteSpace" : false
    }, {
      "id" : "s0-t5",
      "begin" : 30,
      "end" : 32,
      "text" : "do",
      "whiteSpace" : false
    }, {
      "id" : "s0-t6",
      "begin" : 33,
      "end" : 37,
      "text" : "Fiat",
      "whiteSpace" : false
    }, {
      "id" : "s0-t7",
      "begin" : 38,
      "end" : 42,
      "text" : "Argo",
      "whiteSpace" : false
    }, {
      "id" : "s0-t8",
      "begin" : 42,
      "end" : 43,
      "text" : ",",
      "whiteSpace" : false
    }, {
      "id" : "s0-t9",
      "begin" : 44,
      "end" : 46,
      "text" : "os",
      "whiteSpace" : false
    }, {
      "id" : "s0-t10",
      "begin" : 47,
      "end" : 54,
      "text" : "números",
      "whiteSpace" : false
    }, {
      "id" : "s0-t11",
      "begin" : 55,
      "end" : 58,
      "text" : "são",
      "whiteSpace" : false
    }, {
      "id" : "s0-t12",
      "begin" : 59,
      "end" : 61,
      "text" : "de",
      "whiteSpace" : false
    }, {
      "id" : "s0-t13",
      "begin" : 62,
      "end" : 66,
      "text" : "11,8",
      "whiteSpace" : false
    }, {
      "id" : "s0-t14",
      "begin" : 67,
      "end" : 75,
      "text" : "segundos",
      "whiteSpace" : false
    }, {
      "id" : "s0-t15",
      "begin" : 76,
      "end" : 77,
      "text" : "e",
      "whiteSpace" : false
    }, {
      "id" : "s0-t16",
      "begin" : 78,
      "end" : 81,
      "text" : "180",
      "whiteSpace" : false
    }, {
      "id" : "s0-t17",
      "begin" : 82,
      "end" : 86,
      "text" : "km/h",
      "whiteSpace" : false
    }, {
      "id" : "s0-t18",
      "begin" : 86,
      "end" : 87,
      "text" : ",",
      "whiteSpace" : false
    }, {
      "id" : "s0-t19",
      "begin" : 88,
      "end" : 103,
      "text" : "respectivamente",
      "whiteSpace" : false
    }, {
      "id" : "s0-t20",
      "begin" : 103,
      "end" : 104,
      "text" : ".",
      "whiteSpace" : false
    } ]
  }, {
    "id" : "s1",
    "begin" : 105,
    "end" : 289,
    "text" : "De acordo com a montadora, o carro Argo faz 9,2 km/l na cidade e 10,2 km/l na estrada se abastecido com etanol e 12,9 km/l e 14,3 km/l com gasolina, o que é econômico para a categoria.",
    "tokens" : [ {
      "id" : "s1-t0",
      "begin" : 105,
      "end" : 107,
      "text" : "De",
      "whiteSpace" : false
    }, {
      "id" : "s1-t1",
      "begin" : 108,
      "end" : 114,
      "text" : "acordo",
      "whiteSpace" : false
    }, {
      "id" : "s1-t2",
      "begin" : 115,
      "end" : 118,
      "text" : "com",
      "whiteSpace" : false
    }, {
      "id" : "s1-t3",
      "begin" : 119,
      "end" : 120,
      "text" : "a",
      "whiteSpace" : false
    }, {
      "id" : "s1-t4",
      "begin" : 121,
      "end" : 130,
      "text" : "montadora",
      "whiteSpace" : false
    }, {
      "id" : "s1-t5",
      "begin" : 130,
      "end" : 131,
      "text" : ",",
      "whiteSpace" : false
    }, {
      "id" : "s1-t6",
      "begin" : 132,
      "end" : 133,
      "text" : "o",
      "whiteSpace" : false
    }, {
      "id" : "s1-t7",
      "begin" : 134,
      "end" : 139,
      "text" : "carro",
      "whiteSpace" : false
    }, {
      "id" : "s1-t8",
      "begin" : 140,
      "end" : 144,
      "text" : "Argo",
      "whiteSpace" : false
    }, {
      "id" : "s1-t9",
      "begin" : 145,
      "end" : 148,
      "text" : "faz",
      "whiteSpace" : false
    }, {
      "id" : "s1-t10",
      "begin" : 149,
      "end" : 152,
      "text" : "9,2",
      "whiteSpace" : false
    }, {
      "id" : "s1-t11",
      "begin" : 153,
      "end" : 157,
      "text" : "km/l",
      "whiteSpace" : false
    }, {
      "id" : "s1-t12",
      "begin" : 158,
      "end" : 160,
      "text" : "na",
      "whiteSpace" : false
    }, {
      "id" : "s1-t13",
      "begin" : 161,
      "end" : 167,
      "text" : "cidade",
      "whiteSpace" : false
    }, {
      "id" : "s1-t14",
      "begin" : 168,
      "end" : 169,
      "text" : "e",
      "whiteSpace" : false
    }, {
      "id" : "s1-t15",
      "begin" : 170,
      "end" : 174,
      "text" : "10,2",
      "whiteSpace" : false
    }, {
      "id" : "s1-t16",
      "begin" : 175,
      "end" : 179,
      "text" : "km/l",
      "whiteSpace" : false
    }, {
      "id" : "s1-t17",
      "begin" : 180,
      "end" : 182,
      "text" : "na",
      "whiteSpace" : false
    }, {
      "id" : "s1-t18",
      "begin" : 183,
      "end" : 190,
      "text" : "estrada",
      "whiteSpace" : false
    }, {
      "id" : "s1-t19",
      "begin" : 191,
      "end" : 193,
      "text" : "se",
      "whiteSpace" : false
    }, {
      "id" : "s1-t20",
      "begin" : 194,
      "end" : 204,
      "text" : "abastecido",
      "whiteSpace" : false
    }, {
      "id" : "s1-t21",
      "begin" : 205,
      "end" : 208,
      "text" : "com",
      "whiteSpace" : false
    }, {
      "id" : "s1-t22",
      "begin" : 209,
      "end" : 215,
      "text" : "etanol",
      "whiteSpace" : false
    }, {
      "id" : "s1-t23",
      "begin" : 216,
      "end" : 217,
      "text" : "e",
      "whiteSpace" : false
    }, {
      "id" : "s1-t24",
      "begin" : 218,
      "end" : 222,
      "text" : "12,9",
      "whiteSpace" : false
    }, {
      "id" : "s1-t25",
      "begin" : 223,
      "end" : 227,
      "text" : "km/l",
      "whiteSpace" : false
    }, {
      "id" : "s1-t26",
      "begin" : 228,
      "end" : 229,
      "text" : "e",
      "whiteSpace" : false
    }, {
      "id" : "s1-t27",
      "begin" : 230,
      "end" : 234,
      "text" : "14,3",
      "whiteSpace" : false
    }, {
      "id" : "s1-t28",
      "begin" : 235,
      "end" : 239,
      "text" : "km/l",
      "whiteSpace" : false
    }, {
      "id" : "s1-t29",
      "begin" : 240,
      "end" : 243,
      "text" : "com",
      "whiteSpace" : false
    }, {
      "id" : "s1-t30",
      "begin" : 244,
      "end" : 252,
      "text" : "gasolina",
      "whiteSpace" : false
    }, {
      "id" : "s1-t31",
      "begin" : 252,
      "end" : 253,
      "text" : ",",
      "whiteSpace" : false
    }, {
      "id" : "s1-t32",
      "begin" : 254,
      "end" : 255,
      "text" : "o",
      "whiteSpace" : false
    }, {
      "id" : "s1-t33",
      "begin" : 256,
      "end" : 259,
      "text" : "que",
      "whiteSpace" : false
    }, {
      "id" : "s1-t34",
      "begin" : 260,
      "end" : 261,
      "text" : "é",
      "whiteSpace" : false
    }, {
      "id" : "s1-t35",
      "begin" : 262,
      "end" : 271,
      "text" : "econômico",
      "whiteSpace" : false
    }, {
      "id" : "s1-t36",
      "begin" : 272,
      "end" : 276,
      "text" : "para",
      "whiteSpace" : false
    }, {
      "id" : "s1-t37",
      "begin" : 277,
      "end" : 278,
      "text" : "a",
      "whiteSpace" : false
    }, {
      "id" : "s1-t38",
      "begin" : 279,
      "end" : 288,
      "text" : "categoria",
      "whiteSpace" : false
    }, {
      "id" : "s1-t39",
      "begin" : 288,
      "end" : 289,
      "text" : ".",
      "whiteSpace" : false
    } ]
  } ],
  "mentions" : [ {
    "id" : "s0-m1",
    "properties" : {
      "SIRE_MENTION_ROLE" : "MODELO",
      "SIRE_ENTITY_SUBTYPE" : "NONE",
      "SIRE_MENTION_TYPE" : "NONE",
      "SIRE_MENTION_CLASS" : "SPC"
    },
    "type" : "MODELO",
    "begin" : 38,
    "end" : 42,
    "inCoref" : false
  }, {
    "id" : "s1-m1",
    "properties" : {
      "SIRE_MENTION_ROLE" : "MODELO",
      "SIRE_ENTITY_SUBTYPE" : "NONE",
      "SIRE_MENTION_TYPE" : "NONE",
      "SIRE_MENTION_CLASS" : "SPC"
    },
    "type" : "MODELO",
    "begin" : 140,
    "end" : 144,
    "inCoref" : false
  }, {
    "id" : "s1-m2",
    "properties" : {
      "SIRE_MENTION_ROLE" : "CONSUMO",
      "SIRE_ENTITY_SUBTYPE" : "NONE",
      "SIRE_MENTION_TYPE" : "NONE",
      "SIRE_MENTION_CLASS" : "SPC"
    },
    "type" : "CONSUMO",
    "begin" : 149,
    "end" : 157,
    "inCoref" : false
  }, {
    "id" : "s1-m3",
    "properties" : {
      "SIRE_MENTION_ROLE" : "CONSUMO",
      "SIRE_ENTITY_SUBTYPE" : "NONE",
      "SIRE_MENTION_TYPE" : "NONE",
      "SIRE_MENTION_CLASS" : "SPC"
    },
    "type" : "CONSUMO",
    "begin" : 170,
    "end" : 179,
    "inCoref" : false
  }, {
    "id" : "s1-m4",
    "properties" : {
      "SIRE_MENTION_ROLE" : "CONSUMO",
      "SIRE_ENTITY_SUBTYPE" : "NONE",
      "SIRE_MENTION_TYPE" : "NONE",
      "SIRE_MENTION_CLASS" : "SPC"
    },
    "type" : "CONSUMO",
    "begin" : 218,
    "end" : 227,
    "inCoref" : false
  }, {
    "id" : "s1-m5",
    "properties" : {
      "SIRE_MENTION_ROLE" : "CONSUMO",
      "SIRE_ENTITY_SUBTYPE" : "NONE",
      "SIRE_MENTION_TYPE" : "NONE",
      "SIRE_MENTION_CLASS" : "SPC"
    },
    "type" : "CONSUMO",
    "begin" : 230,
    "end" : 239,
    "inCoref" : false
  } ],
  "relations" : [ {
    "id" : "s1-r1",
    "properties" : { },
    "type" : "de",
    "args" : [ "s1-m2", "s1-m1" ]
  }, {
    "id" : "s1-r2",
    "properties" : { },
    "type" : "de",
    "args" : [ "s1-m3", "s1-m1" ]
  }, {
    "id" : "s1-r3",
    "properties" : { },
    "type" : "de",
    "args" : [ "s1-m4", "s1-m1" ]
  }, {
    "id" : "s1-r4",
    "properties" : { },
    "type" : "de",
    "args" : [ "s1-m5", "s1-m1" ]
  } ],
  "corefs" : [ ],
  "typeResolved" : true,
  "userResolved" : false
}