{
  "id" : "d14dfaa0-f5d1-11ea-946d-e76b3fc26918-89",
  "name" : "train_90.txt",
  "createdDate" : 0,
  "version" : 3,
  "text" : "A Ducato é boa, com excepcional desempenho na estrada e economia de combustível. A cabine é simples mas confortável, com visibilidade ótima. Lamentavelmente, a manutenção é difícil e caríssima devido a dificuldade em encontrar peças de reposição.\r\n",
  "docLength" : 0,
  "language" : "PT",
  "status" : "SUBMITTED",
  "modifiedDate" : 1600013867640,
  "documentSet" : [ ],
  "preannotation" : [ ],
  "sentences" : [ {
    "id" : "s0",
    "begin" : 0,
    "end" : 80,
    "text" : "A Ducato é boa, com excepcional desempenho na estrada e economia de combustível.",
    "tokens" : [ {
      "id" : "s0-t0",
      "begin" : 0,
      "end" : 1,
      "text" : "A",
      "whiteSpace" : false
    }, {
      "id" : "s0-t1",
      "begin" : 2,
      "end" : 8,
      "text" : "Ducato",
      "whiteSpace" : false
    }, {
      "id" : "s0-t2",
      "begin" : 9,
      "end" : 10,
      "text" : "é",
      "whiteSpace" : false
    }, {
      "id" : "s0-t3",
      "begin" : 11,
      "end" : 14,
      "text" : "boa",
      "whiteSpace" : false
    }, {
      "id" : "s0-t4",
      "begin" : 14,
      "end" : 15,
      "text" : ",",
      "whiteSpace" : false
    }, {
      "id" : "s0-t5",
      "begin" : 16,
      "end" : 19,
      "text" : "com",
      "whiteSpace" : false
    }, {
      "id" : "s0-t6",
      "begin" : 20,
      "end" : 31,
      "text" : "excepcional",
      "whiteSpace" : false
    }, {
      "id" : "s0-t7",
      "begin" : 32,
      "end" : 42,
      "text" : "desempenho",
      "whiteSpace" : false
    }, {
      "id" : "s0-t8",
      "begin" : 43,
      "end" : 45,
      "text" : "na",
      "whiteSpace" : false
    }, {
      "id" : "s0-t9",
      "begin" : 46,
      "end" : 53,
      "text" : "estrada",
      "whiteSpace" : false
    }, {
      "id" : "s0-t10",
      "begin" : 54,
      "end" : 55,
      "text" : "e",
      "whiteSpace" : false
    }, {
      "id" : "s0-t11",
      "begin" : 56,
      "end" : 64,
      "text" : "economia",
      "whiteSpace" : false
    }, {
      "id" : "s0-t12",
      "begin" : 65,
      "end" : 67,
      "text" : "de",
      "whiteSpace" : false
    }, {
      "id" : "s0-t13",
      "begin" : 68,
      "end" : 79,
      "text" : "combustível",
      "whiteSpace" : false
    }, {
      "id" : "s0-t14",
      "begin" : 79,
      "end" : 80,
      "text" : ".",
      "whiteSpace" : false
    } ]
  }, {
    "id" : "s1",
    "begin" : 81,
    "end" : 140,
    "text" : "A cabine é simples mas confortável, com visibilidade ótima.",
    "tokens" : [ {
      "id" : "s1-t0",
      "begin" : 81,
      "end" : 82,
      "text" : "A",
      "whiteSpace" : false
    }, {
      "id" : "s1-t1",
      "begin" : 83,
      "end" : 89,
      "text" : "cabine",
      "whiteSpace" : false
    }, {
      "id" : "s1-t2",
      "begin" : 90,
      "end" : 91,
      "text" : "é",
      "whiteSpace" : false
    }, {
      "id" : "s1-t3",
      "begin" : 92,
      "end" : 99,
      "text" : "simples",
      "whiteSpace" : false
    }, {
      "id" : "s1-t4",
      "begin" : 100,
      "end" : 103,
      "text" : "mas",
      "whiteSpace" : false
    }, {
      "id" : "s1-t5",
      "begin" : 104,
      "end" : 115,
      "text" : "confortável",
      "whiteSpace" : false
    }, {
      "id" : "s1-t6",
      "begin" : 115,
      "end" : 116,
      "text" : ",",
      "whiteSpace" : false
    }, {
      "id" : "s1-t7",
      "begin" : 117,
      "end" : 120,
      "text" : "com",
      "whiteSpace" : false
    }, {
      "id" : "s1-t8",
      "begin" : 121,
      "end" : 133,
      "text" : "visibilidade",
      "whiteSpace" : false
    }, {
      "id" : "s1-t9",
      "begin" : 134,
      "end" : 139,
      "text" : "ótima",
      "whiteSpace" : false
    }, {
      "id" : "s1-t10",
      "begin" : 139,
      "end" : 140,
      "text" : ".",
      "whiteSpace" : false
    } ]
  }, {
    "id" : "s2",
    "begin" : 141,
    "end" : 246,
    "text" : "Lamentavelmente, a manutenção é difícil e caríssima devido a dificuldade em encontrar peças de reposição.",
    "tokens" : [ {
      "id" : "s2-t0",
      "begin" : 141,
      "end" : 156,
      "text" : "Lamentavelmente",
      "whiteSpace" : false
    }, {
      "id" : "s2-t1",
      "begin" : 156,
      "end" : 157,
      "text" : ",",
      "whiteSpace" : false
    }, {
      "id" : "s2-t2",
      "begin" : 158,
      "end" : 159,
      "text" : "a",
      "whiteSpace" : false
    }, {
      "id" : "s2-t3",
      "begin" : 160,
      "end" : 170,
      "text" : "manutenção",
      "whiteSpace" : false
    }, {
      "id" : "s2-t4",
      "begin" : 171,
      "end" : 172,
      "text" : "é",
      "whiteSpace" : false
    }, {
      "id" : "s2-t5",
      "begin" : 173,
      "end" : 180,
      "text" : "difícil",
      "whiteSpace" : false
    }, {
      "id" : "s2-t6",
      "begin" : 181,
      "end" : 182,
      "text" : "e",
      "whiteSpace" : false
    }, {
      "id" : "s2-t7",
      "begin" : 183,
      "end" : 192,
      "text" : "caríssima",
      "whiteSpace" : false
    }, {
      "id" : "s2-t8",
      "begin" : 193,
      "end" : 199,
      "text" : "devido",
      "whiteSpace" : false
    }, {
      "id" : "s2-t9",
      "begin" : 200,
      "end" : 201,
      "text" : "a",
      "whiteSpace" : false
    }, {
      "id" : "s2-t10",
      "begin" : 202,
      "end" : 213,
      "text" : "dificuldade",
      "whiteSpace" : false
    }, {
      "id" : "s2-t11",
      "begin" : 214,
      "end" : 216,
      "text" : "em",
      "whiteSpace" : false
    }, {
      "id" : "s2-t12",
      "begin" : 217,
      "end" : 226,
      "text" : "encontrar",
      "whiteSpace" : false
    }, {
      "id" : "s2-t13",
      "begin" : 227,
      "end" : 232,
      "text" : "peças",
      "whiteSpace" : false
    }, {
      "id" : "s2-t14",
      "begin" : 233,
      "end" : 235,
      "text" : "de",
      "whiteSpace" : false
    }, {
      "id" : "s2-t15",
      "begin" : 236,
      "end" : 245,
      "text" : "reposição",
      "whiteSpace" : false
    }, {
      "id" : "s2-t16",
      "begin" : 245,
      "end" : 246,
      "text" : ".",
      "whiteSpace" : false
    } ]
  } ],
  "mentions" : [ {
    "id" : "s0-m1",
    "properties" : {
      "SIRE_MENTION_ROLE" : "MODELO",
      "SIRE_ENTITY_SUBTYPE" : "NONE",
      "SIRE_MENTION_TYPE" : "NONE",
      "SIRE_MENTION_CLASS" : "SPC"
    },
    "type" : "MODELO",
    "begin" : 2,
    "end" : 8,
    "inCoref" : false
  }, {
    "id" : "s0-m2",
    "properties" : {
      "SIRE_MENTION_ROLE" : "DESEMPENHO",
      "SIRE_ENTITY_SUBTYPE" : "NONE",
      "SIRE_MENTION_TYPE" : "NONE",
      "SIRE_MENTION_CLASS" : "SPC"
    },
    "type" : "DESEMPENHO",
    "begin" : 32,
    "end" : 42,
    "inCoref" : false
  }, {
    "id" : "s0-m3",
    "properties" : {
      "SIRE_MENTION_ROLE" : "CONSUMO",
      "SIRE_ENTITY_SUBTYPE" : "NONE",
      "SIRE_MENTION_TYPE" : "NONE",
      "SIRE_MENTION_CLASS" : "SPC"
    },
    "type" : "CONSUMO",
    "begin" : 56,
    "end" : 64,
    "inCoref" : false
  }, {
    "id" : "s1-m1",
    "properties" : {
      "SIRE_MENTION_ROLE" : "CONFORTO",
      "SIRE_ENTITY_SUBTYPE" : "NONE",
      "SIRE_MENTION_TYPE" : "NONE",
      "SIRE_MENTION_CLASS" : "SPC"
    },
    "type" : "CONFORTO",
    "begin" : 104,
    "end" : 115,
    "inCoref" : false
  }, {
    "id" : "s2-m1",
    "properties" : {
      "SIRE_MENTION_ROLE" : "MANUTENCAO",
      "SIRE_ENTITY_SUBTYPE" : "NONE",
      "SIRE_MENTION_TYPE" : "NONE",
      "SIRE_MENTION_CLASS" : "SPC"
    },
    "type" : "MANUTENCAO",
    "begin" : 160,
    "end" : 170,
    "inCoref" : false
  }, {
    "id" : "s2-m2",
    "properties" : {
      "SIRE_MENTION_ROLE" : "MANUTENCAO",
      "SIRE_ENTITY_SUBTYPE" : "NONE",
      "SIRE_MENTION_TYPE" : "NONE",
      "SIRE_MENTION_CLASS" : "SPC"
    },
    "type" : "MANUTENCAO",
    "begin" : 227,
    "end" : 232,
    "inCoref" : false
  } ],
  "relations" : [ {
    "id" : "s0-r1",
    "properties" : { },
    "type" : "de",
    "args" : [ "s0-m2", "s0-m1" ]
  }, {
    "id" : "s0-r2",
    "properties" : { },
    "type" : "de",
    "args" : [ "s0-m3", "s0-m1" ]
  } ],
  "corefs" : [ ],
  "typeResolved" : true,
  "userResolved" : false
}