{
  "id" : "d14dfaa0-f5d1-11ea-946d-e76b3fc26918-65",
  "name" : "train_66.txt",
  "createdDate" : 0,
  "version" : 3,
  "text" : "O Cronos tem um motor relativamente fraco comparada à sua eficiência no uso de combustível. Quanto aos acessórios, falta porta-trecos. Muitos reclamam do barulho, principalmente do câmbio e rangidos de plástico.\r\n",
  "docLength" : 0,
  "language" : "PT",
  "status" : "SUBMITTED",
  "modifiedDate" : 1600012749886,
  "documentSet" : [ ],
  "preannotation" : [ ],
  "sentences" : [ {
    "id" : "s0",
    "begin" : 0,
    "end" : 91,
    "text" : "O Cronos tem um motor relativamente fraco comparada à sua eficiência no uso de combustível.",
    "tokens" : [ {
      "id" : "s0-t0",
      "begin" : 0,
      "end" : 1,
      "text" : "O",
      "whiteSpace" : false
    }, {
      "id" : "s0-t1",
      "begin" : 2,
      "end" : 8,
      "text" : "Cronos",
      "whiteSpace" : false
    }, {
      "id" : "s0-t2",
      "begin" : 9,
      "end" : 12,
      "text" : "tem",
      "whiteSpace" : false
    }, {
      "id" : "s0-t3",
      "begin" : 13,
      "end" : 15,
      "text" : "um",
      "whiteSpace" : false
    }, {
      "id" : "s0-t4",
      "begin" : 16,
      "end" : 21,
      "text" : "motor",
      "whiteSpace" : false
    }, {
      "id" : "s0-t5",
      "begin" : 22,
      "end" : 35,
      "text" : "relativamente",
      "whiteSpace" : false
    }, {
      "id" : "s0-t6",
      "begin" : 36,
      "end" : 41,
      "text" : "fraco",
      "whiteSpace" : false
    }, {
      "id" : "s0-t7",
      "begin" : 42,
      "end" : 51,
      "text" : "comparada",
      "whiteSpace" : false
    }, {
      "id" : "s0-t8",
      "begin" : 52,
      "end" : 53,
      "text" : "à",
      "whiteSpace" : false
    }, {
      "id" : "s0-t9",
      "begin" : 54,
      "end" : 57,
      "text" : "sua",
      "whiteSpace" : false
    }, {
      "id" : "s0-t10",
      "begin" : 58,
      "end" : 68,
      "text" : "eficiência",
      "whiteSpace" : false
    }, {
      "id" : "s0-t11",
      "begin" : 69,
      "end" : 71,
      "text" : "no",
      "whiteSpace" : false
    }, {
      "id" : "s0-t12",
      "begin" : 72,
      "end" : 75,
      "text" : "uso",
      "whiteSpace" : false
    }, {
      "id" : "s0-t13",
      "begin" : 76,
      "end" : 78,
      "text" : "de",
      "whiteSpace" : false
    }, {
      "id" : "s0-t14",
      "begin" : 79,
      "end" : 90,
      "text" : "combustível",
      "whiteSpace" : false
    }, {
      "id" : "s0-t15",
      "begin" : 90,
      "end" : 91,
      "text" : ".",
      "whiteSpace" : false
    } ]
  }, {
    "id" : "s1",
    "begin" : 92,
    "end" : 134,
    "text" : "Quanto aos acessórios, falta porta-trecos.",
    "tokens" : [ {
      "id" : "s1-t0",
      "begin" : 92,
      "end" : 98,
      "text" : "Quanto",
      "whiteSpace" : false
    }, {
      "id" : "s1-t1",
      "begin" : 99,
      "end" : 102,
      "text" : "aos",
      "whiteSpace" : false
    }, {
      "id" : "s1-t2",
      "begin" : 103,
      "end" : 113,
      "text" : "acessórios",
      "whiteSpace" : false
    }, {
      "id" : "s1-t3",
      "begin" : 113,
      "end" : 114,
      "text" : ",",
      "whiteSpace" : false
    }, {
      "id" : "s1-t4",
      "begin" : 115,
      "end" : 120,
      "text" : "falta",
      "whiteSpace" : false
    }, {
      "id" : "s1-t5",
      "begin" : 121,
      "end" : 133,
      "text" : "porta-trecos",
      "whiteSpace" : false
    }, {
      "id" : "s1-t6",
      "begin" : 133,
      "end" : 134,
      "text" : ".",
      "whiteSpace" : false
    } ]
  }, {
    "id" : "s2",
    "begin" : 135,
    "end" : 211,
    "text" : "Muitos reclamam do barulho, principalmente do câmbio e rangidos de plástico.",
    "tokens" : [ {
      "id" : "s2-t0",
      "begin" : 135,
      "end" : 141,
      "text" : "Muitos",
      "whiteSpace" : false
    }, {
      "id" : "s2-t1",
      "begin" : 142,
      "end" : 150,
      "text" : "reclamam",
      "whiteSpace" : false
    }, {
      "id" : "s2-t2",
      "begin" : 151,
      "end" : 153,
      "text" : "do",
      "whiteSpace" : false
    }, {
      "id" : "s2-t3",
      "begin" : 154,
      "end" : 161,
      "text" : "barulho",
      "whiteSpace" : false
    }, {
      "id" : "s2-t4",
      "begin" : 161,
      "end" : 162,
      "text" : ",",
      "whiteSpace" : false
    }, {
      "id" : "s2-t5",
      "begin" : 163,
      "end" : 177,
      "text" : "principalmente",
      "whiteSpace" : false
    }, {
      "id" : "s2-t6",
      "begin" : 178,
      "end" : 180,
      "text" : "do",
      "whiteSpace" : false
    }, {
      "id" : "s2-t7",
      "begin" : 181,
      "end" : 187,
      "text" : "câmbio",
      "whiteSpace" : false
    }, {
      "id" : "s2-t8",
      "begin" : 188,
      "end" : 189,
      "text" : "e",
      "whiteSpace" : false
    }, {
      "id" : "s2-t9",
      "begin" : 190,
      "end" : 198,
      "text" : "rangidos",
      "whiteSpace" : false
    }, {
      "id" : "s2-t10",
      "begin" : 199,
      "end" : 201,
      "text" : "de",
      "whiteSpace" : false
    }, {
      "id" : "s2-t11",
      "begin" : 202,
      "end" : 210,
      "text" : "plástico",
      "whiteSpace" : false
    }, {
      "id" : "s2-t12",
      "begin" : 210,
      "end" : 211,
      "text" : ".",
      "whiteSpace" : false
    } ]
  } ],
  "mentions" : [ {
    "id" : "s0-m1",
    "properties" : {
      "SIRE_MENTION_ROLE" : "MODELO",
      "SIRE_ENTITY_SUBTYPE" : "NONE",
      "SIRE_MENTION_TYPE" : "NONE",
      "SIRE_MENTION_CLASS" : "SPC"
    },
    "type" : "MODELO",
    "begin" : 2,
    "end" : 8,
    "inCoref" : false
  }, {
    "id" : "s0-m2",
    "properties" : {
      "SIRE_MENTION_ROLE" : "DESEMPENHO",
      "SIRE_ENTITY_SUBTYPE" : "NONE",
      "SIRE_MENTION_TYPE" : "NONE",
      "SIRE_MENTION_CLASS" : "SPC"
    },
    "type" : "DESEMPENHO",
    "begin" : 16,
    "end" : 21,
    "inCoref" : false
  }, {
    "id" : "s1-m1",
    "properties" : {
      "SIRE_MENTION_ROLE" : "ACESSORIOS",
      "SIRE_ENTITY_SUBTYPE" : "NONE",
      "SIRE_MENTION_TYPE" : "NONE",
      "SIRE_MENTION_CLASS" : "SPC"
    },
    "type" : "ACESSORIOS",
    "begin" : 103,
    "end" : 113,
    "inCoref" : false
  }, {
    "id" : "s1-m2",
    "properties" : {
      "SIRE_MENTION_ROLE" : "ACESSORIOS",
      "SIRE_ENTITY_SUBTYPE" : "NONE",
      "SIRE_MENTION_TYPE" : "NONE",
      "SIRE_MENTION_CLASS" : "SPC"
    },
    "type" : "ACESSORIOS",
    "begin" : 121,
    "end" : 133,
    "inCoref" : false
  }, {
    "id" : "s2-m2",
    "properties" : {
      "SIRE_MENTION_ROLE" : "CONFORTO",
      "SIRE_ENTITY_SUBTYPE" : "NONE",
      "SIRE_MENTION_TYPE" : "NONE",
      "SIRE_MENTION_CLASS" : "SPC"
    },
    "type" : "CONFORTO",
    "begin" : 154,
    "end" : 161,
    "inCoref" : false
  }, {
    "id" : "s2-m1",
    "properties" : {
      "SIRE_MENTION_ROLE" : "ACESSORIOS",
      "SIRE_ENTITY_SUBTYPE" : "NONE",
      "SIRE_MENTION_TYPE" : "NONE",
      "SIRE_MENTION_CLASS" : "SPC"
    },
    "type" : "ACESSORIOS",
    "begin" : 181,
    "end" : 187,
    "inCoref" : false
  } ],
  "relations" : [ {
    "id" : "s0-r1",
    "properties" : { },
    "type" : "de",
    "args" : [ "s0-m2", "s0-m1" ]
  } ],
  "corefs" : [ ],
  "typeResolved" : true,
  "userResolved" : false
}