Tempo,Estacao,LAT,LONG,Original_473,Original_269,Zero,Maca_Verde,Tangerina,Citrus,Acai_Guarana,Pessego
2018-11-30,Moema,-23.5489,-46.6388,22,65,22,14,3,26,43,18
2018-12-01,Moema,-23.5489,-46.6388,11,56,16,14,43,20,37,15
2018-12-02,Moema,-23.5489,-46.6388,86,51,8,11,41,20,35,12
2018-12-03,Moema,-23.5489,-46.6388,76,47,65,11,37,14,32,10
2018-12-04,Moema,-23.5489,-46.6388,68,42,60,6,35,13,26,5
2018-12-05,Moema,-23.5489,-46.6388,57,35,55,43,31,9,22,43
2018-12-06,Moema,-23.5489,-46.6388,45,33,50,39,25,5,16,39
2018-12-07,Moema,-23.5489,-46.6388,34,28,41,39,22,43,13,34
2018-12-08,Moema,-23.5489,-46.6388,22,24,31,35,18,40,8,29
2018-12-09,Moema,-23.5489,-46.6388,9,16,26,33,13,38,4,24
2018-12-10,Moema,-23.5489,-46.6388,86,12,22,29,8,37,43,20
2018-12-11,Moema,-23.5489,-46.6388,75,10,12,25,2,35,39,14
2018-12-12,Moema,-23.5489,-46.6388,67,0,3,21,43,34,33,9
2018-12-13,Moema,-23.5489,-46.6388,59,65,65,20,38,34,27,3
2018-12-14,Moema,-23.5489,-46.6388,50,63,56,18,32,34,25,43
2018-12-15,Moema,-23.5489,-46.6388,39,59,48,12,30,30,20,37
2018-12-16,Moema,-23.5489,-46.6388,26,50,44,7,27,30,14,34
2018-12-17,Moema,-23.5489,-46.6388,15,45,39,3,25,25,8,29
2018-12-18,Moema,-23.5489,-46.6388,7,35,31,43,21,20,2,27
2018-12-19,Moema,-23.5489,-46.6388,86,27,21,39,17,19,43,21
2018-12-20,Moema,-23.5489,-46.6388,78,17,11,35,11,17,38,19
2018-12-21,Moema,-23.5489,-46.6388,65,12,7,34,9,16,32,14
2018-12-22,Moema,-23.5489,-46.6388,57,3,65,28,4,13,30,10
2018-12-23,Moema,-23.5489,-46.6388,47,65,55,24,43,12,25,4
2018-12-24,Moema,-23.5489,-46.6388,37,62,46,21,40,9,21,43
2018-12-25,Moema,-23.5489,-46.6388,28,60,37,15,36,9,16,39
2018-12-26,Moema,-23.5489,-46.6388,16,52,30,10,31,4,12,33
2018-12-27,Moema,-23.5489,-46.6388,8,43,25,10,29,43,9,29
2018-12-28,Moema,-23.5489,-46.6388,86,39,19,4,24,41,3,24
2018-12-29,Moema,-23.5489,-46.6388,78,33,9,43,20,36,43,21
2018-12-30,Moema,-23.5489,-46.6388,67,27,65,43,17,33,37,18
2019-01-01,Moema,-23.5489,-46.6388,57,21,61,43,12,33,31,16
2019-01-02,Moema,-23.5489,-46.6388,45,17,57,38,9,29,27,10
2019-01-03,Moema,-23.5489,-46.6388,34,15,53,32,5,29,21,6
2019-01-04,Moema,-23.5489,-46.6388,23,13,45,31,43,25,15,43
2019-01-05,Moema,-23.5489,-46.6388,10,6,39,26,39,24,13,38
2019-01-06,Moema,-23.5489,-46.6388,86,65,35,25,35,22,7,36
2019-01-07,Moema,-23.5489,-46.6388,74,56,25,25,33,21,3,30
2019-01-08,Moema,-23.5489,-46.6388,63,50,16,24,30,15,43,24
2019-01-09,Moema,-23.5489,-46.6388,54,40,11,20,28,12,40,21
2019-01-10,Moema,-23.5489,-46.6388,47,38,2,20,23,6,36,18
2019-01-11,Moema,-23.5489,-46.6388,35,32,65,18,20,43,34,12
2019-01-12,Moema,-23.5489,-46.6388,28,25,59,18,14,40,28,8
2019-01-13,Moema,-23.5489,-46.6388,21,18,52,14,9,36,24,5
2019-01-14,Moema,-23.5489,-46.6388,8,14,43,9,6,32,21,43
2019-01-15,Moema,-23.5489,-46.6388,86,5,34,5,43,30,18,40
2019-01-16,Moema,-23.5489,-46.6388,79,65,28,43,37,29,12,34
2019-01-17,Moema,-23.5489,-46.6388,70,61,20,38,35,26,10,30
2019-01-18,Moema,-23.5489,-46.6388,62,51,16,36,33,26,6,28
2019-01-19,Moema,-23.5489,-46.6388,49,41,11,34,30,26,43,22
2019-01-20,Moema,-23.5489,-46.6388,37,32,1,33,24,25,38,18
2019-01-21,Moema,-23.5489,-46.6388,29,27,65,32,22,23,34,12
2019-01-22,Moema,-23.5489,-46.6388,22,18,61,27,19,19,29,6
2019-01-23,Moema,-23.5489,-46.6388,11,10,56,25,17,14,25,43
2019-01-24,Moema,-23.5489,-46.6388,86,7,50,19,13,13,22,41
2019-01-25,Moema,-23.5489,-46.6388,78,65,43,13,11,8,20,39
2019-01-26,Moema,-23.5489,-46.6388,71,61,37,12,6,7,15,36
2019-01-27,Moema,-23.5489,-46.6388,58,59,28,10,43,6,12,33
2019-01-28,Moema,-23.5489,-46.6388,48,50,19,7,38,43,10,29
2019-01-29,Moema,-23.5489,-46.6388,40,45,13,3,35,42,7,26
2019-01-30,Moema,-23.5489,-46.6388,27,42,5,43,29,36,3,23
2019-02-01,Moema,-23.5489,-46.6388,16,35,65,42,23,35,43,21
2019-02-02,Moema,-23.5489,-46.6388,8,27,58,37,17,35,40,17
2019-02-03,Moema,-23.5489,-46.6388,86,17,51,35,15,34,38,14
2019-02-04,Moema,-23.5489,-46.6388,75,7,43,30,13,33,35,8
2019-02-05,Moema,-23.5489,-46.6388,68,65,36,26,11,32,32,4
2019-02-06,Moema,-23.5489,-46.6388,55,55,27,25,6,28,29,43
2019-02-07,Moema,-23.5489,-46.6388,48,49,21,23,43,28,23,38
2019-02-08,Moema,-23.5489,-46.6388,37,46,16,21,38,22,21,33
2019-02-09,Moema,-23.5489,-46.6388,25,42,12,19,33,18,15,31
2019-02-10,Moema,-23.5489,-46.6388,13,35,7,13,27,17,9,29
2019-02-11,Moema,-23.5489,-46.6388,6,32,65,12,24,13,4,26
2019-02-12,Moema,-23.5489,-46.6388,86,28,57,12,22,8,43,24
2019-02-13,Moema,-23.5489,-46.6388,76,20,51,9,17,8,41,22
2019-02-14,Moema,-23.5489,-46.6388,65,10,47,7,12,5,37,16
2019-02-15,Moema,-23.5489,-46.6388,55,7,38,6,6,43,35,11
2019-02-16,Moema,-23.5489,-46.6388,42,65,32,43,43,39,30,8
2019-02-17,Moema,-23.5489,-46.6388,33,63,24,41,40,33,24,6
2019-02-18,Moema,-23.5489,-46.6388,21,59,14,41,36,27,21,43
2019-02-19,Moema,-23.5489,-46.6388,14,50,7,40,33,24,17,37
2019-02-20,Moema,-23.5489,-46.6388,4,42,65,34,31,19,14,35
2019-02-21,Moema,-23.5489,-46.6388,86,33,57,32,28,13,8,32
2019-02-22,Moema,-23.5489,-46.6388,74,24,53,26,25,13,5,30
2019-02-23,Moema,-23.5489,-46.6388,63,21,45,23,21,13,43,25
2019-02-24,Moema,-23.5489,-46.6388,55,12,35,20,17,7,37,23
2019-02-25,Moema,-23.5489,-46.6388,45,8,27,16,12,7,33,19
2019-02-26,Moema,-23.5489,-46.6388,35,65,18,16,9,5,31,14
2019-02-27,Moema,-23.5489,-46.6388,24,57,9,14,5,43,26,11
2019-02-28,Moema,-23.5489,-46.6388,14,51,65,12,43,43,20,8
,Moema,-23.5489,-46.6388,4,43,59,6,40,43,15,6
,Moema,-23.5489,-46.6388,86,37,50,43,38,41,12,43
2019-03-01,Moema,-23.5489,-46.6388,74,27,41,42,34,38,7,38
2019-03-02,Moema,-23.5489,-46.6388,61,22,32,42,32,32,1,34
2019-03-03,Moema,-23.5489,-46.6388,52,19,27,39,29,31,43,31
2019-03-04,Moema,-23.5489,-46.6388,41,10,20,35,26,31,39,28
2019-03-05,Moema,-23.5489,-46.6388,31,8,10,32,23,30,34,23
2019-03-06,Moema,-23.5489,-46.6388,19,65,2,30,17,30,29,19
2019-03-07,Moema,-23.5489,-46.6388,12,63,65,29,14,27,27,15
2019-03-08,Moema,-23.5489,-46.6388,86,55,60,23,8,27,22,10
2019-03-09,Moema,-23.5489,-46.6388,79,53,52,17,5,22,20,6
2019-03-10,Moema,-23.5489,-46.6388,72,49,48,13,43,21,16,43
2019-03-11,Moema,-23.5489,-46.6388,64,46,39,7,37,16,12,38
2019-03-12,Moema,-23.5489,-46.6388,52,44,34,6,34,11,6,33
2019-03-13,Moema,-23.5489,-46.6388,44,37,30,43,30,5,43,28
2019-03-14,Moema,-23.5489,-46.6388,35,27,22,39,28,43,41,26
2019-03-15,Moema,-23.5489,-46.6388,28,24,15,35,22,40,38,24
2019-03-16,Moema,-23.5489,-46.6388,15,20,9,29,18,40,32,20
2019-03-17,Moema,-23.5489,-46.6388,7,13,65,29,13,37,30,16
2019-03-18,Moema,-23.5489,-46.6388,86,10,60,26,9,34,27,11
2019-03-19,Moema,-23.5489,-46.6388,77,7,50,26,5,31,24,8
2019-03-20,Moema,-23.5489,-46.6388,65,65,40,25,43,30,18,6
2019-03-21,Moema,-23.5489,-46.6388,54,62,30,20,37,25,16,43
2019-03-22,Moema,-23.5489,-46.6388,44,58,22,14,34,23,10,37
2019-03-23,Moema,-23.5489,-46.6388,33,56,18,10,32,18,8,32
2019-03-24,Moema,-23.5489,-46.6388,25,47,12,5,29,18,3,29
2019-03-25,Moema,-23.5489,-46.6388,14,43,4,43,23,12,43,23
2019-03-26,Moema,-23.5489,-46.6388,3,41,65,39,19,12,40,17
2019-03-27,Moema,-23.5489,-46.6388,86,39,56,37,16,9,36,15
2019-03-28,Moema,-23.5489,-46.6388,78,31,47,32,11,9,34,12
2019-03-29,Moema,-23.5489,-46.6388,68,24,40,32,6,8,28,9
2019-03-30,Moema,-23.5489,-46.6388,60,20,33,32,43,7,26,3
2019-04-01,Moema,-23.5489,-46.6388,47,18,23,31,41,3,22,43
2019-04-02,Moema,-23.5489,-46.6388,40,8,14,30,37,43,17,38
2019-04-03,Moema,-23.5489,-46.6388,31,65,10,29,33,39,11,33
2019-04-04,Moema,-23.5489,-46.6388,22,55,1,27,31,37,5,31
2019-04-05,Moema,-23.5489,-46.6388,15,49,65,25,26,32,43,28
2019-04-06,Moema,-23.5489,-46.6388,4,39,58,23,20,27,40,22
2019-04-07,Moema,-23.5489,-46.6388,86,36,50,22,16,26,37,20
2019-04-08,Moema,-23.5489,-46.6388,74,32,45,17,13,24,34,15
2019-04-09,Moema,-23.5489,-46.6388,63,30,40,15,9,24,32,10
2019-04-10,Moema,-23.5489,-46.6388,56,21,35,10,4,23,30,5
2019-04-11,Moema,-23.5489,-46.6388,45,15,25,10,43,23,24,43
2019-04-12,Moema,-23.5489,-46.6388,38,10,18,7,41,23,21,37
2019-04-13,Moema,-23.5489,-46.6388,29,6,10,2,37,23,19,32
2019-04-14,Moema,-23.5489,-46.6388,22,65,0,43,31,20,14,29
2019-04-15,Moema,-23.5489,-46.6388,12,55,65,41,25,16,12,27
2019-04-16,Moema,-23.5489,-46.6388,86,49,59,35,21,11,7,23
2019-04-17,Moema,-23.5489,-46.6388,78,41,50,35,15,7,5,20
2019-04-18,Moema,-23.5489,-46.6388,70,32,43,33,12,6,43,14
2019-04-19,Moema,-23.5489,-46.6388,57,29,35,28,8,43,40,10
2019-04-20,Moema,-23.5489,-46.6388,45,19,31,24,2,40,37,8
2019-04-21,Moema,-23.5489,-46.6388,34,17,25,18,43,38,35,4
2019-04-22,Moema,-23.5489,-46.6388,27,14,18,12,39,36,31,43
2019-04-23,Moema,-23.5489,-46.6388,18,4,9,10,33,31,27,37
2019-04-24,Moema,-23.5489,-46.6388,6,65,65,6,28,31,21,32
2019-04-25,Moema,-23.5489,-46.6388,86,62,61,43,24,30,16,30
2019-04-26,Moema,-23.5489,-46.6388,73,59,52,38,22,26,10,26
2019-04-27,Moema,-23.5489,-46.6388,63,57,42,38,20,23,7,21
2019-04-28,Moema,-23.5489,-46.6388,54,48,33,35,18,21,1,17
2019-04-29,Moema,-23.5489,-46.6388,47,41,24,29,16,15,43,12
2019-04-30,Moema,-23.5489,-46.6388,39,37,18,29,10,9,39,10
2019-05-01,Moema,-23.5489,-46.6388,31,29,14,28,8,5,33,7
2019-05-02,Moema,-23.5489,-46.6388,24,26,6,26,6,43,30,5
2019-05-03,Moema,-23.5489,-46.6388,15,17,65,24,43,38,28,43
2019-05-04,Moema,-23.5489,-46.6388,5,14,59,24,39,34,25,38
2019-05-05,Moema,-23.5489,-46.6388,86,5,53,18,36,33,23,33
2019-05-06,Moema,-23.5489,-46.6388,76,65,48,12,32,28,18,27
2019-05-07,Moema,-23.5489,-46.6388,63,63,44,6,27,24,13,25
2019-05-08,Moema,-23.5489,-46.6388,56,56,34,43,25,22,11,19
2019-05-09,Moema,-23.5489,-46.6388,47,48,25,43,22,22,8,17
2019-05-10,Moema,-23.5489,-46.6388,39,44,19,38,18,21,3,11
2019-05-11,Moema,-23.5489,-46.6388,30,41,13,38,12,21,43,8
2019-05-12,Moema,-23.5489,-46.6388,17,32,6,36,8,19,39,5
2019-05-13,Moema,-23.5489,-46.6388,5,26,65,32,6,19,36,43
2019-05-14,Moema,-23.5489,-46.6388,86,19,61,31,43,15,30,38
2019-05-15,Moema,-23.5489,-46.6388,77,11,53,30,38,15,27,36
2019-05-16,Moema,-23.5489,-46.6388,69,6,48,25,35,10,21,34
2019-05-17,Moema,-23.5489,-46.6388,62,65,39,24,29,6,19,29
2019-05-18,Moema,-23.5489,-46.6388,49,59,32,20,24,43,15,24
2019-05-19,Moema,-23.5489,-46.6388,38,53,28,20,21,41,12,21
2019-05-20,Moema,-23.5489,-46.6388,31,43,23,14,15,40,8,19
2019-05-21,Moema,-23.5489,-46.6388,24,41,18,11,13,39,6,15
2019-05-22,Moema,-23.5489,-46.6388,13,37,12,11,10,39,43,9
2019-05-23,Moema,-23.5489,-46.6388,1,34,4,10,4,33,39,7
2019-05-24,Moema,-23.5489,-46.6388,86,27,65,10,43,32,36,5
2019-05-25,Moema,-23.5489,-46.6388,77,25,58,7,37,27,32,43
2019-05-26,Moema,-23.5489,-46.6388,64,15,51,1,32,26,26,37
2019-05-27,Moema,-23.5489,-46.6388,53,8,45,43,28,23,24,34
2019-05-28,Moema,-23.5489,-46.6388,41,65,41,40,24,22,18,31
2019-05-29,Moema,-23.5489,-46.6388,29,62,32,40,22,22,14,29
2019-05-30,Moema,-23.5489,-46.6388,21,54,27,40,17,16,8,27
2019-06-01,Moema,-23.5489,-46.6388,8,51,21,37,13,10,2,22
2019-06-02,Moema,-23.5489,-46.6388,86,41,16,36,9,6,43,19
2019-06-03,Moema,-23.5489,-46.6388,77,39,8,36,3,43,40,16
2019-06-04,Moema,-23.5489,-46.6388,64,34,65,33,43,40,35,12
2019-06-05,Moema,-23.5489,-46.6388,57,25,57,32,40,40,31,6
2019-06-06,Moema,-23.5489,-46.6388,44,23,49,31,37,40,28,43
2019-06-07,Moema,-23.5489,-46.6388,37,17,39,25,32,39,26,40
2019-06-08,Moema,-23.5489,-46.6388,28,14,30,19,28,36,21,35
2019-06-09,Moema,-23.5489,-46.6388,21,10,20,14,25,35,19,30
2019-06-10,Moema,-23.5489,-46.6388,10,1,10,9,22,31,17,25
2019-06-11,Moema,-23.5489,-46.6388,86,65,4,6,17,27,15,23
2019-06-12,Moema,-23.5489,-46.6388,75,56,65,43,14,24,9,21
2019-06-13,Moema,-23.5489,-46.6388,64,53,56,41,11,23,4,18
2019-06-14,Moema,-23.5489,-46.6388,51,49,48,38,7,23,43,15
2019-06-15,Moema,-23.5489,-46.6388,40,47,40,38,1,17,39,13
2019-06-16,Moema,-23.5489,-46.6388,32,44,30,35,43,16,35,9
2019-06-17,Moema,-23.5489,-46.6388,22,40,22,31,37,12,30,4
2019-06-18,Moema,-23.5489,-46.6388,10,37,14,30,34,12,26,43
2019-06-19,Moema,-23.5489,-46.6388,86,28,7,25,32,9,23,41
2019-06-20,Moema,-23.5489,-46.6388,77,25,65,23,27,6,18,38
2019-06-21,Moema,-23.5489,-46.6388,67,20,56,20,21,43,13,33
2019-06-22,Moema,-23.5489,-46.6388,54,13,51,20,19,37,8,29
2019-06-23,Moema,-23.5489,-46.6388,43,4,45,18,13,33,3,26
2019-06-24,Moema,-23.5489,-46.6388,30,65,35,17,8,30,43,20
2019-06-25,Moema,-23.5489,-46.6388,21,63,25,11,3,29,40,16
2019-06-26,Moema,-23.5489,-46.6388,11,53,21,11,43,29,37,10
2019-06-27,Moema,-23.5489,-46.6388,86,49,16,5,37,25,35,5
2019-06-28,Moema,-23.5489,-46.6388,77,47,10,43,32,22,31,43
2019-06-29,Moema,-23.5489,-46.6388,69,43,2,41,29,20,27,39
2019-06-30,Moema,-23.5489,-46.6388,58,35,65,39,24,17,21,36
2019-07-01,Moema,-23.5489,-46.6388,47,27,56,36,22,11,15,30
2019-07-02,Moema,-23.5489,-46.6388,40,18,46,36,20,7,10,24
2019-07-03,Moema,-23.5489,-46.6388,33,10,42,30,15,2,6,18
2019-07-04,Moema,-23.5489,-46.6388,24,5,34,28,11,43,43,14
2019-07-05,Moema,-23.5489,-46.6388,12,65,25,27,9,38,38,12
2019-07-06,Moema,-23.5489,-46.6388,86,60,18,21,3,34,36,10
2019-07-07,Moema,-23.5489,-46.6388,78,54,13,15,43,32,34,7
2019-07-08,Moema,-23.5489,-46.6388,69,51,3,10,38,26,29,4
2019-07-09,Moema,-23.5489,-46.6388,61,46,65,6,32,24,26,43
2019-07-10,Moema,-23.5489,-46.6388,48,42,58,43,29,19,20,40
2019-07-11,Moema,-23.5489,-46.6388,37,38,49,42,25,16,18,38
2019-07-12,Moema,-23.5489,-46.6388,29,29,44,37,22,15,14,35
2019-07-13,Moema,-23.5489,-46.6388,19,24,40,32,19,10,11,30
2019-07-14,Moema,-23.5489,-46.6388,12,16,36,30,16,8,9,27
2019-07-15,Moema,-23.5489,-46.6388,86,11,30,30,14,6,4,25
2019-07-16,Moema,-23.5489,-46.6388,78,3,24,25,12,43,43,21
2019-07-17,Moema,-23.5489,-46.6388,69,65,15,22,6,38,38,16
2019-07-18,Moema,-23.5489,-46.6388,59,57,10,18,43,37,36,13
2019-07-19,Moema,-23.5489,-46.6388,50,54,0,16,38,37,32,8
2019-07-20,Moema,-23.5489,-46.6388,41,47,65,11,32,36,30,6
2019-07-21,Moema,-23.5489,-46.6388,34,38,59,7,30,31,26,43
2019-07-22,Moema,-23.5489,-46.6388,23,35,49,5,27,29,20,37
2019-07-23,Moema,-23.5489,-46.6388,10,32,39,43,22,26,14,31
2019-07-24,Moema,-23.5489,-46.6388,86,30,30,43,16,20,9,25
2019-07-25,Moema,-23.5489,-46.6388,74,21,20,43,11,18,5,22
2019-07-26,Moema,-23.5489,-46.6388,67,18,13,43,6,17,43,18
2019-07-27,Moema,-23.5489,-46.6388,54,15,4,42,43,16,38,14
2019-07-28,Moema,-23.5489,-46.6388,41,11,65,37,41,12,36,9
2019-07-29,Moema,-23.5489,-46.6388,29,3,56,36,35,6,33,7
2019-07-30,Moema,-23.5489,-46.6388,17,65,49,30,29,43,31,2
2019-08-01,Moema,-23.5489,-46.6388,9,60,43,25,26,40,28,43
2019-08-02,Moema,-23.5489,-46.6388,86,53,36,21,24,35,23,37
2019-08-03,Moema,-23.5489,-46.6388,76,51,29,21,19,34,17,33
2019-08-04,Moema,-23.5489,-46.6388,66,46,21,19,13,32,12,31
2019-08-05,Moema,-23.5489,-46.6388,57,44,14,13,8,30,7,25
2019-08-06,Moema,-23.5489,-46.6388,45,35,9,7,4,30,1,20
2019-08-07,Moema,-23.5489,-46.6388,34,27,65,7,43,24,43,17
2019-08-08,Moema,-23.5489,-46.6388,25,20,55,7,41,21,37,15
2019-08-09,Moema,-23.5489,-46.6388,15,10,47,7,36,17,31,12
2019-08-10,Moema,-23.5489,-46.6388,7,3,37,1,32,13,29,7
2019-08-11,Moema,-23.5489,-46.6388,86,65,33,43,27,11,24,3
2019-08-12,Moema,-23.5489,-46.6388,73,56,23,41,23,5,19,43
2019-08-13,Moema,-23.5489,-46.6388,65,53,15,41,19,43,16,38
2019-08-14,Moema,-23.5489,-46.6388,52,47,6,36,15,37,10,34
2019-08-15,Moema,-23.5489,-46.6388,39,43,65,33,10,32,8,28
2019-08-16,Moema,-23.5489,-46.6388,28,36,58,28,4,30,4,25
2019-08-17,Moema,-23.5489,-46.6388,21,34,48,23,43,26,43,21
2019-08-18,Moema,-23.5489,-46.6388,11,26,38,17,37,22,39,17
2019-08-19,Moema,-23.5489,-46.6388,86,21,32,15,34,16,33,13
2019-08-20,Moema,-23.5489,-46.6388,78,19,25,12,29,10,27,9
2019-08-21,Moema,-23.5489,-46.6388,65,13,20,12,27,9,22,3
2019-08-22,Moema,-23.5489,-46.6388,58,4,15,8,25,3,17,43
2019-08-23,Moema,-23.5489,-46.6388,47,65,7,2,19,43,12,37
2019-08-24,Moema,-23.5489,-46.6388,36,58,65,43,17,40,10,34
2019-08-25,Moema,-23.5489,-46.6388,28,48,60,43,14,40,6,31
2019-08-26,Moema,-23.5489,-46.6388,16,44,56,40,10,38,43,28
2019-08-27,Moema,-23.5489,-46.6388,4,37,51,36,5,34,41,24
2019-08-28,Moema,-23.5489,-46.6388,86,29,42,35,43,33,38,18
2019-08-29,Moema,-23.5489,-46.6388,73,27,34,34,37,30,33,15
2019-08-30,Moema,-23.5489,-46.6388,62,25,29,34,34,27,31,9
2019-09-01,Moema,-23.5489,-46.6388,55,16,22,31,30,25,25,3
2019-09-02,Moema,-23.5489,-46.6388,46,13,14,28,24,23,19,43
2019-09-03,Moema,-23.5489,-46.6388,39,9,4,22,20,22,16,37
2019-09-04,Moema,-23.5489,-46.6388,32,65,65,16,17,16,11,32
2019-09-05,Moema,-23.5489,-46.6388,23,61,55,11,15,10,9,28
2019-09-06,Moema,-23.5489,-46.6388,11,57,46,5,12,4,3,26
2019-09-07,Moema,-23.5489,-46.6388,86,49,40,43,9,43,43,24
2019-09-08,Moema,-23.5489,-46.6388,78,44,31,43,4,40,41,20
2019-09-09,Moema,-23.5489,-46.6388,66,34,27,42,43,36,37,14
2019-09-10,Moema,-23.5489,-46.6388,55,32,18,40,38,34,35,9
2019-09-11,Moema,-23.5489,-46.6388,43,26,12,40,36,32,31,5
2019-09-12,Moema,-23.5489,-46.6388,31,18,2,37,34,26,26,43
2019-09-13,Moema,-23.5489,-46.6388,23,11,65,32,31,20,24,40
2019-09-14,Moema,-23.5489,-46.6388,15,2,57,29,29,20,22,36
2019-09-15,Moema,-23.5489,-46.6388,8,65,47,26,25,17,16,31
2019-09-16,Moema,-23.5489,-46.6388,86,58,43,25,19,16,14,25
2019-09-17,Moema,-23.5489,-46.6388,78,48,36,24,13,16,10,20
2019-09-18,Moema,-23.5489,-46.6388,70,46,29,22,11,10,6,17
2019-09-19,Moema,-23.5489,-46.6388,61,41,20,20,9,7,43,15
2019-09-20,Moema,-23.5489,-46.6388,50,33,10,20,7,6,38,11
2019-09-21,Moema,-23.5489,-46.6388,40,23,4,18,5,43,34,8
2019-09-22,Moema,-23.5489,-46.6388,33,14,65,14,43,42,30,4
2019-09-23,Moema,-23.5489,-46.6388,25,10,59,13,40,38,27,43
2019-09-24,Moema,-23.5489,-46.6388,14,0,54,12,35,38,21,38
2019-09-25,Moema,-23.5489,-46.6388,6,65,46,8,30,32,16,35
2019-09-26,Moema,-23.5489,-46.6388,86,62,41,8,28,32,14,32
2019-09-27,Moema,-23.5489,-46.6388,78,54,35,5,26,26,10,30
2019-09-28,Moema,-23.5489,-46.6388,66,47,31,43,21,25,8,27
2019-09-29,Moema,-23.5489,-46.6388,55,43,26,39,18,24,4,25
2019-09-30,Moema,-23.5489,-46.6388,44,35,19,33,14,21,43,23
2019-10-01,Moema,-23.5489,-46.6388,32,33,13,27,9,19,41,18
2019-10-02,Moema,-23.5489,-46.6388,23,31,7,27,6,14,38,15
2019-10-03,Moema,-23.5489,-46.6388,12,28,65,26,43,13,35,11
2019-10-04,Moema,-23.5489,-46.6388,86,19,58,20,39,9,32,7
2019-10-05,Moema,-23.5489,-46.6388,73,11,52,14,36,6,27,3
2019-10-06,Moema,-23.5489,-46.6388,66,9,48,13,34,43,24,43
2019-10-07,Moema,-23.5489,-46.6388,53,65,38,13,31,42,18,40
2019-10-08,Moema,-23.5489,-46.6388,42,62,28,11,27,39,16,38
2019-10-09,Moema,-23.5489,-46.6388,31,55,22,8,24,34,14,36
2019-10-10,Moema,-23.5489,-46.6388,21,52,13,4,22,31,10,30
2019-10-11,Moema,-23.5489,-46.6388,8,43,9,43,17,30,7,25
2019-10-12,Moema,-23.5489,-46.6388,86,35,65,40,15,25,4,20
2019-10-13,Moema,-23.5489,-46.6388,75,26,55,38,11,20,43,18
2019-10-14,Moema,-23.5489,-46.6388,62,18,49,35,6,19,38,12
2019-10-15,Moema,-23.5489,-46.6388,49,15,43,34,43,13,33,10
2019-10-16,Moema,-23.5489,-46.6388,37,10,35,33,39,11,29,6
2019-10-17,Moema,-23.5489,-46.6388,27,6,27,30,33,7,25,43
2019-10-18,Moema,-23.5489,-46.6388,16,65,20,29,30,6,20,37
2019-10-19,Moema,-23.5489,-46.6388,6,55,11,26,26,43,16,32
2019-10-20,Moema,-23.5489,-46.6388,86,51,6,20,20,40,14,27
2019-10-21,Moema,-23.5489,-46.6388,79,47,65,16,18,39,10,23
2019-10-22,Moema,-23.5489,-46.6388,66,42,61,13,15,34,8,20
2019-10-23,Moema,-23.5489,-46.6388,53,40,55,13,9,33,6,14
2019-10-24,Moema,-23.5489,-46.6388,42,36,51,10,6,32,43,11
2019-10-25,Moema,-23.5489,-46.6388,35,29,46,6,43,29,38,9
2019-10-26,Moema,-23.5489,-46.6388,26,21,37,43,41,26,34,7
2019-10-27,Moema,-23.5489,-46.6388,15,12,33,40,39,23,28,1
2019-10-28,Moema,-23.5489,-46.6388,4,6,23,37,35,19,26,43
2019-10-29,Moema,-23.5489,-46.6388,86,65,16,31,33,18,22,41
2019-10-30,Moema,-23.5489,-46.6388,79,60,11,28,28,16,19,39
2019-11-01,Moema,-23.5489,-46.6388,72,56,4,25,26,14,15,33
2019-11-02,Moema,-23.5489,-46.6388,65,47,65,21,24,8,11,30
2019-11-03,Moema,-23.5489,-46.6388,57,37,59,16,21,7,6,25
2019-11-04,Moema,-23.5489,-46.6388,44,34,55,15,17,6,43,22
2019-11-05,Moema,-23.5489,-46.6388,37,32,45,11,12,43,37,20
2019-11-06,Moema,-23.5489,-46.6388,29,30,39,8,8,42,31,17
2019-11-07,Moema,-23.5489,-46.6388,22,27,35,3,4,41,25,15
2019-11-08,Moema,-23.5489,-46.6388,15,17,26,43,43,41,21,11
2019-11-09,Moema,-23.5489,-46.6388,4,13,16,38,38,41,17,6
2019-11-10,Moema,-23.5489,-46.6388,86,3,9,38,36,36,11,43
2019-11-11,Moema,-23.5489,-46.6388,75,65,65,33,30,33,5,40
2019-11-12,Moema,-23.5489,-46.6388,62,57,61,28,24,28,43,34
2019-11-13,Moema,-23.5489,-46.6388,51,50,51,25,21,27,39,32
2019-11-14,Moema,-23.5489,-46.6388,41,42,44,20,19,22,36,27
2019-11-15,Moema,-23.5489,-46.6388,28,38,36,18,15,21,30,21
2019-11-16,Moema,-23.5489,-46.6388,15,34,31,12,10,16,26,18
2019-11-17,Moema,-23.5489,-46.6388,5,28,21,10,7,12,23,16
2019-11-18,Moema,-23.5489,-46.6388,86,22,17,7,2,7,20,10
2019-11-19,Moema,-23.5489,-46.6388,79,19,13,2,43,4,18,7
2019-11-20,Moema,-23.5489,-46.6388,69,10,8,43,39,43,16,4
2019-11-21,Moema,-23.5489,-46.6388,60,5,65,39,37,38,14,43
2019-11-22,Moema,-23.5489,-46.6388,49,65,60,37,31,38,12,37
2019-11-23,Moema,-23.5489,-46.6388,41,62,54,37,26,34,9,35
2019-11-24,Moema,-23.5489,-46.6388,33,53,45,33,20,31,4,31
2019-11-25,Moema,-23.5489,-46.6388,26,49,39,27,17,27,43,26
2019-11-26,Moema,-23.5489,-46.6388,14,41,32,25,11,22,38,24
2019-11-27,Moema,-23.5489,-46.6388,7,37,24,21,8,17,34,20
2019-11-28,Moema,-23.5489,-46.6388,86,28,16,16,3,11,29,17
2019-11-29,Moema,-23.5489,-46.6388,76,21,8,16,43,8,26,12
2019-11-30,Moema,-23.5489,-46.6388,64,14,65,13,38,2,22,7
2019-12-01,Moema,-23.5489,-46.6388,54,8,59,9,33,43,20,2
2019-12-02,Moema,-23.5489,-46.6388,41,65,55,8,27,39,18,43
2019-12-03,Moema,-23.5489,-46.6388,33,56,51,3,25,37,14,41
2019-12-04,Moema,-23.5489,-46.6388,25,51,45,43,20,32,9,35
2019-12-05,Moema,-23.5489,-46.6388,14,48,39,43,15,28,4,33
2019-12-06,Moema,-23.5489,-46.6388,7,45,29,40,9,23,43,30
2019-12-07,Moema,-23.5489,-46.6388,86,36,22,36,7,22,37,27
2019-12-08,Moema,-23.5489,-46.6388,73,27,13,36,4,20,34,23
2019-12-09,Moema,-23.5489,-46.6388,62,19,8,31,43,14,29,20
2019-12-10,Moema,-23.5489,-46.6388,49,15,65,27,38,13,25,17
2019-12-11,Moema,-23.5489,-46.6388,38,6,55,25,33,11,21,15
2019-12-12,Moema,-23.5489,-46.6388,27,65,45,24,30,6,19,11
2019-12-13,Moema,-23.5489,-46.6388,16,56,36,18,26,43,14,7
2019-12-14,Moema,-23.5489,-46.6388,9,47,26,18,21,37,10,5
2019-12-15,Moema,-23.5489,-46.6388,86,44,20,15,17,31,4,43
2019-12-16,Moema,-23.5489,-46.6388,73,37,11,15,13,30,43,41
2019-12-17,Moema,-23.5489,-46.6388,63,28,3,15,11,24,39,35
2019-12-18,Moema,-23.5489,-46.6388,52,22,65,15,5,23,33,33
2019-12-19,Moema,-23.5489,-46.6388,39,17,58,11,43,23,27,28
2019-12-20,Moema,-23.5489,-46.6388,29,7,48,11,38,20,22,26
2019-12-21,Moema,-23.5489,-46.6388,22,65,39,8,33,18,19,24
2019-12-22,Moema,-23.5489,-46.6388,14,61,32,6,31,16,14,19
2019-12-23,Moema,-23.5489,-46.6388,3,54,26,43,26,10,10,16
2019-12-24,Moema,-23.5489,-46.6388,86,46,21,37,24,9,5,14
2019-12-25,Moema,-23.5489,-46.6388,74,37,13,36,22,4,43,12
2019-12-26,Moema,-23.5489,-46.6388,66,29,3,30,17,43,37,10
2019-12-27,Moema,-23.5489,-46.6388,58,19,65,27,14,39,31,8
2019-12-28,Moema,-23.5489,-46.6388,47,16,60,27,9,34,28,6
2019-12-29,Moema,-23.5489,-46.6388,39,9,56,26,4,28,24,43
2019-12-30,Moema,-23.5489,-46.6388,31,65,50,26,43,28,20,37
2018-01-01,Hospital São Paulo,-23.5984,-46.6455,86,65,65,43,43,43,43,43
2018-01-02,Hospital São Paulo,-23.5984,-46.6455,73,58,61,42,40,40,40,38
2018-01-03,Hospital São Paulo,-23.5984,-46.6455,62,53,54,38,37,37,38,35
2018-01-04,Hospital São Paulo,-23.5984,-46.6455,52,50,50,33,33,33,32,32
2018-01-05,Hospital São Paulo,-23.5984,-46.6455,44,45,46,32,30,29,30,29
2018-01-06,Hospital São Paulo,-23.5984,-46.6455,34,43,37,30,26,27,24,24
2018-01-07,Hospital São Paulo,-23.5984,-46.6455,26,34,28,26,22,21,20,18
2018-01-08,Hospital São Paulo,-23.5984,-46.6455,14,27,18,20,19,19,17,16
2018-01-09,Hospital São Paulo,-23.5984,-46.6455,6,17,13,15,15,13,15,12
2018-01-10,Hospital São Paulo,-23.5984,-46.6455,86,8,5,14,9,11,9,8
2018-01-11,Hospital São Paulo,-23.5984,-46.6455,75,65,65,13,7,5,6,2
2018-01-12,Hospital São Paulo,-23.5984,-46.6455,68,61,58,13,4,43,43,43
2018-01-13,Hospital São Paulo,-23.5984,-46.6455,60,55,48,7,43,42,41,39
2018-01-14,Hospital São Paulo,-23.5984,-46.6455,50,49,41,7,39,37,39,36
2018-01-15,Hospital São Paulo,-23.5984,-46.6455,38,47,33,1,36,31,33,33
2018-01-16,Hospital São Paulo,-23.5984,-46.6455,31,42,28,43,32,25,30,29
2018-01-17,Hospital São Paulo,-23.5984,-46.6455,21,35,24,43,27,23,25,26
2018-01-18,Hospital São Paulo,-23.5984,-46.6455,11,27,18,39,21,22,21,20
2018-01-19,Hospital São Paulo,-23.5984,-46.6455,86,22,9,37,15,19,18,18
2018-01-20,Hospital São Paulo,-23.5984,-46.6455,77,17,65,34,11,17,13,15
2018-01-21,Hospital São Paulo,-23.5984,-46.6455,66,14,55,33,7,13,11,9
2018-01-22,Hospital São Paulo,-23.5984,-46.6455,56,6,48,28,2,12,7,5
2018-01-23,Hospital São Paulo,-23.5984,-46.6455,44,65,43,28,43,7,1,43
2018-01-24,Hospital São Paulo,-23.5984,-46.6455,32,55,37,22,40,6,43,38
2018-01-25,Hospital São Paulo,-23.5984,-46.6455,25,50,29,18,38,43,37,32
2018-01-26,Hospital São Paulo,-23.5984,-46.6455,18,42,25,16,36,37,33,26
2018-01-27,Hospital São Paulo,-23.5984,-46.6455,5,37,19,16,31,33,30,21
2018-01-28,Hospital São Paulo,-23.5984,-46.6455,86,28,9,10,25,29,24,19
2018-01-29,Hospital São Paulo,-23.5984,-46.6455,74,18,65,6,22,23,20,14
2018-01-30,Hospital São Paulo,-23.5984,-46.6455,63,12,60,43,16,19,18,10
2018-02-01,Hospital São Paulo,-23.5984,-46.6455,52,9,54,38,12,16,16,6
2018-02-02,Hospital São Paulo,-23.5984,-46.6455,45,65,47,32,8,11,11,43
2018-02-03,Hospital São Paulo,-23.5984,-46.6455,36,56,43,26,4,5,7,40
2018-02-04,Hospital São Paulo,-23.5984,-46.6455,23,53,33,20,43,43,1,38
2018-02-05,Hospital São Paulo,-23.5984,-46.6455,10,46,29,17,38,37,43,33
2018-02-06,Hospital São Paulo,-23.5984,-46.6455,86,44,19,17,36,32,40,31
2018-02-07,Hospital São Paulo,-23.5984,-46.6455,76,41,14,17,31,32,34,26
2018-02-08,Hospital São Paulo,-23.5984,-46.6455,65,35,5,16,26,29,29,24
2018-02-09,Hospital São Paulo,-23.5984,-46.6455,55,32,65,12,21,27,26,22
2018-02-10,Hospital São Paulo,-23.5984,-46.6455,42,30,60,10,18,23,20,20
2018-02-11,Hospital São Paulo,-23.5984,-46.6455,30,27,56,5,14,20,14,15
2018-02-12,Hospital São Paulo,-23.5984,-46.6455,23,23,51,43,10,18,9,12
2018-02-13,Hospital São Paulo,-23.5984,-46.6455,14,15,47,38,7,18,5,10
2018-02-14,Hospital São Paulo,-23.5984,-46.6455,6,10,38,33,5,18,43,8
2018-02-15,Hospital São Paulo,-23.5984,-46.6455,86,2,28,33,43,15,41,3
2018-02-16,Hospital São Paulo,-23.5984,-46.6455,74,65,22,30,38,11,39,43
2018-02-17,Hospital São Paulo,-23.5984,-46.6455,64,59,17,26,32,11,34,37
2018-02-18,Hospital São Paulo,-23.5984,-46.6455,52,56,7,20,30,7,28,34
2018-02-19,Hospital São Paulo,-23.5984,-46.6455,45,52,65,15,24,6,23,28
2018-02-20,Hospital São Paulo,-23.5984,-46.6455,37,50,56,13,18,43,20,24
2018-02-21,Hospital São Paulo,-23.5984,-46.6455,30,41,51,12,14,40,14,22
2018-02-22,Hospital São Paulo,-23.5984,-46.6455,17,39,46,6,11,40,12,16
2018-02-23,Hospital São Paulo,-23.5984,-46.6455,5,31,42,43,5,37,8,12
2018-02-24,Hospital São Paulo,-23.5984,-46.6455,86,28,33,43,43,37,4,8
2018-02-25,Hospital São Paulo,-23.5984,-46.6455,79,24,26,43,37,35,43,5
2018-02-26,Hospital São Paulo,-23.5984,-46.6455,71,22,17,37,34,33,41,43
2018-02-27,Hospital São Paulo,-23.5984,-46.6455,61,12,11,31,28,31,36,37
2018-02-28,Hospital São Paulo,-23.5984,-46.6455,48,10,7,31,23,31,31,31
,Hospital São Paulo,-23.5984,-46.6455,40,6,65,31,20,31,29,26
,Hospital São Paulo,-23.5984,-46.6455,28,65,57,30,16,27,26,20
2018-03-01,Hospital São Paulo,-23.5984,-46.6455,16,55,48,26,11,25,21,14
2018-03-02,Hospital São Paulo,-23.5984,-46.6455,8,51,41,26,8,24,15,12
2018-03-03,Hospital São Paulo,-23.5984,-46.6455,86,42,37,24,3,23,12,9
2018-03-04,Hospital São Paulo,-23.5984,-46.6455,74,33,28,18,43,23,6,7
2018-03-05,Hospital São Paulo,-23.5984,-46.6455,67,25,24,15,39,18,43,3
2018-03-06,Hospital São Paulo,-23.5984,-46.6455,60,21,19,14,33,14,41,43
2018-03-07,Hospital São Paulo,-23.5984,-46.6455,52,15,11,9,31,9,39,37
2018-03-08,Hospital São Paulo,-23.5984,-46.6455,39,12,7,5,29,5,35,35
2018-03-09,Hospital São Paulo,-23.5984,-46.6455,32,6,65,43,26,43,29,31
2018-03-10,Hospital São Paulo,-23.5984,-46.6455,23,65,58,40,20,43,23,27
2018-03-11,Hospital São Paulo,-23.5984,-46.6455,14,57,49,35,16,43,20,23
2018-03-12,Hospital São Paulo,-23.5984,-46.6455,1,51,42,35,14,37,15,19
2018-03-13,Hospital São Paulo,-23.5984,-46.6455,86,48,35,35,8,33,11,17
2018-03-14,Hospital São Paulo,-23.5984,-46.6455,79,41,27,29,6,30,6,14
2018-03-15,Hospital São Paulo,-23.5984,-46.6455,70,35,18,26,43,26,43,11
2018-03-16,Hospital São Paulo,-23.5984,-46.6455,58,27,8,25,38,23,41,6
2018-03-17,Hospital São Paulo,-23.5984,-46.6455,50,18,65,25,36,17,37,43
2018-03-18,Hospital São Paulo,-23.5984,-46.6455,41,10,59,25,30,13,35,37
2018-03-19,Hospital São Paulo,-23.5984,-46.6455,29,2,50,19,28,7,30,33
2018-03-20,Hospital São Paulo,-23.5984,-46.6455,16,65,42,14,23,7,27,29
2018-03-21,Hospital São Paulo,-23.5984,-46.6455,4,56,34,9,21,2,23,27
2018-03-22,Hospital São Paulo,-23.5984,-46.6455,86,54,26,7,19,43,19,23
2018-03-23,Hospital São Paulo,-23.5984,-46.6455,73,49,20,5,16,43,15,18
2018-03-24,Hospital São Paulo,-23.5984,-46.6455,63,45,12,43,12,39,9,13
2018-03-25,Hospital São Paulo,-23.5984,-46.6455,54,39,4,37,7,33,4,8
2018-03-26,Hospital São Paulo,-23.5984,-46.6455,47,32,65,31,4,32,43,6
2018-03-27,Hospital São Paulo,-23.5984,-46.6455,34,27,56,26,43,32,41,43
2018-03-28,Hospital São Paulo,-23.5984,-46.6455,27,22,49,22,40,32,38,41
2018-03-29,Hospital São Paulo,-23.5984,-46.6455,16,20,42,22,34,26,34,35
2018-03-30,Hospital São Paulo,-23.5984,-46.6455,8,17,37,21,29,25,31,32
2018-04-01,Hospital São Paulo,-23.5984,-46.6455,86,11,32,18,24,19,26,27
2018-04-02,Hospital São Paulo,-23.5984,-46.6455,79,6,23,17,22,16,21,22
2018-04-03,Hospital São Paulo,-23.5984,-46.6455,72,65,13,12,16,13,15,19
2018-04-04,Hospital São Paulo,-23.5984,-46.6455,61,56,6,12,12,7,10,16
2018-04-05,Hospital São Paulo,-23.5984,-46.6455,53,52,65,7,7,6,7,13
2018-04-06,Hospital São Paulo,-23.5984,-46.6455,41,49,61,3,4,43,2,11
2018-04-07,Hospital São Paulo,-23.5984,-46.6455,33,41,54,43,43,37,43,7
2018-04-08,Hospital São Paulo,-23.5984,-46.6455,23,33,48,39,37,35,38,1
2018-04-09,Hospital São Paulo,-23.5984,-46.6455,10,26,41,38,31,35,34,43
2018-04-10,Hospital São Paulo,-23.5984,-46.6455,86,19,33,34,25,32,32,37
2018-04-11,Hospital São Paulo,-23.5984,-46.6455,79,9,24,32,20,27,29,31
2018-04-12,Hospital São Paulo,-23.5984,-46.6455,66,65,18,31,14,22,25,29
2018-04-13,Hospital São Paulo,-23.5984,-46.6455,54,57,10,31,11,18,23,23
2018-04-14,Hospital São Paulo,-23.5984,-46.6455,47,47,0,30,9,13,18,17
2018-04-15,Hospital São Paulo,-23.5984,-46.6455,35,45,65,28,7,9,13,11
2018-04-16,Hospital São Paulo,-23.5984,-46.6455,28,37,59,23,2,8,11,9
2018-04-17,Hospital São Paulo,-23.5984,-46.6455,16,35,51,23,43,4,7,7
2018-04-18,Hospital São Paulo,-23.5984,-46.6455,8,25,45,20,41,43,3,1
2018-04-19,Hospital São Paulo,-23.5984,-46.6455,86,23,40,17,39,37,43,43
2018-04-20,Hospital São Paulo,-23.5984,-46.6455,74,15,36,17,35,32,40,39
2018-04-21,Hospital São Paulo,-23.5984,-46.6455,65,10,29,16,29,31,35,34
2018-04-22,Hospital São Paulo,-23.5984,-46.6455,57,3,24,11,24,30,32,29
2018-04-23,Hospital São Paulo,-23.5984,-46.6455,45,65,18,5,22,30,28,24
2018-04-24,Hospital São Paulo,-23.5984,-46.6455,32,60,13,43,18,26,22,22
2018-04-25,Hospital São Paulo,-23.5984,-46.6455,23,51,6,43,15,22,17,17
2018-04-26,Hospital São Paulo,-23.5984,-46.6455,13,44,65,42,11,20,15,15
2018-04-27,Hospital São Paulo,-23.5984,-46.6455,5,37,58,42,6,14,12,9
2018-04-28,Hospital São Paulo,-23.5984,-46.6455,86,29,48,41,43,13,7,7
2018-04-29,Hospital São Paulo,-23.5984,-46.6455,77,26,38,39,37,8,1,2
2018-04-30,Hospital São Paulo,-23.5984,-46.6455,69,24,28,36,35,2,43,43
2018-05-01,Hospital São Paulo,-23.5984,-46.6455,59,20,22,31,29,43,40,37
2018-05-02,Hospital São Paulo,-23.5984,-46.6455,48,12,12,28,23,38,37,33
2018-05-03,Hospital São Paulo,-23.5984,-46.6455,39,3,5,22,21,32,31,27
2018-05-04,Hospital São Paulo,-23.5984,-46.6455,26,65,65,17,19,31,27,25
2018-05-05,Hospital São Paulo,-23.5984,-46.6455,14,59,57,13,14,26,24,20
2018-05-06,Hospital São Paulo,-23.5984,-46.6455,3,52,52,13,9,21,19,17
2018-05-07,Hospital São Paulo,-23.5984,-46.6455,86,45,42,10,3,16,15,13
2018-05-08,Hospital São Paulo,-23.5984,-46.6455,79,40,33,10,43,12,10,7
2018-05-09,Hospital São Paulo,-23.5984,-46.6455,72,32,27,7,38,9,5,3
2018-05-10,Hospital São Paulo,-23.5984,-46.6455,64,22,20,7,33,3,43,43
2018-05-11,Hospital São Paulo,-23.5984,-46.6455,51,16,11,3,29,43,37,39
2018-05-12,Hospital São Paulo,-23.5984,-46.6455,41,8,2,43,23,41,32,34
2018-05-13,Hospital São Paulo,-23.5984,-46.6455,32,65,65,43,17,40,26,28
2018-05-14,Hospital São Paulo,-23.5984,-46.6455,24,57,57,37,13,36,21,26
2018-05-15,Hospital São Paulo,-23.5984,-46.6455,16,52,53,32,7,33,19,23
2018-05-16,Hospital São Paulo,-23.5984,-46.6455,8,46,46,30,4,33,14,18
2018-05-17,Hospital São Paulo,-23.5984,-46.6455,86,40,41,28,43,30,12,12
2018-05-18,Hospital São Paulo,-23.5984,-46.6455,74,30,34,26,38,27,6,6
2018-05-19,Hospital São Paulo,-23.5984,-46.6455,62,22,28,26,33,24,43,43
2018-05-20,Hospital São Paulo,-23.5984,-46.6455,55,16,21,23,30,18,40,38
2018-05-21,Hospital São Paulo,-23.5984,-46.6455,47,6,12,17,25,12,37,32
2018-05-22,Hospital São Paulo,-23.5984,-46.6455,40,65,8,12,23,8,33,29
2018-05-23,Hospital São Paulo,-23.5984,-46.6455,30,57,65,10,19,3,31,25
2018-05-24,Hospital São Paulo,-23.5984,-46.6455,20,48,55,6,15,43,25,22
2018-05-25,Hospital São Paulo,-23.5984,-46.6455,10,40,51,43,9,43,19,18
2018-05-26,Hospital São Paulo,-23.5984,-46.6455,86,33,46,40,6,39,13,13
2018-05-27,Hospital São Paulo,-23.5984,-46.6455,78,28,40,39,43,35,11,11
2018-05-28,Hospital São Paulo,-23.5984,-46.6455,67,21,35,35,39,34,6,6
2018-05-29,Hospital São Paulo,-23.5984,-46.6455,57,11,27,32,35,34,43,43
2018-05-30,Hospital São Paulo,-23.5984,-46.6455,47,6,18,29,30,34,41,41
2018-06-01,Hospital São Paulo,-23.5984,-46.6455,35,65,13,27,28,33,39,37
2018-06-02,Hospital São Paulo,-23.5984,-46.6455,23,58,7,23,26,33,37,32
2018-06-03,Hospital São Paulo,-23.5984,-46.6455,13,53,65,19,23,31,33,28
2018-06-04,Hospital São Paulo,-23.5984,-46.6455,0,47,59,19,18,31,30,26
2018-06-05,Hospital São Paulo,-23.5984,-46.6455,86,42,52,16,16,25,28,20
2018-06-06,Hospital São Paulo,-23.5984,-46.6455,74,32,42,10,13,23,24,15
2018-06-07,Hospital São Paulo,-23.5984,-46.6455,67,22,32,4,11,21,18,11
2018-06-08,Hospital São Paulo,-23.5984,-46.6455,57,12,22,43,8,20,12,8
2018-06-09,Hospital São Paulo,-23.5984,-46.6455,44,3,18,37,3,14,8,2
2018-06-10,Hospital São Paulo,-23.5984,-46.6455,36,65,14,36,43,13,4,43
2018-06-11,Hospital São Paulo,-23.5984,-46.6455,27,57,6,35,40,12,43,40
2018-06-12,Hospital São Paulo,-23.5984,-46.6455,14,50,65,30,36,8,39,37
2018-06-13,Hospital São Paulo,-23.5984,-46.6455,2,45,55,26,32,8,37,33
2018-06-14,Hospital São Paulo,-23.5984,-46.6455,86,41,47,22,26,6,34,31
2018-06-15,Hospital São Paulo,-23.5984,-46.6455,79,36,39,20,21,43,30,29
2018-06-16,Hospital São Paulo,-23.5984,-46.6455,66,29,33,14,15,38,28,24
2018-06-17,Hospital São Paulo,-23.5984,-46.6455,59,21,23,8,11,34,25,22
2018-06-18,Hospital São Paulo,-23.5984,-46.6455,49,13,13,7,6,31,23,16
2018-06-19,Hospital São Paulo,-23.5984,-46.6455,36,3,8,1,43,30,17,10
2018-06-20,Hospital São Paulo,-23.5984,-46.6455,27,65,65,43,38,25,12,8
2018-06-21,Hospital São Paulo,-23.5984,-46.6455,17,59,56,43,32,21,6,5
2018-06-22,Hospital São Paulo,-23.5984,-46.6455,10,54,49,42,29,20,43,43
2018-06-23,Hospital São Paulo,-23.5984,-46.6455,86,46,39,36,25,19,39,40
2018-06-24,Hospital São Paulo,-23.5984,-46.6455,73,44,35,30,23,14,37,35
2018-06-25,Hospital São Paulo,-23.5984,-46.6455,63,35,25,28,21,8,32,31
2018-06-26,Hospital São Paulo,-23.5984,-46.6455,54,25,20,24,17,7,26,27
2018-06-27,Hospital São Paulo,-23.5984,-46.6455,45,23,10,18,12,6,20,24
2018-06-28,Hospital São Paulo,-23.5984,-46.6455,34,19,5,14,8,43,17,22
2018-06-29,Hospital São Paulo,-23.5984,-46.6455,22,14,65,13,5,42,15,16
2018-06-30,Hospital São Paulo,-23.5984,-46.6455,15,5,61,9,43,40,13,14
2018-07-01,Hospital São Paulo,-23.5984,-46.6455,2,65,54,5,41,34,11,8
2018-07-02,Hospital São Paulo,-23.5984,-46.6455,86,60,45,43,36,29,5,5
2018-07-03,Hospital São Paulo,-23.5984,-46.6455,74,50,41,38,30,24,43,43
2018-07-04,Hospital São Paulo,-23.5984,-46.6455,63,43,35,36,25,19,37,39
2018-07-05,Hospital São Paulo,-23.5984,-46.6455,54,37,28,35,21,15,31,36
2018-07-06,Hospital São Paulo,-23.5984,-46.6455,46,34,22,31,18,14,26,33
2018-07-07,Hospital São Paulo,-23.5984,-46.6455,35,30,13,31,13,13,23,29
2018-07-08,Hospital São Paulo,-23.5984,-46.6455,26,22,8,26,8,8,20,26
2018-07-09,Hospital São Paulo,-23.5984,-46.6455,13,15,65,22,4,6,14,21
2018-07-10,Hospital São Paulo,-23.5984,-46.6455,4,5,56,17,43,43,12,15
2018-07-11,Hospital São Paulo,-23.5984,-46.6455,86,65,52,11,41,38,7,11
2018-07-12,Hospital São Paulo,-23.5984,-46.6455,74,61,45,6,37,35,2,9
2018-07-13,Hospital São Paulo,-23.5984,-46.6455,62,51,41,43,31,29,43,3
2018-07-14,Hospital São Paulo,-23.5984,-46.6455,50,47,37,39,27,28,38,43
2018-07-15,Hospital São Paulo,-23.5984,-46.6455,41,44,31,36,23,27,33,41
2018-07-16,Hospital São Paulo,-23.5984,-46.6455,29,37,23,36,17,25,27,36
2018-07-17,Hospital São Paulo,-23.5984,-46.6455,18,33,14,31,12,23,24,34
2018-07-18,Hospital São Paulo,-23.5984,-46.6455,11,23,10,26,9,18,21,32
2018-07-19,Hospital São Paulo,-23.5984,-46.6455,86,18,5,21,6,13,16,30
2018-07-20,Hospital São Paulo,-23.5984,-46.6455,76,13,65,16,43,13,14,28
2018-07-21,Hospital São Paulo,-23.5984,-46.6455,65,4,56,16,39,12,9,22
2018-07-22,Hospital São Paulo,-23.5984,-46.6455,54,65,48,11,37,8,5,19
2018-07-23,Hospital São Paulo,-23.5984,-46.6455,47,63,43,11,34,4,43,16
2018-07-24,Hospital São Paulo,-23.5984,-46.6455,35,58,37,7,28,43,37,14
2018-07-25,Hospital São Paulo,-23.5984,-46.6455,26,52,29,4,24,40,33,9
2018-07-26,Hospital São Paulo,-23.5984,-46.6455,17,47,19,43,22,37,28,7
2018-07-27,Hospital São Paulo,-23.5984,-46.6455,5,39,15,42,20,34,26,4
2018-07-28,Hospital São Paulo,-23.5984,-46.6455,86,30,8,42,14,33,23,43
2018-07-29,Hospital São Paulo,-23.5984,-46.6455,78,23,65,42,9,31,18,37
2018-07-30,Hospital São Paulo,-23.5984,-46.6455,67,15,58,42,4,25,12,35
2018-08-01,Hospital São Paulo,-23.5984,-46.6455,56,5,52,37,43,24,10,33
2018-08-02,Hospital São Paulo,-23.5984,-46.6455,47,65,45,36,39,24,6,30
2018-08-03,Hospital São Paulo,-23.5984,-46.6455,34,60,40,36,34,20,43,24
2018-08-04,Hospital São Paulo,-23.5984,-46.6455,23,54,33,30,30,14,38,21
2018-08-05,Hospital São Paulo,-23.5984,-46.6455,13,48,27,28,24,12,34,19
2018-08-06,Hospital São Paulo,-23.5984,-46.6455,3,40,18,24,22,10,29,14
2018-08-07,Hospital São Paulo,-23.5984,-46.6455,86,32,10,18,20,8,25,12
2018-08-08,Hospital São Paulo,-23.5984,-46.6455,78,29,5,16,17,3,23,9
2018-08-09,Hospital São Paulo,-23.5984,-46.6455,66,27,65,14,11,43,20,5
2018-08-10,Hospital São Paulo,-23.5984,-46.6455,58,25,55,8,6,39,18,43
2018-08-11,Hospital São Paulo,-23.5984,-46.6455,48,21,46,5,43,35,13,38
2018-08-12,Hospital São Paulo,-23.5984,-46.6455,35,16,38,43,41,30,9,34
2018-08-13,Hospital São Paulo,-23.5984,-46.6455,22,12,32,39,35,29,5,31
2018-08-14,Hospital São Paulo,-23.5984,-46.6455,11,5,27,35,29,24,43,26
2018-08-15,Hospital São Paulo,-23.5984,-46.6455,86,65,19,29,27,18,38,22
2018-08-16,Hospital São Paulo,-23.5984,-46.6455,76,61,11,26,21,14,33,17
2018-08-17,Hospital São Paulo,-23.5984,-46.6455,66,52,4,23,15,10,27,14
2018-08-18,Hospital São Paulo,-23.5984,-46.6455,56,47,65,21,11,8,22,12
2018-08-19,Hospital São Paulo,-23.5984,-46.6455,49,39,55,17,9,4,20,9
2018-08-20,Hospital São Paulo,-23.5984,-46.6455,39,37,48,12,5,43,16,5
2018-08-21,Hospital São Paulo,-23.5984,-46.6455,32,29,44,10,43,38,12,43
2018-08-22,Hospital São Paulo,-23.5984,-46.6455,21,26,35,5,39,34,6,39
2018-08-23,Hospital São Paulo,-23.5984,-46.6455,11,24,30,43,34,29,43,34
2018-08-24,Hospital São Paulo,-23.5984,-46.6455,86,18,25,43,29,23,40,29
2018-08-25,Hospital São Paulo,-23.5984,-46.6455,74,16,18,42,25,20,35,23
2018-08-26,Hospital São Paulo,-23.5984,-46.6455,64,13,8,40,23,14,32,19
2018-08-27,Hospital São Paulo,-23.5984,-46.6455,55,9,65,40,21,11,30,13
2018-08-28,Hospital São Paulo,-23.5984,-46.6455,47,65,61,36,18,6,24,8
2018-08-29,Hospital São Paulo,-23.5984,-46.6455,34,58,51,35,15,43,22,4
2018-08-30,Hospital São Paulo,-23.5984,-46.6455,23,48,46,33,12,38,19,43
2018-09-01,Hospital São Paulo,-23.5984,-46.6455,12,44,42,33,6,35,14,38
2018-09-02,Hospital São Paulo,-23.5984,-46.6455,86,41,33,32,43,32,8,36
2018-09-03,Hospital São Paulo,-23.5984,-46.6455,76,32,27,32,41,27,2,34
2018-09-04,Hospital São Paulo,-23.5984,-46.6455,67,28,22,26,36,26,43,31
2018-09-05,Hospital São Paulo,-23.5984,-46.6455,58,26,14,21,32,22,41,28
2018-09-06,Hospital São Paulo,-23.5984,-46.6455,47,23,4,15,28,16,35,22
2018-09-07,Hospital São Paulo,-23.5984,-46.6455,35,17,65,12,26,15,32,17
2018-09-08,Hospital São Paulo,-23.5984,-46.6455,26,11,60,12,23,14,27,15
2018-09-09,Hospital São Paulo,-23.5984,-46.6455,15,1,51,12,18,12,21,11
2018-09-10,Hospital São Paulo,-23.5984,-46.6455,7,65,46,8,12,7,15,7
2018-09-11,Hospital São Paulo,-23.5984,-46.6455,86,63,42,8,9,5,9,5
2018-09-12,Hospital São Paulo,-23.5984,-46.6455,77,53,32,6,7,43,5,43
2018-09-13,Hospital São Paulo,-23.5984,-46.6455,69,47,26,43,3,37,43,38
2018-09-14,Hospital São Paulo,-23.5984,-46.6455,59,38,18,37,43,34,41,32
2018-09-15,Hospital São Paulo,-23.5984,-46.6455,49,29,13,35,37,28,37,28
2018-09-16,Hospital São Paulo,-23.5984,-46.6455,40,25,7,34,33,24,31,23
2018-09-17,Hospital São Paulo,-23.5984,-46.6455,27,22,65,28,28,24,25,17
2018-09-18,Hospital São Paulo,-23.5984,-46.6455,18,16,59,26,26,19,19,11
2018-09-19,Hospital São Paulo,-23.5984,-46.6455,10,13,50,25,21,18,15,7
2018-09-20,Hospital São Paulo,-23.5984,-46.6455,86,4,40,24,18,13,10,2
2018-09-21,Hospital São Paulo,-23.5984,-46.6455,75,65,34,19,16,9,8,43
2018-09-22,Hospital São Paulo,-23.5984,-46.6455,62,58,25,19,11,6,5,41
2018-09-23,Hospital São Paulo,-23.5984,-46.6455,54,49,17,18,5,43,43,38
2018-09-24,Hospital São Paulo,-23.5984,-46.6455,43,42,9,18,43,37,40,32
2018-09-25,Hospital São Paulo,-23.5984,-46.6455,36,33,65,13,41,36,35,28
2018-09-26,Hospital São Paulo,-23.5984,-46.6455,24,29,61,7,39,36,32,23
2018-09-27,Hospital São Paulo,-23.5984,-46.6455,11,25,52,7,35,35,29,17
2018-09-28,Hospital São Paulo,-23.5984,-46.6455,86,18,47,1,30,32,25,13
2018-09-29,Hospital São Paulo,-23.5984,-46.6455,79,12,40,43,25,26,22,9
2018-09-30,Hospital São Paulo,-23.5984,-46.6455,71,2,36,41,22,24,17,4
2018-10-01,Hospital São Paulo,-23.5984,-46.6455,64,65,32,41,18,20,13,43
2018-10-02,Hospital São Paulo,-23.5984,-46.6455,56,63,22,36,14,19,10,37
2018-10-03,Hospital São Paulo,-23.5984,-46.6455,49,54,12,32,8,16,7,31
2018-10-04,Hospital São Paulo,-23.5984,-46.6455,38,47,4,32,2,12,2,27
2018-10-05,Hospital São Paulo,-23.5984,-46.6455,27,40,65,30,43,7,43,21
2018-10-06,Hospital São Paulo,-23.5984,-46.6455,15,31,55,29,41,7,40,15
2018-10-07,Hospital São Paulo,-23.5984,-46.6455,8,23,46,24,35,6,34,13
2018-10-08,Hospital São Paulo,-23.5984,-46.6455,86,14,42,24,30,43,30,7
2018-10-09,Hospital São Paulo,-23.5984,-46.6455,78,11,33,23,27,43,25,3
2018-10-10,Hospital São Paulo,-23.5984,-46.6455,70,1,29,17,23,41,19,43
2018-10-11,Hospital São Paulo,-23.5984,-46.6455,57,65,22,14,18,35,17,39
2018-10-12,Hospital São Paulo,-23.5984,-46.6455,47,60,15,8,13,33,14,36
2018-10-13,Hospital São Paulo,-23.5984,-46.6455,36,58,6,6,10,29,11,30
2018-10-14,Hospital São Paulo,-23.5984,-46.6455,29,51,65,43,8,27,6,26
2018-10-15,Hospital São Paulo,-23.5984,-46.6455,18,43,61,38,2,26,43,22
2018-10-16,Hospital São Paulo,-23.5984,-46.6455,9,41,57,38,43,23,39,19
2018-10-17,Hospital São Paulo,-23.5984,-46.6455,86,35,48,34,38,17,33,17
2018-10-18,Hospital São Paulo,-23.5984,-46.6455,78,29,43,33,36,17,27,14
2018-10-19,Hospital São Paulo,-23.5984,-46.6455,66,21,39,32,33,16,24,10
2018-10-20,Hospital São Paulo,-23.5984,-46.6455,55,11,29,31,30,12,22,8
2018-10-21,Hospital São Paulo,-23.5984,-46.6455,43,6,25,30,25,9,17,3
2018-10-22,Hospital São Paulo,-23.5984,-46.6455,34,65,19,27,23,9,12,43
2018-10-23,Hospital São Paulo,-23.5984,-46.6455,24,62,13,21,17,4,10,39
2018-10-24,Hospital São Paulo,-23.5984,-46.6455,14,58,9,19,12,43,4,33
2018-10-25,Hospital São Paulo,-23.5984,-46.6455,6,51,65,13,7,37,43,28
2018-10-26,Hospital São Paulo,-23.5984,-46.6455,86,48,57,9,1,34,41,23
2018-10-27,Hospital São Paulo,-23.5984,-46.6455,79,41,51,7,43,30,36,19
2018-10-28,Hospital São Paulo,-23.5984,-46.6455,67,36,42,5,37,29,32,16
2018-10-29,Hospital São Paulo,-23.5984,-46.6455,56,33,33,43,34,28,30,13
2018-10-30,Hospital São Paulo,-23.5984,-46.6455,43,29,27,39,29,23,27,11
2018-11-01,Hospital São Paulo,-23.5984,-46.6455,32,24,18,33,24,19,24,5
2018-11-02,Hospital São Paulo,-23.5984,-46.6455,21,22,14,29,19,15,20,43
2018-11-03,Hospital São Paulo,-23.5984,-46.6455,11,16,6,25,15,11,17,41
2018-11-04,Hospital São Paulo,-23.5984,-46.6455,86,7,65,21,12,9,12,35
2018-11-05,Hospital São Paulo,-23.5984,-46.6455,74,65,57,16,10,8,6,29
2018-11-06,Hospital São Paulo,-23.5984,-46.6455,65,62,51,13,4,6,43,24
2018-11-07,Hospital São Paulo,-23.5984,-46.6455,58,57,41,9,43,43,39,19
2018-11-08,Hospital São Paulo,-23.5984,-46.6455,45,53,37,6,39,37,37,13
2018-11-09,Hospital São Paulo,-23.5984,-46.6455,38,43,28,43,35,33,31,8
2018-11-10,Hospital São Paulo,-23.5984,-46.6455,30,33,23,39,30,28,29,3
2018-11-11,Hospital São Paulo,-23.5984,-46.6455,22,26,18,36,26,25,24,43
2018-11-12,Hospital São Paulo,-23.5984,-46.6455,10,18,8,34,20,23,20,39
2018-11-13,Hospital São Paulo,-23.5984,-46.6455,86,14,65,34,15,18,16,36
2018-11-14,Hospital São Paulo,-23.5984,-46.6455,73,7,55,30,13,18,11,33
2018-11-15,Hospital São Paulo,-23.5984,-46.6455,60,65,51,29,11,15,6,31
2018-11-16,Hospital São Paulo,-23.5984,-46.6455,52,57,42,28,8,13,43,28
2018-11-17,Hospital São Paulo,-23.5984,-46.6455,40,51,35,27,4,13,39,24
2018-11-18,Hospital São Paulo,-23.5984,-46.6455,28,47,29,24,43,11,36,19
2018-11-19,Hospital São Paulo,-23.5984,-46.6455,19,43,20,19,38,8,31,15
2018-11-20,Hospital São Paulo,-23.5984,-46.6455,11,37,14,18,32,8,25,9
2018-11-21,Hospital São Paulo,-23.5984,-46.6455,86,34,5,12,30,8,22,5
2018-11-22,Hospital São Paulo,-23.5984,-46.6455,78,25,65,12,24,8,18,43
2018-11-23,Hospital São Paulo,-23.5984,-46.6455,66,19,55,6,18,5,15,40
2018-11-24,Hospital São Paulo,-23.5984,-46.6455,58,17,51,43,13,43,10,34
2018-11-25,Hospital São Paulo,-23.5984,-46.6455,47,9,42,39,7,39,4,31
2018-11-26,Hospital São Paulo,-23.5984,-46.6455,36,65,38,36,3,35,43,25
2018-11-27,Hospital São Paulo,-23.5984,-46.6455,27,56,28,34,43,31,39,19
2018-11-28,Hospital São Paulo,-23.5984,-46.6455,15,54,18,32,40,26,35,14
2018-11-29,Hospital São Paulo,-23.5984,-46.6455,6,46,8,32,36,25,31,8
2018-11-30,Hospital São Paulo,-23.5984,-46.6455,86,41,65,32,31,20,27,2
2018-12-01,Hospital São Paulo,-23.5984,-46.6455,76,39,61,27,26,20,23,43
2018-12-02,Hospital São Paulo,-23.5984,-46.6455,65,31,51,26,22,19,17,37
2018-12-03,Hospital São Paulo,-23.5984,-46.6455,56,28,44,26,20,19,13,32
2018-12-04,Hospital São Paulo,-23.5984,-46.6455,47,23,35,24,17,18,8,30
2018-12-05,Hospital São Paulo,-23.5984,-46.6455,34,21,26,24,13,16,4,28
2018-12-06,Hospital São Paulo,-23.5984,-46.6455,21,11,16,23,8,16,43,24
2018-12-07,Hospital São Paulo,-23.5984,-46.6455,11,1,10,20,2,12,37,18
2018-12-08,Hospital São Paulo,-23.5984,-46.6455,86,65,5,15,43,11,33,13
2018-12-09,Hospital São Paulo,-23.5984,-46.6455,76,57,65,15,37,10,28,9
2018-12-10,Hospital São Paulo,-23.5984,-46.6455,67,54,60,12,34,4,26,7
2018-12-11,Hospital São Paulo,-23.5984,-46.6455,57,49,51,6,29,43,22,4
2018-12-12,Hospital São Paulo,-23.5984,-46.6455,50,40,47,43,24,40,18,43
2018-12-13,Hospital São Paulo,-23.5984,-46.6455,42,36,43,42,21,39,15,38
2018-12-14,Hospital São Paulo,-23.5984,-46.6455,31,33,39,42,15,38,12,35
2018-12-15,Hospital São Paulo,-23.5984,-46.6455,24,26,30,38,11,32,8,33
2018-12-16,Hospital São Paulo,-23.5984,-46.6455,15,24,23,34,8,30,2,28
2018-12-17,Hospital São Paulo,-23.5984,-46.6455,2,20,14,30,6,25,43,26
2018-12-18,Hospital São Paulo,-23.5984,-46.6455,86,12,10,29,43,24,41,24
2018-12-19,Hospital São Paulo,-23.5984,-46.6455,74,2,3,27,41,21,38,21
2018-12-20,Hospital São Paulo,-23.5984,-46.6455,62,65,65,21,39,20,35,16
2018-12-21,Hospital São Paulo,-23.5984,-46.6455,49,57,56,16,33,14,33,11
2018-12-22,Hospital São Paulo,-23.5984,-46.6455,40,51,49,10,31,10,30,9
2018-12-23,Hospital São Paulo,-23.5984,-46.6455,33,47,40,10,28,10,27,4
2018-12-24,Hospital São Paulo,-23.5984,-46.6455,20,43,31,10,22,6,21,43
2018-12-25,Hospital São Paulo,-23.5984,-46.6455,8,39,23,5,19,43,18,38
2018-12-26,Hospital São Paulo,-23.5984,-46.6455,86,31,17,43,16,43,14,36
2018-12-27,Hospital São Paulo,-23.5984,-46.6455,75,26,7,39,10,41,9,31
2018-12-28,Hospital São Paulo,-23.5984,-46.6455,65,24,65,35,5,37,3,29
2018-12-29,Hospital São Paulo,-23.5984,-46.6455,56,19,59,35,43,31,43,24
2018-12-30,Hospital São Paulo,-23.5984,-46.6455,47,12,52,33,38,28,38,21
2019-01-01,Hospital São Paulo,-23.5984,-46.6455,34,9,43,32,35,26,33,17
2019-01-02,Hospital São Paulo,-23.5984,-46.6455,21,65,39,27,31,23,31,13
2019-01-03,Hospital São Paulo,-23.5984,-46.6455,14,59,34,25,26,21,27,10
2019-01-04,Hospital São Paulo,-23.5984,-46.6455,2,54,26,23,21,15,22,4
2019-01-05,Hospital São Paulo,-23.5984,-46.6455,86,48,18,17,18,14,17,43
2019-01-06,Hospital São Paulo,-23.5984,-46.6455,76,44,10,14,14,14,13,40
2019-01-07,Hospital São Paulo,-23.5984,-46.6455,67,37,3,14,11,8,10,37
2019-01-08,Hospital São Paulo,-23.5984,-46.6455,58,35,65,11,9,4,4,32
2019-01-09,Hospital São Paulo,-23.5984,-46.6455,51,32,60,7,6,43,43,27
2019-01-10,Hospital São Paulo,-23.5984,-46.6455,44,30,54,4,43,41,37,24
2019-01-11,Hospital São Paulo,-23.5984,-46.6455,33,27,46,43,37,39,33,18
2019-01-12,Hospital São Paulo,-23.5984,-46.6455,23,25,36,41,32,38,28,15
2019-01-13,Hospital São Paulo,-23.5984,-46.6455,12,16,29,37,26,36,25,10
2019-01-14,Hospital São Paulo,-23.5984,-46.6455,86,11,19,33,20,35,21,4
2019-01-15,Hospital São Paulo,-23.5984,-46.6455,74,9,14,32,17,29,18,43
2019-01-16,Hospital São Paulo,-23.5984,-46.6455,65,65,8,32,13,25,14,39
2019-01-17,Hospital São Paulo,-23.5984,-46.6455,52,59,65,29,9,20,8,34
2019-01-18,Hospital São Paulo,-23.5984,-46.6455,44,55,59,23,5,20,3,29
2019-01-19,Hospital São Paulo,-23.5984,-46.6455,32,53,51,22,43,15,43,26
2019-01-20,Hospital São Paulo,-23.5984,-46.6455,21,48,41,18,38,11,40,22
2019-01-21,Hospital São Paulo,-23.5984,-46.6455,8,39,31,16,36,6,36,20
2019-01-22,Hospital São Paulo,-23.5984,-46.6455,86,29,24,12,31,43,33,17
2019-01-23,Hospital São Paulo,-23.5984,-46.6455,73,26,20,6,28,43,30,14
2019-01-24,Hospital São Paulo,-23.5984,-46.6455,65,19,12,43,23,37,25,9
2019-01-25,Hospital São Paulo,-23.5984,-46.6455,52,9,7,41,21,31,20,6
2019-01-26,Hospital São Paulo,-23.5984,-46.6455,44,65,65,35,16,29,16,43
2019-01-27,Hospital São Paulo,-23.5984,-46.6455,32,56,56,34,10,28,11,40
2019-01-28,Hospital São Paulo,-23.5984,-46.6455,24,50,50,30,8,22,9,38
2019-01-29,Hospital São Paulo,-23.5984,-46.6455,12,44,40,25,2,16,4,35
2019-01-30,Hospital São Paulo,-23.5984,-46.6455,86,34,31,20,43,14,43,32
2019-02-01,Hospital São Paulo,-23.5984,-46.6455,76,26,21,15,39,8,38,30
2019-02-02,Hospital São Paulo,-23.5984,-46.6455,66,21,13,11,33,7,35,26
2019-02-03,Hospital São Paulo,-23.5984,-46.6455,53,12,8,11,27,4,32,20
2019-02-04,Hospital São Paulo,-23.5984,-46.6455,40,6,65,11,24,43,28,18
2019-02-05,Hospital São Paulo,-23.5984,-46.6455,33,65,60,11,18,41,23,16
2019-02-06,Hospital São Paulo,-23.5984,-46.6455,24,60,51,5,12,36,17,12
2019-02-07,Hospital São Paulo,-23.5984,-46.6455,16,58,46,43,6,33,11,10
2019-02-08,Hospital São Paulo,-23.5984,-46.6455,5,51,41,42,43,32,5,7
2019-02-09,Hospital São Paulo,-23.5984,-46.6455,86,44,33,37,41,31,43,3
2019-02-10,Hospital São Paulo,-23.5984,-46.6455,75,38,27,37,37,30,41,43
2019-02-11,Hospital São Paulo,-23.5984,-46.6455,66,30,18,37,35,29,38,37
2019-02-12,Hospital São Paulo,-23.5984,-46.6455,58,25,14,35,33,28,34,34
2019-02-13,Hospital São Paulo,-23.5984,-46.6455,51,20,10,34,31,25,30,30
2019-02-14,Hospital São Paulo,-23.5984,-46.6455,41,15,5,31,29,24,26,24
2019-02-15,Hospital São Paulo,-23.5984,-46.6455,33,11,65,27,27,24,23,19
2019-02-16,Hospital São Paulo,-23.5984,-46.6455,20,7,58,21,23,21,18,13
2019-02-17,Hospital São Paulo,-23.5984,-46.6455,11,65,53,17,18,16,12,10
2019-02-18,Hospital São Paulo,-23.5984,-46.6455,86,58,49,17,14,10,9,6
2019-02-19,Hospital São Paulo,-23.5984,-46.6455,77,50,43,14,11,6,6,43
2019-02-20,Hospital São Paulo,-23.5984,-46.6455,70,47,38,8,8,43,43,41
2019-02-21,Hospital São Paulo,-23.5984,-46.6455,58,40,34,2,3,43,38,36
2019-02-22,Hospital São Paulo,-23.5984,-46.6455,49,33,28,43,43,39,32,33
2019-02-23,Hospital São Paulo,-23.5984,-46.6455,41,31,18,43,39,33,27,31
2019-02-24,Hospital São Paulo,-23.5984,-46.6455,28,22,11,42,37,27,24,29
2019-02-25,Hospital São Paulo,-23.5984,-46.6455,16,13,4,38,35,23,20,23
2019-02-26,Hospital São Paulo,-23.5984,-46.6455,8,8,65,38,31,20,18,17
2019-02-27,Hospital São Paulo,-23.5984,-46.6455,86,65,56,34,27,15,13,15
2019-02-28,Hospital São Paulo,-23.5984,-46.6455,78,56,51,28,24,15,9,12
,Hospital São Paulo,-23.5984,-46.6455,69,53,42,26,20,10,4,9
,Hospital São Paulo,-23.5984,-46.6455,61,50,36,24,15,6,43,3
2019-03-01,Hospital São Paulo,-23.5984,-46.6455,53,46,29,19,11,43,40,43
2019-03-02,Hospital São Paulo,-23.5984,-46.6455,40,42,25,19,5,37,38,40
2019-03-03,Hospital São Paulo,-23.5984,-46.6455,32,32,18,13,43,36,34,35
2019-03-04,Hospital São Paulo,-23.5984,-46.6455,22,26,14,13,37,33,28,30
2019-03-05,Hospital São Paulo,-23.5984,-46.6455,9,23,9,8,34,29,26,24
2019-03-06,Hospital São Paulo,-23.5984,-46.6455,86,19,65,5,32,29,23,22
2019-03-07,Hospital São Paulo,-23.5984,-46.6455,79,12,57,43,28,24,20,16
2019-03-08,Hospital São Paulo,-23.5984,-46.6455,69,4,53,43,22,18,16,11
2019-03-09,Hospital São Paulo,-23.5984,-46.6455,57,65,45,38,18,15,14,6
2019-03-10,Hospital São Paulo,-23.5984,-46.6455,48,62,36,36,16,14,9,43
2019-03-11,Hospital São Paulo,-23.5984,-46.6455,36,57,28,31,14,13,3,39
2019-03-12,Hospital São Paulo,-23.5984,-46.6455,24,54,19,28,9,13,43,33
2019-03-13,Hospital São Paulo,-23.5984,-46.6455,16,44,12,26,5,13,40,27
2019-03-14,Hospital São Paulo,-23.5984,-46.6455,4,38,7,23,43,7,34,25
2019-03-15,Hospital São Paulo,-23.5984,-46.6455,86,36,65,17,39,5,29,20
2019-03-16,Hospital São Paulo,-23.5984,-46.6455,76,27,61,11,35,43,26,18
2019-03-17,Hospital São Paulo,-23.5984,-46.6455,68,20,55,9,33,39,22,16
2019-03-18,Hospital São Paulo,-23.5984,-46.6455,56,16,45,8,27,38,20,11
2019-03-19,Hospital São Paulo,-23.5984,-46.6455,43,12,35,4,22,32,18,7
2019-03-20,Hospital São Paulo,-23.5984,-46.6455,32,8,28,43,16,30,16,3
2019-03-21,Hospital São Paulo,-23.5984,-46.6455,20,65,22,39,10,25,12,43
2019-03-22,Hospital São Paulo,-23.5984,-46.6455,8,62,17,37,8,23,10,41
2019-03-23,Hospital São Paulo,-23.5984,-46.6455,86,54,9,35,3,23,6,36
2019-03-24,Hospital São Paulo,-23.5984,-46.6455,74,45,65,32,43,23,43,34
2019-03-25,Hospital São Paulo,-23.5984,-46.6455,65,35,58,27,37,18,37,31
2019-03-26,Hospital São Paulo,-23.5984,-46.6455,57,33,53,22,35,16,34,26
2019-03-27,Hospital São Paulo,-23.5984,-46.6455,49,26,48,22,30,16,31,21
2019-03-28,Hospital São Paulo,-23.5984,-46.6455,36,16,43,17,24,10,26,16
2019-03-29,Hospital São Paulo,-23.5984,-46.6455,23,6,39,17,19,6,20,14
2019-03-30,Hospital São Paulo,-23.5984,-46.6455,10,65,29,15,13,43,14,9
2019-04-01,Hospital São Paulo,-23.5984,-46.6455,86,62,21,13,11,43,11,5
2019-04-02,Hospital São Paulo,-23.5984,-46.6455,74,54,17,7,7,38,5,43
2019-04-03,Hospital São Paulo,-23.5984,-46.6455,66,45,10,7,2,33,43,41
2019-04-04,Hospital São Paulo,-23.5984,-46.6455,59,38,0,6,43,33,37,39
2019-04-05,Hospital São Paulo,-23.5984,-46.6455,50,29,65,43,37,29,33,34
2019-04-06,Hospital São Paulo,-23.5984,-46.6455,42,21,57,39,34,26,27,28
2019-04-07,Hospital São Paulo,-23.5984,-46.6455,31,17,50,36,32,26,21,23
2019-04-08,Hospital São Paulo,-23.5984,-46.6455,24,14,40,30,30,21,17,18
2019-04-09,Hospital São Paulo,-23.5984,-46.6455,12,5,36,30,27,20,13,16
2019-04-10,Hospital São Paulo,-23.5984,-46.6455,86,65,31,30,22,20,11,13
2019-04-11,Hospital São Paulo,-23.5984,-46.6455,78,62,25,27,20,15,5,8
2019-04-12,Hospital São Paulo,-23.5984,-46.6455,68,52,16,24,15,10,43,5
2019-04-13,Hospital São Paulo,-23.5984,-46.6455,57,48,11,21,11,8,40,43
2019-04-14,Hospital São Paulo,-23.5984,-46.6455,46,42,5,19,8,5,34,40
2019-04-15,Hospital São Paulo,-23.5984,-46.6455,37,33,65,17,4,43,28,35
2019-04-16,Hospital São Paulo,-23.5984,-46.6455,30,24,61,17,43,37,25,30
2019-04-17,Hospital São Paulo,-23.5984,-46.6455,21,17,55,13,37,31,23,27
2019-04-18,Hospital São Paulo,-23.5984,-46.6455,8,12,51,10,32,29,19,24
2019-04-19,Hospital São Paulo,-23.5984,-46.6455,86,7,42,5,29,23,17,18
2019-04-20,Hospital São Paulo,-23.5984,-46.6455,78,65,37,43,24,19,15,14
2019-04-21,Hospital São Paulo,-23.5984,-46.6455,65,59,28,38,22,16,9,10
2019-04-22,Hospital São Paulo,-23.5984,-46.6455,53,49,20,33,18,10,7,7
2019-04-23,Hospital São Paulo,-23.5984,-46.6455,43,46,12,27,12,7,1,3
2019-04-24,Hospital São Paulo,-23.5984,-46.6455,34,44,7,24,7,1,43,43
2019-04-25,Hospital São Paulo,-23.5984,-46.6455,25,39,65,20,5,43,41,38
2019-04-26,Hospital São Paulo,-23.5984,-46.6455,12,33,58,20,43,40,38,32
2019-04-27,Hospital São Paulo,-23.5984,-46.6455,86,26,49,16,37,38,32,27
2019-04-28,Hospital São Paulo,-23.5984,-46.6455,79,24,40,14,33,35,28,22
2019-04-29,Hospital São Paulo,-23.5984,-46.6455,66,19,33,8,30,31,25,16
2019-04-30,Hospital São Paulo,-23.5984,-46.6455,58,9,29,3,27,25,21,12
2019-05-01,Hospital São Paulo,-23.5984,-46.6455,45,65,23,43,22,21,16,7
2019-05-02,Hospital São Paulo,-23.5984,-46.6455,38,57,14,43,19,20,11,1
2019-05-03,Hospital São Paulo,-23.5984,-46.6455,28,49,7,41,17,17,6,43
2019-05-04,Hospital São Paulo,-23.5984,-46.6455,17,39,65,40,14,17,43,41
2019-05-05,Hospital São Paulo,-23.5984,-46.6455,4,29,60,36,8,15,38,39
2019-05-06,Hospital São Paulo,-23.5984,-46.6455,86,23,56,32,2,13,36,36
2019-05-07,Hospital São Paulo,-23.5984,-46.6455,77,13,49,30,43,10,30,32
2019-05-08,Hospital São Paulo,-23.5984,-46.6455,67,9,41,27,38,8,28,28
2019-05-09,Hospital São Paulo,-23.5984,-46.6455,58,65,33,25,33,3,22,22
2019-05-10,Hospital São Paulo,-23.5984,-46.6455,46,60,23,23,29,43,16,17
2019-05-11,Hospital São Paulo,-23.5984,-46.6455,36,51,13,23,26,43,14,15
2019-05-12,Hospital São Paulo,-23.5984,-46.6455,25,48,5,23,20,39,8,11
2019-05-13,Hospital São Paulo,-23.5984,-46.6455,18,38,65,18,18,35,6,6
2019-05-14,Hospital São Paulo,-23.5984,-46.6455,11,36,56,16,15,29,43,43
2019-05-15,Hospital São Paulo,-23.5984,-46.6455,86,26,46,12,13,25,41,40
2019-05-16,Hospital São Paulo,-23.5984,-46.6455,76,22,36,10,8,21,36,37
2019-05-17,Hospital São Paulo,-23.5984,-46.6455,67,17,28,10,2,17,34,35
2019-05-18,Hospital São Paulo,-23.5984,-46.6455,59,14,24,6,43,17,29,30
2019-05-19,Hospital São Paulo,-23.5984,-46.6455,50,9,18,43,38,11,27,26
2019-05-20,Hospital São Paulo,-23.5984,-46.6455,42,65,14,43,33,8,25,20
2019-05-21,Hospital São Paulo,-23.5984,-46.6455,34,62,5,38,31,7,23,14
2019-05-22,Hospital São Paulo,-23.5984,-46.6455,26,54,65,38,27,2,19,10
2019-05-23,Hospital São Paulo,-23.5984,-46.6455,14,47,59,35,23,43,17,6
2019-05-24,Hospital São Paulo,-23.5984,-46.6455,1,38,50,34,19,39,13,43
2019-05-25,Hospital São Paulo,-23.5984,-46.6455,86,30,46,32,17,34,11,40
2019-05-26,Hospital São Paulo,-23.5984,-46.6455,76,23,41,29,14,29,7,35
2019-05-27,Hospital São Paulo,-23.5984,-46.6455,64,13,33,26,9,23,3,31
2019-05-28,Hospital São Paulo,-23.5984,-46.6455,57,11,28,22,6,23,43,28
2019-05-29,Hospital São Paulo,-23.5984,-46.6455,45,5,21,17,43,18,37,25
2019-05-30,Hospital São Paulo,-23.5984,-46.6455,33,65,17,13,40,15,32,23
2019-06-01,Hospital São Paulo,-23.5984,-46.6455,21,59,12,12,38,9,26,18
2019-06-02,Hospital São Paulo,-23.5984,-46.6455,11,49,6,12,32,8,22,16
2019-06-03,Hospital São Paulo,-23.5984,-46.6455,86,43,65,9,27,8,20,13
2019-06-04,Hospital São Paulo,-23.5984,-46.6455,77,38,61,6,21,7,18,9
2019-06-05,Hospital São Paulo,-23.5984,-46.6455,69,28,53,43,19,2,14,3
2019-06-06,Hospital São Paulo,-23.5984,-46.6455,56,22,44,37,13,43,11,43
2019-06-07,Hospital São Paulo,-23.5984,-46.6455,46,13,38,36,7,42,7,37
2019-06-08,Hospital São Paulo,-23.5984,-46.6455,33,11,34,35,5,40,1,32
2019-06-09,Hospital São Paulo,-23.5984,-46.6455,21,2,30,30,43,39,43,26
2019-06-10,Hospital São Paulo,-23.5984,-46.6455,13,65,24,26,38,33,41,22
2019-06-11,Hospital São Paulo,-23.5984,-46.6455,4,63,16,20,36,29,37,16
2019-06-12,Hospital São Paulo,-23.5984,-46.6455,86,54,10,15,34,23,33,10
2019-06-13,Hospital São Paulo,-23.5984,-46.6455,79,49,5,15,31,18,29,6
2019-06-14,Hospital São Paulo,-23.5984,-46.6455,72,45,65,10,28,16,25,43
2019-06-15,Hospital São Paulo,-23.5984,-46.6455,65,43,56,4,24,10,22,39
2019-06-16,Hospital São Paulo,-23.5984,-46.6455,58,36,50,43,22,5,18,35
2019-06-17,Hospital São Paulo,-23.5984,-46.6455,48,26,41,40,16,43,16,31
2019-06-18,Hospital São Paulo,-23.5984,-46.6455,38,24,31,39,10,39,11,28
2019-06-19,Hospital São Paulo,-23.5984,-46.6455,31,21,21,33,8,37,7,24
2019-06-20,Hospital São Paulo,-23.5984,-46.6455,21,18,13,31,6,33,4,22
2019-06-21,Hospital São Paulo,-23.5984,-46.6455,8,12,9,30,43,29,43,17
2019-06-22,Hospital São Paulo,-23.5984,-46.6455,86,3,65,30,38,23,38,15
2019-06-23,Hospital São Paulo,-23.5984,-46.6455,76,65,58,27,35,18,33,12
2019-06-24,Hospital São Paulo,-23.5984,-46.6455,64,62,53,25,30,15,30,10
2019-06-25,Hospital São Paulo,-23.5984,-46.6455,56,60,44,23,26,13,25,8
2019-06-26,Hospital São Paulo,-23.5984,-46.6455,46,54,39,21,21,7,22,3
2019-06-27,Hospital São Paulo,-23.5984,-46.6455,37,52,30,21,19,3,18,43
2019-06-28,Hospital São Paulo,-23.5984,-46.6455,30,48,24,16,14,43,14,39
2019-06-29,Hospital São Paulo,-23.5984,-46.6455,21,38,18,10,9,38,8,35
2019-06-30,Hospital São Paulo,-23.5984,-46.6455,8,31,12,5,7,32,6,31
2019-07-01,Hospital São Paulo,-23.5984,-46.6455,86,28,4,43,4,26,43,26
2019-07-02,Hospital São Paulo,-23.5984,-46.6455,76,19,65,37,43,20,37,22
2019-07-03,Hospital São Paulo,-23.5984,-46.6455,64,17,58,31,41,14,34,18
2019-07-04,Hospital São Paulo,-23.5984,-46.6455,53,8,53,31,39,10,29,15
2019-07-05,Hospital São Paulo,-23.5984,-46.6455,40,65,49,30,37,8,25,13
2019-07-06,Hospital São Paulo,-23.5984,-46.6455,28,59,42,24,35,5,19,9
2019-07-07,Hospital São Paulo,-23.5984,-46.6455,20,51,36,18,33,43,15,6
2019-07-08,Hospital São Paulo,-23.5984,-46.6455,10,46,30,15,31,42,9,43
2019-07-09,Hospital São Paulo,-23.5984,-46.6455,86,42,22,12,25,41,4,39
2019-07-10,Hospital São Paulo,-23.5984,-46.6455,74,34,16,8,22,37,43,33
2019-07-11,Hospital São Paulo,-23.5984,-46.6455,64,27,8,8,17,36,40,31
2019-07-12,Hospital São Paulo,-23.5984,-46.6455,54,18,65,5,14,33,36,29
2019-07-13,Hospital São Paulo,-23.5984,-46.6455,43,11,55,43,11,31,31,23
2019-07-14,Hospital São Paulo,-23.5984,-46.6455,31,2,49,43,5,30,28,20
2019-07-15,Hospital São Paulo,-23.5984,-46.6455,23,65,42,40,43,30,22,18
2019-07-16,Hospital São Paulo,-23.5984,-46.6455,10,63,38,36,38,28,16,12
2019-07-17,Hospital São Paulo,-23.5984,-46.6455,86,61,34,30,32,26,10,8
2019-07-18,Hospital São Paulo,-23.5984,-46.6455,76,57,30,29,28,24,5,5
2019-07-19,Hospital São Paulo,-23.5984,-46.6455,66,54,23,28,26,22,43,43
2019-07-20,Hospital São Paulo,-23.5984,-46.6455,55,48,13,24,21,16,41,41
2019-07-21,Hospital São Paulo,-23.5984,-46.6455,46,44,6,19,18,16,39,37
2019-07-22,Hospital São Paulo,-23.5984,-46.6455,37,35,65,17,15,11,36,32
2019-07-23,Hospital São Paulo,-23.5984,-46.6455,28,30,56,11,13,11,30,26
2019-07-24,Hospital São Paulo,-23.5984,-46.6455,18,28,51,11,9,11,24,20
2019-07-25,Hospital São Paulo,-23.5984,-46.6455,8,24,41,8,6,7,21,17
2019-07-26,Hospital São Paulo,-23.5984,-46.6455,86,19,34,2,43,7,17,13
2019-07-27,Hospital São Paulo,-23.5984,-46.6455,74,9,29,43,38,7,15,10
2019-07-28,Hospital São Paulo,-23.5984,-46.6455,66,65,24,42,33,2,9,8
2019-07-29,Hospital São Paulo,-23.5984,-46.6455,53,60,16,38,27,43,3,6
2019-07-30,Hospital São Paulo,-23.5984,-46.6455,46,52,12,36,24,43,43,43
2019-08-01,Hospital São Paulo,-23.5984,-46.6455,39,48,7,30,19,43,39,41
2019-08-02,Hospital São Paulo,-23.5984,-46.6455,26,41,65,25,13,38,36,37
2019-08-03,Hospital São Paulo,-23.5984,-46.6455,14,31,60,23,9,38,31,32
2019-08-04,Hospital São Paulo,-23.5984,-46.6455,3,26,55,18,4,35,26,30
2019-08-05,Hospital São Paulo,-23.5984,-46.6455,86,23,50,17,43,33,20,28
2019-08-06,Hospital São Paulo,-23.5984,-46.6455,75,13,41,14,41,28,16,23
2019-08-07,Hospital São Paulo,-23.5984,-46.6455,63,11,33,14,39,25,13,18
2019-08-08,Hospital São Paulo,-23.5984,-46.6455,51,6,27,9,33,22,8,15
2019-08-09,Hospital São Paulo,-23.5984,-46.6455,43,65,19,5,27,16,4,10
2019-08-10,Hospital São Paulo,-23.5984,-46.6455,31,57,15,43,25,13,43,5
2019-08-11,Hospital São Paulo,-23.5984,-46.6455,23,54,11,39,23,13,37,43
2019-08-12,Hospital São Paulo,-23.5984,-46.6455,15,48,6,35,17,8,31,37
2019-08-13,Hospital São Paulo,-23.5984,-46.6455,3,44,65,31,11,6,25,32
2019-08-14,Hospital São Paulo,-23.5984,-46.6455,86,38,61,30,7,43,22,26
2019-08-15,Hospital São Paulo,-23.5984,-46.6455,77,28,56,29,5,42,20,22
2019-08-16,Hospital São Paulo,-23.5984,-46.6455,67,20,49,28,43,36,18,19
2019-08-17,Hospital São Paulo,-23.5984,-46.6455,54,13,41,24,39,35,14,14
2019-08-18,Hospital São Paulo,-23.5984,-46.6455,44,7,36,18,36,29,11,8
2019-08-19,Hospital São Paulo,-23.5984,-46.6455,34,65,28,17,33,27,6,2
2019-08-20,Hospital São Paulo,-23.5984,-46.6455,21,60,18,15,27,22,43,43
2019-08-21,Hospital São Paulo,-23.5984,-46.6455,9,56,13,14,21,17,37,37
2019-08-22,Hospital São Paulo,-23.5984,-46.6455,86,49,7,14,17,12,33,33
2019-08-23,Hospital São Paulo,-23.5984,-46.6455,74,41,65,8,14,7,27,27
