pretende_fazer_cursos_lit,interesse_mba_lit,importante_ter_certificado,horas_semanais_estudo,total_modulos,modulos_iniciados,modulos_finalizados,certificados,profissao_Advogado,profissao_Analista,profissao_Analista Senior,profissao_Assessor,profissao_Coordenador,profissao_Diretor,profissao_Engenheiro,profissao_Gerente,profissao_Outros,profissao_SEM EXPERIÊNCIA,profissao_Supervisor,profissao_Sócio/Dono/Proprietário,profissao_0,target
0,0,1,3,58,3,2,0,0,0,0,0,0,0,0,0,1,0,0,0,0,perfil6
1,1,1,7,62,19,17,0,0,0,0,0,0,0,0,0,0,1,0,0,0,perfil2
0,0,1,9,36,3,1,0,0,0,0,0,0,0,1,0,0,0,0,0,0,perfil6
1,1,1,9,145,61,54,1,0,0,0,0,0,0,0,0,1,0,0,0,0,perfil1
0,0,1,8,33,33,29,0,0,0,0,0,0,0,1,0,0,0,0,0,0,perfil2
0,0,1,3,29,13,11,0,0,0,0,0,0,0,0,0,0,1,0,0,0,perfil3
0,0,1,8,521,190,160,1,0,0,0,0,0,0,0,0,0,1,0,0,0,perfil1
0,0,1,4,10,10,10,0,0,0,0,0,0,1,0,0,0,0,0,0,0,perfil3
0,0,1,10,27,22,17,0,0,1,0,0,0,0,0,0,0,0,0,0,0,perfil2
1,1,1,7,10,8,6,0,0,0,0,0,0,0,0,0,0,1,0,0,0,perfil4
1,1,1,9,27,16,10,0,0,0,0,0,0,0,1,0,0,0,0,0,0,perfil3
0,0,1,7,79,33,31,1,0,0,1,0,0,0,0,0,0,0,0,0,0,perfil1
1,1,1,4,30,14,11,0,0,0,0,0,0,0,0,0,0,0,0,1,0,perfil3
0,0,1,8,29,25,25,0,0,0,0,0,0,0,0,0,0,1,0,0,0,perfil2
1,1,1,7,27,11,8,0,0,0,0,0,0,0,0,0,0,0,0,1,0,perfil4
1,1,1,2,61,9,4,0,0,0,0,0,0,0,0,1,0,0,0,0,0,perfil5
1,1,1,2,61,27,9,0,0,0,0,0,0,0,1,0,0,0,0,0,0,perfil4
1,1,1,4,23,23,23,0,0,0,0,0,0,0,0,0,0,0,1,0,0,perfil2
0,0,1,10,71,56,55,0,0,0,1,0,0,0,0,0,0,0,0,0,0,perfil2
0,0,1,5,33,4,1,0,1,0,0,0,0,0,0,0,0,0,0,0,0,perfil6
0,0,1,10,59,59,59,2,0,0,0,1,0,0,0,0,0,0,0,0,0,perfil1
1,1,1,6,13,13,12,0,0,0,0,0,1,0,0,0,0,0,0,0,0,perfil3
1,1,1,3,116,47,38,0,0,0,0,0,0,0,0,0,0,0,0,1,0,perfil2
0,0,1,5,29,10,8,0,0,0,0,0,0,1,0,0,0,0,0,0,0,perfil4
1,1,1,7,77,20,14,0,0,0,0,0,0,0,0,0,0,0,1,0,0,perfil2
0,0,1,5,194,99,82,0,0,0,0,0,0,1,0,0,0,0,0,0,0,perfil2
0,0,1,6,10,10,10,0,0,0,0,0,0,0,0,0,0,1,0,0,0,perfil3
1,1,1,7,77,22,14,0,0,0,0,0,1,0,0,0,0,0,0,0,0,perfil2
1,1,1,3,303,48,36,0,0,0,0,0,0,0,0,0,1,0,0,0,0,perfil2
1,1,1,2,51,8,5,0,0,0,0,1,0,0,0,0,0,0,0,0,0,perfil5
1,1,1,3,10,8,7,0,0,0,1,0,0,0,0,0,0,0,0,0,0,perfil4
1,1,1,6,77,29,24,0,0,0,0,0,1,0,0,0,0,0,0,0,0,perfil2
1,1,1,3,27,6,5,0,0,0,0,0,0,0,1,0,0,0,0,0,0,perfil5
1,1,1,3,65,9,3,0,0,0,0,1,0,0,0,0,0,0,0,0,0,perfil6
0,0,1,8,64,2,2,0,0,0,0,0,0,0,0,0,1,0,0,0,0,perfil6
1,1,1,6,40,18,17,0,0,0,0,0,0,0,0,0,1,0,0,0,0,perfil2
0,0,1,10,515,211,130,2,0,0,0,0,0,0,0,1,0,0,0,0,0,perfil1
1,1,1,8,31,31,31,0,0,0,0,0,0,1,0,0,0,0,0,0,0,perfil2
0,0,1,8,197,82,53,0,0,0,0,0,0,0,0,0,1,0,0,0,0,perfil2
0,0,1,9,40,35,30,0,0,0,1,0,0,0,0,0,0,0,0,0,0,perfil2
0,0,1,7,185,55,48,0,0,0,0,0,0,0,1,0,0,0,0,0,0,perfil2
1,1,1,5,25,7,6,0,0,0,0,0,0,0,0,0,1,0,0,0,0,perfil4
1,1,1,5,155,112,107,5,0,0,0,0,0,0,0,0,0,1,0,0,0,perfil1
0,0,1,2,22,5,1,0,0,0,0,0,0,0,1,0,0,0,0,0,0,perfil6
1,1,1,7,41,3,1,0,0,0,1,0,0,0,0,0,0,0,0,0,0,perfil6
1,1,1,2,67,11,7,0,0,0,0,0,0,0,0,0,0,1,0,0,0,perfil4
0,0,1,6,61,9,6,0,0,0,0,0,0,0,0,0,0,1,0,0,0,perfil4
1,1,1,2,40,7,4,0,0,1,0,0,0,0,0,0,0,0,0,0,0,perfil5
1,1,1,4,28,2,1,0,0,0,1,0,0,0,0,0,0,0,0,0,0,perfil6
0,0,1,9,70,15,8,0,0,0,0,0,0,0,0,0,0,1,0,0,0,perfil4
1,1,1,6,15,15,15,1,0,0,1,0,0,0,0,0,0,0,0,0,0,perfil1
1,1,1,2,54,5,2,0,0,0,0,0,0,0,1,0,0,0,0,0,0,perfil6
0,0,1,10,27,27,27,0,0,0,0,0,0,0,0,0,0,0,1,0,0,perfil2
1,1,1,6,64,33,16,0,0,0,0,0,1,0,0,0,0,0,0,0,0,perfil2
1,1,1,9,57,13,10,0,0,0,0,0,0,0,0,1,0,0,0,0,0,perfil3
1,1,1,7,115,112,111,3,1,0,0,0,0,0,0,0,0,0,0,0,0,perfil1
1,1,1,8,22,3,3,0,0,0,0,0,0,1,0,0,0,0,0,0,0,perfil6
1,1,1,3,21,15,11,0,1,0,0,0,0,0,0,0,0,0,0,0,0,perfil3
1,1,1,7,10,10,10,0,0,0,0,0,0,0,0,0,0,1,0,0,0,perfil3
0,0,1,6,37,10,7,0,0,0,0,0,0,0,0,1,0,0,0,0,0,perfil4
0,0,1,6,33,10,7,0,0,0,0,0,0,0,0,0,0,0,0,1,0,perfil4
0,0,1,3,125,26,19,0,1,0,0,0,0,0,0,0,0,0,0,0,0,perfil2
0,0,1,8,10,4,1,0,0,0,0,0,0,0,1,0,0,0,0,0,0,perfil6
0,0,1,3,116,41,34,1,0,0,0,0,0,0,0,0,0,1,0,0,0,perfil1
0,0,1,8,236,51,36,0,0,0,0,0,0,0,0,0,0,1,0,0,0,perfil2
1,1,1,5,36,26,17,0,0,0,0,0,0,0,0,0,0,1,0,0,0,perfil2
1,1,1,9,27,19,5,0,0,0,1,0,0,0,0,0,0,0,0,0,0,perfil5
0,0,1,5,49,48,48,2,0,0,0,0,0,0,0,0,1,0,0,0,0,perfil1
0,0,1,7,49,27,25,0,0,0,0,0,0,0,0,1,0,0,0,0,0,perfil2
0,0,1,2,9,9,7,0,0,0,0,0,0,0,1,0,0,0,0,0,0,perfil4
1,1,1,10,10,3,2,0,0,0,0,0,0,1,0,0,0,0,0,0,0,perfil6
1,1,1,3,58,9,8,0,0,0,0,0,0,0,1,0,0,0,0,0,0,perfil4
0,0,1,4,100,27,24,0,0,0,0,0,0,0,1,0,0,0,0,0,0,perfil2
1,1,1,10,106,42,38,0,1,0,0,0,0,0,0,0,0,0,0,0,0,perfil2
1,1,1,8,454,153,84,1,0,0,0,0,0,0,0,0,1,0,0,0,0,perfil1
0,0,1,6,11,3,2,0,0,0,0,0,0,0,0,0,0,0,0,1,0,perfil6
1,1,1,3,23,3,1,0,0,0,0,0,0,0,0,0,0,0,1,0,0,perfil6
1,1,1,3,10,3,1,0,0,0,0,1,0,0,0,0,0,0,0,0,0,perfil6
1,1,1,4,116,14,11,0,0,0,0,0,0,0,0,0,1,0,0,0,0,perfil3
0,0,1,6,32,6,2,0,1,0,0,0,0,0,0,0,0,0,0,0,0,perfil6
1,1,1,4,75,56,53,0,1,0,0,0,0,0,0,0,0,0,0,0,0,perfil2
1,1,1,3,64,46,42,0,0,0,0,0,0,0,1,0,0,0,0,0,0,perfil2
0,0,1,4,64,43,41,1,0,0,0,0,0,0,0,0,0,0,0,1,0,perfil1
0,0,1,8,85,20,13,0,0,1,0,0,0,0,0,0,0,0,0,0,0,perfil2
0,0,1,5,40,11,10,0,0,0,0,0,0,0,0,0,0,0,0,1,0,perfil3
0,0,1,7,40,3,1,0,0,0,0,0,1,0,0,0,0,0,0,0,0,perfil6
0,0,1,2,26,6,5,0,0,0,0,0,0,0,0,0,0,0,0,1,0,perfil5
0,0,1,9,56,22,16,0,0,0,0,0,0,0,0,1,0,0,0,0,0,perfil2
1,1,1,3,71,63,59,0,0,0,0,0,0,1,0,0,0,0,0,0,0,perfil2
0,0,1,6,66,8,3,0,0,0,0,0,1,0,0,0,0,0,0,0,0,perfil6
1,1,1,5,37,37,37,0,0,0,0,0,0,0,0,0,0,1,0,0,0,perfil2
1,1,1,10,348,132,114,3,0,0,0,0,0,0,0,0,0,1,0,0,0,perfil1
0,0,1,9,61,27,23,0,0,0,0,0,0,0,0,1,0,0,0,0,0,perfil2
1,1,1,2,10,2,1,0,0,0,0,0,0,1,0,0,0,0,0,0,0,perfil6
1,1,1,4,61,60,53,2,0,0,0,1,0,0,0,0,0,0,0,0,0,perfil1
1,1,1,10,77,11,10,0,0,1,0,0,0,0,0,0,0,0,0,0,0,perfil3
0,0,1,6,33,7,5,0,0,0,0,0,0,0,0,1,0,0,0,0,0,perfil5
1,1,1,3,10,5,3,0,0,0,0,0,0,0,0,0,0,0,1,0,0,perfil6
0,0,1,5,29,8,7,0,0,0,0,0,0,0,1,0,0,0,0,0,0,perfil4
0,0,1,7,27,13,9,0,0,0,0,0,0,1,0,0,0,0,0,0,0,perfil4
1,1,1,8,18,17,15,1,0,0,0,0,0,0,0,0,1,0,0,0,0,perfil1
1,1,1,6,104,14,9,0,0,0,0,0,0,0,0,1,0,0,0,0,0,perfil4
1,1,1,10,36,5,4,0,0,0,0,0,0,0,0,0,0,0,0,1,0,perfil5
1,1,1,6,45,17,13,0,0,0,0,0,1,0,0,0,0,0,0,0,0,perfil2
0,0,1,3,352,101,77,0,0,0,0,0,0,0,0,0,1,0,0,0,0,perfil2
1,1,1,3,54,50,49,0,0,0,0,0,0,0,0,0,1,0,0,0,0,perfil2
1,1,1,9,67,18,15,0,1,0,0,0,0,0,0,0,0,0,0,0,0,perfil2
1,1,1,5,181,10,4,0,0,0,1,0,0,0,0,0,0,0,0,0,0,perfil5
0,0,1,4,31,7,6,0,0,0,0,1,0,0,0,0,0,0,0,0,0,perfil4
1,1,1,5,68,37,34,0,0,0,0,0,1,0,0,0,0,0,0,0,0,perfil2
1,1,1,5,82,82,82,3,0,0,0,0,0,1,0,0,0,0,0,0,0,perfil1
0,0,1,9,27,27,27,1,0,0,0,0,0,0,1,0,0,0,0,0,0,perfil1
0,0,1,4,79,52,49,1,0,0,0,0,1,0,0,0,0,0,0,0,0,perfil1
1,1,1,5,36,5,3,0,0,0,0,0,0,1,0,0,0,0,0,0,0,perfil6
0,0,1,3,18,5,4,0,0,0,0,1,0,0,0,0,0,0,0,0,0,perfil5
1,1,1,9,10,5,3,0,1,0,0,0,0,0,0,0,0,0,0,0,0,perfil6
0,0,1,5,520,191,145,1,0,0,0,1,0,0,0,0,0,0,0,0,0,perfil1
0,0,1,7,50,42,29,0,0,0,1,0,0,0,0,0,0,0,0,0,0,perfil2
1,1,1,7,28,28,28,0,0,0,1,0,0,0,0,0,0,0,0,0,0,perfil2
1,1,1,7,123,11,4,0,0,0,0,0,0,0,1,0,0,0,0,0,0,perfil5
1,1,1,7,27,11,9,0,0,0,0,0,0,0,0,0,0,0,1,0,0,perfil4
0,0,1,3,29,3,1,0,0,0,0,1,0,0,0,0,0,0,0,0,0,perfil6
0,0,1,2,20,3,1,0,0,0,0,1,0,0,0,0,0,0,0,0,0,perfil6
0,0,1,5,27,21,16,0,0,0,0,0,0,0,0,0,1,0,0,0,0,perfil2
0,0,1,6,23,4,1,0,0,0,0,0,0,0,0,1,0,0,0,0,0,perfil6
1,1,1,6,30,8,7,0,0,0,0,0,0,0,1,0,0,0,0,0,0,perfil4
1,1,1,5,27,5,2,0,0,0,0,0,1,0,0,0,0,0,0,0,0,perfil6
0,0,1,8,33,3,1,0,0,1,0,0,0,0,0,0,0,0,0,0,0,perfil6
0,0,1,10,10,9,6,0,0,0,0,0,0,1,0,0,0,0,0,0,0,perfil4
0,0,1,4,58,58,58,0,0,0,0,0,0,1,0,0,0,0,0,0,0,perfil2
1,1,1,5,27,4,3,0,0,0,0,0,0,0,0,0,1,0,0,0,0,perfil6
1,1,1,8,60,7,3,0,0,0,0,0,0,1,0,0,0,0,0,0,0,perfil6
0,0,1,9,33,10,9,0,1,0,0,0,0,0,0,0,0,0,0,0,0,perfil4
0,0,1,6,33,3,1,0,0,0,0,0,0,1,0,0,0,0,0,0,0,perfil6
0,0,1,3,94,50,23,0,0,0,0,0,0,0,0,0,1,0,0,0,0,perfil2
0,0,1,6,10,2,1,0,0,0,0,0,0,0,0,0,0,1,0,0,0,perfil6
0,0,1,4,215,23,12,0,0,0,0,0,0,1,0,0,0,0,0,0,0,perfil3
1,1,1,8,37,7,4,0,0,0,0,0,0,1,0,0,0,0,0,0,0,perfil5
0,0,1,9,89,89,89,0,1,0,0,0,0,0,0,0,0,0,0,0,0,perfil2
1,1,1,5,10,3,1,0,0,0,0,0,0,0,0,0,0,1,0,0,0,perfil6
0,0,1,2,36,3,2,0,0,0,0,1,0,0,0,0,0,0,0,0,0,perfil6
1,1,1,6,122,44,40,1,0,0,0,0,0,1,0,0,0,0,0,0,0,perfil1
0,0,1,2,29,29,28,0,0,0,0,0,0,0,0,0,0,0,1,0,0,perfil2
1,1,1,2,148,19,9,0,0,0,0,0,0,0,0,0,0,0,0,1,0,perfil4
0,0,1,8,24,5,3,0,0,1,0,0,0,0,0,0,0,0,0,0,0,perfil6
0,0,1,9,29,23,19,0,1,0,0,0,0,0,0,0,0,0,0,0,0,perfil2
0,0,1,7,22,6,4,0,0,0,0,0,0,0,0,0,0,0,1,0,0,perfil5
0,0,1,5,62,14,7,0,0,0,1,0,0,0,0,0,0,0,0,0,0,perfil4
0,0,1,5,63,34,29,0,0,0,0,0,0,0,0,1,0,0,0,0,0,perfil2
0,0,1,6,81,45,33,0,0,0,0,0,1,0,0,0,0,0,0,0,0,perfil2
0,0,1,8,34,9,7,0,0,0,0,0,0,1,0,0,0,0,0,0,0,perfil4
0,0,1,10,27,26,25,0,0,0,0,1,0,0,0,0,0,0,0,0,0,perfil2
0,0,1,4,30,4,2,0,0,0,1,0,0,0,0,0,0,0,0,0,0,perfil6
0,0,1,7,130,77,74,0,0,0,0,1,0,0,0,0,0,0,0,0,0,perfil2
0,0,1,8,54,13,9,0,0,0,0,0,1,0,0,0,0,0,0,0,0,perfil4
0,0,1,4,29,5,1,0,0,0,0,1,0,0,0,0,0,0,0,0,0,perfil6
1,1,1,3,367,42,16,0,0,0,0,0,0,1,0,0,0,0,0,0,0,perfil2
0,0,1,8,105,45,35,0,0,0,0,0,1,0,0,0,0,0,0,0,0,perfil2
1,1,1,7,23,3,2,0,0,0,0,0,0,0,0,0,0,0,0,1,0,perfil6
1,1,1,5,10,10,9,0,0,0,0,0,0,0,1,0,0,0,0,0,0,perfil4
1,1,1,2,31,2,1,0,0,0,0,0,0,0,0,0,0,0,1,0,0,perfil6
1,1,1,7,33,11,8,0,0,0,0,0,0,0,0,1,0,0,0,0,0,perfil4
1,1,1,2,133,15,10,0,0,0,0,1,0,0,0,0,0,0,0,0,0,perfil3
0,0,1,6,31,2,1,0,0,0,0,0,1,0,0,0,0,0,0,0,0,perfil6
0,0,1,5,18,4,1,0,0,0,0,0,1,0,0,0,0,0,0,0,0,perfil6
0,0,1,3,45,4,2,0,0,0,0,0,0,0,0,0,1,0,0,0,0,perfil6
1,1,1,2,124,44,40,0,0,0,1,0,0,0,0,0,0,0,0,0,0,perfil2
1,1,1,9,100,99,99,3,0,0,0,0,1,0,0,0,0,0,0,0,0,perfil2
0,0,1,4,30,3,1,0,0,1,0,0,0,0,0,0,0,0,0,0,0,perfil6
1,1,1,4,71,7,3,0,0,0,0,0,0,0,0,0,1,0,0,0,0,perfil6
1,1,1,9,100,99,99,0,0,0,0,0,0,0,0,0,0,0,1,0,0,perfil2
0,0,1,2,88,38,37,0,0,0,0,1,0,0,0,0,0,0,0,0,0,perfil2
1,1,1,2,138,85,78,1,0,0,0,0,1,0,0,0,0,0,0,0,0,perfil1
1,1,1,8,27,5,3,0,0,0,0,0,0,1,0,0,0,0,0,0,0,perfil6
1,1,1,9,10,6,3,0,0,0,0,0,0,0,0,1,0,0,0,0,0,perfil6
1,1,1,3,27,10,8,0,0,0,0,0,0,0,0,0,0,0,0,1,0,perfil4
1,1,1,6,82,56,50,0,0,0,0,0,0,0,1,0,0,0,0,0,0,perfil2
0,0,1,4,11,3,1,0,1,0,0,0,0,0,0,0,0,0,0,0,0,perfil6
0,0,1,9,82,82,82,3,0,0,0,0,0,0,1,0,0,0,0,0,0,perfil1
0,0,1,6,31,31,31,0,0,0,1,0,0,0,0,0,0,0,0,0,0,perfil2
1,1,1,7,100,37,26,0,0,0,0,0,1,0,0,0,0,0,0,0,0,perfil2
0,0,1,3,54,48,46,1,0,0,0,0,1,0,0,0,0,0,0,0,0,perfil1
1,1,1,9,29,15,13,0,0,0,0,1,0,0,0,0,0,0,0,0,0,perfil2
1,1,1,10,152,117,116,1,0,0,0,0,0,0,0,0,0,0,1,0,0,perfil1
0,0,1,10,18,13,11,0,0,1,0,0,0,0,0,0,0,0,0,0,0,perfil3
0,0,1,5,30,4,2,0,0,0,0,0,0,0,0,0,0,0,0,1,0,perfil6
1,1,1,2,29,29,29,1,0,0,0,1,0,0,0,0,0,0,0,0,0,perfil1
1,1,1,3,40,11,7,0,1,0,0,0,0,0,0,0,0,0,0,0,0,perfil4
1,1,1,7,31,2,1,0,0,0,0,0,1,0,0,0,0,0,0,0,0,perfil6
0,0,1,2,61,54,53,3,0,1,0,0,0,0,0,0,0,0,0,0,0,perfil1
0,0,1,5,100,97,97,2,0,0,0,1,0,0,0,0,0,0,0,0,0,perfil1
1,1,1,6,10,4,2,0,0,0,0,0,0,0,0,0,0,1,0,0,0,perfil6
1,1,1,5,158,99,91,0,1,0,0,0,0,0,0,0,0,0,0,0,0,perfil2
1,1,1,3,55,28,20,0,0,0,0,0,0,1,0,0,0,0,0,0,0,perfil2
1,1,1,4,102,50,47,0,0,0,0,0,1,0,0,0,0,0,0,0,0,perfil2
0,0,1,8,77,23,18,1,0,0,0,0,0,0,0,1,0,0,0,0,0,perfil1
1,1,1,9,45,15,9,0,0,0,0,1,0,0,0,0,0,0,0,0,0,perfil4
0,0,1,6,128,72,69,0,0,0,0,0,0,0,0,0,0,0,0,1,0,perfil2
1,1,1,2,238,117,104,0,0,0,0,1,0,0,0,0,0,0,0,0,0,perfil2
1,1,1,5,10,8,6,0,0,0,0,0,0,0,0,0,1,0,0,0,0,perfil4
0,0,1,5,134,25,18,0,0,0,0,0,0,0,1,0,0,0,0,0,0,perfil2
0,0,1,5,164,87,84,1,0,0,0,0,0,0,0,0,0,0,0,1,0,perfil1
0,0,1,6,10,2,1,0,0,0,0,0,0,0,0,0,1,0,0,0,0,perfil6
1,1,1,10,10,4,1,0,0,0,0,0,0,0,0,0,0,0,1,0,0,perfil6
1,1,1,9,95,24,23,0,0,0,0,0,0,0,0,0,1,0,0,0,0,perfil2
1,1,1,8,114,36,26,0,0,0,0,1,0,0,0,0,0,0,0,0,0,perfil2
0,0,1,2,63,57,56,1,0,0,0,0,0,0,1,0,0,0,0,0,0,perfil1
0,0,1,10,100,99,99,3,0,0,0,0,0,0,0,0,1,0,0,0,0,perfil2
0,0,1,5,127,99,92,0,0,0,0,0,0,0,0,0,0,1,0,0,0,perfil2
0,0,1,8,10,5,2,0,0,0,0,0,0,0,0,0,0,1,0,0,0,perfil6
0,0,1,9,286,209,193,0,0,0,1,0,0,0,0,0,0,0,0,0,0,perfil2
1,1,1,2,53,53,53,0,0,0,1,0,0,0,0,0,0,0,0,0,0,perfil2
1,1,1,10,31,4,1,0,0,1,0,0,0,0,0,0,0,0,0,0,0,perfil6
0,0,1,6,40,11,10,0,0,1,0,0,0,0,0,0,0,0,0,0,0,perfil3
1,1,1,5,20,2,1,0,1,0,0,0,0,0,0,0,0,0,0,0,0,perfil6
0,0,1,4,49,35,35,1,0,0,0,0,0,0,0,0,1,0,0,0,0,perfil1
0,0,1,9,141,60,51,0,0,0,0,0,0,0,0,0,0,0,0,1,0,perfil2
1,1,1,10,10,9,8,0,0,0,0,0,0,0,0,0,1,0,0,0,0,perfil4
0,0,1,2,83,16,11,0,0,1,0,0,0,0,0,0,0,0,0,0,0,perfil3
0,0,1,2,10,4,1,0,0,0,0,0,0,0,0,0,0,0,0,1,0,perfil6
1,1,1,9,54,33,29,0,0,0,0,0,0,0,0,1,0,0,0,0,0,perfil2
1,1,1,8,33,9,7,0,0,0,0,0,0,0,0,1,0,0,0,0,0,perfil4
1,1,1,7,58,12,3,0,0,0,0,0,0,0,0,0,1,0,0,0,0,perfil6
1,1,1,10,10,5,4,0,0,0,0,0,0,0,0,0,0,0,0,1,0,perfil5
1,1,1,9,36,16,6,0,0,0,0,0,1,0,0,0,0,0,0,0,0,perfil4
1,1,1,10,60,14,6,0,0,0,0,0,0,0,0,0,0,0,1,0,0,perfil4
1,1,1,2,29,7,5,0,1,0,0,0,0,0,0,0,0,0,0,0,0,perfil5
1,1,1,5,10,3,1,0,0,0,1,0,0,0,0,0,0,0,0,0,0,perfil6
1,1,1,8,39,12,3,0,0,0,0,0,0,0,0,0,0,0,1,0,0,perfil6
0,0,1,8,10,3,2,0,0,0,1,0,0,0,0,0,0,0,0,0,0,perfil6
1,1,1,5,71,27,23,0,0,0,0,0,1,0,0,0,0,0,0,0,0,perfil2
1,1,1,6,59,8,4,0,0,0,0,0,0,1,0,0,0,0,0,0,0,perfil5
0,0,1,3,58,9,7,0,1,0,0,0,0,0,0,0,0,0,0,0,0,perfil4
0,0,1,7,48,5,2,0,1,0,0,0,0,0,0,0,0,0,0,0,0,perfil6
1,1,1,5,63,33,28,0,0,0,0,0,0,0,0,0,0,0,1,0,0,perfil2
0,0,1,2,256,71,41,0,0,0,0,0,0,0,0,0,0,0,1,0,0,perfil2
0,0,1,7,163,88,42,0,0,0,0,0,0,0,0,0,0,1,0,0,0,perfil2
1,1,1,4,54,41,40,0,0,0,0,0,0,0,0,0,0,0,0,1,0,perfil2
1,1,1,3,28,2,1,0,0,0,0,0,0,0,0,0,0,0,0,1,0,perfil6
1,1,1,5,6,1,1,0,0,0,0,0,0,0,0,0,0,1,0,0,0,perfil6
1,1,1,5,10,3,1,0,0,0,0,0,0,0,0,0,0,1,0,0,0,perfil6
1,1,1,4,74,14,9,0,0,1,0,0,0,0,0,0,0,0,0,0,0,perfil4
1,1,1,5,27,10,9,0,0,0,1,0,0,0,0,0,0,0,0,0,0,perfil4
1,1,1,7,33,4,2,0,0,0,0,0,0,0,0,0,1,0,0,0,0,perfil6
0,0,1,9,57,7,2,0,0,1,0,0,0,0,0,0,0,0,0,0,0,perfil6
1,1,1,3,277,172,148,6,0,0,0,0,0,0,0,0,0,0,0,1,0,perfil1
1,1,1,8,53,13,10,0,0,0,0,0,0,0,1,0,0,0,0,0,0,perfil3
0,0,1,4,714,585,562,3,0,0,0,0,0,0,1,0,0,0,0,0,0,perfil1
1,1,1,6,27,2,1,0,0,1,0,0,0,0,0,0,0,0,0,0,0,perfil6
0,0,1,2,196,195,195,6,0,0,0,0,0,0,0,1,0,0,0,0,0,perfil1
0,0,1,10,54,54,54,0,0,0,0,0,0,0,0,0,0,0,1,0,0,perfil2
0,0,1,7,18,2,1,0,0,0,0,0,0,1,0,0,0,0,0,0,0,perfil6
1,1,1,3,58,58,58,2,0,0,0,1,0,0,0,0,0,0,0,0,0,perfil1
0,0,1,10,35,19,16,0,0,0,0,0,0,0,1,0,0,0,0,0,0,perfil2
1,1,1,10,29,4,1,0,0,0,0,0,0,0,0,0,1,0,0,0,0,perfil6
0,0,1,6,10,5,2,0,0,0,0,0,0,1,0,0,0,0,0,0,0,perfil6
0,0,1,10,403,212,193,6,0,0,0,0,0,0,0,0,0,0,0,1,0,perfil6
1,1,1,4,134,20,10,0,0,0,0,0,0,0,0,1,0,0,0,0,0,perfil3
0,0,1,3,36,18,12,0,0,0,0,0,0,0,0,0,0,0,1,0,0,perfil3
0,0,1,8,52,37,36,0,0,0,0,0,0,0,0,0,0,0,0,1,0,perfil2
1,1,1,9,27,7,6,0,1,0,0,0,0,0,0,0,0,0,0,0,0,perfil4
1,1,1,8,317,317,317,8,0,0,0,0,0,0,1,0,0,0,0,0,0,perfil1
1,1,1,4,37,8,7,0,0,1,0,0,0,0,0,0,0,0,0,0,0,perfil4
0,0,1,2,30,4,1,0,0,0,1,0,0,0,0,0,0,0,0,0,0,perfil6
1,1,1,5,10,5,3,0,0,0,0,0,0,0,0,0,0,1,0,0,0,perfil6
0,0,1,4,33,20,19,0,0,0,0,0,0,0,1,0,0,0,0,0,0,perfil2
1,1,1,5,29,3,2,0,0,0,0,0,0,0,0,0,1,0,0,0,0,perfil6
0,0,1,9,10,10,10,1,0,0,0,0,0,0,0,0,1,0,0,0,0,perfil1
0,0,1,5,301,96,59,0,0,0,0,0,0,0,1,0,0,0,0,0,0,perfil2
1,1,1,10,21,18,15,1,0,0,0,0,0,0,0,0,1,0,0,0,0,perfil1
0,0,1,9,114,29,24,0,0,0,0,0,0,0,0,0,0,0,0,1,0,perfil2
0,0,1,4,27,7,3,0,0,0,0,0,0,1,0,0,0,0,0,0,0,perfil6
1,1,1,3,97,31,15,0,0,0,0,0,0,1,0,0,0,0,0,0,0,perfil2
0,0,1,2,19,16,13,0,0,0,0,0,0,1,0,0,0,0,0,0,0,perfil2
1,1,1,9,27,22,17,0,0,0,0,0,0,0,1,0,0,0,0,0,0,perfil2
1,1,1,9,40,39,39,0,0,0,0,0,0,0,0,0,0,0,1,0,0,perfil2
1,1,1,7,114,3,1,0,0,0,0,1,0,0,0,0,0,0,0,0,0,perfil2
0,0,1,4,91,38,27,0,0,0,0,0,0,0,0,0,0,0,1,0,0,perfil2
0,0,1,9,31,31,31,0,0,0,0,0,0,0,0,0,0,1,0,0,0,perfil2
1,1,1,2,28,21,20,0,0,0,0,1,0,0,0,0,0,0,0,0,0,perfil2
1,1,1,9,98,18,5,0,0,0,1,0,0,0,0,0,0,0,0,0,0,perfil5
1,1,1,8,218,88,70,0,0,0,0,0,0,0,1,0,0,0,0,0,0,perfil2
1,1,1,7,223,56,48,0,0,1,0,0,0,0,0,0,0,0,0,0,0,perfil2
0,0,1,4,21,12,8,0,0,0,0,0,0,0,0,0,0,0,0,1,0,perfil4
1,1,1,5,9,7,3,0,0,0,0,0,0,0,0,0,0,1,0,0,0,perfil6
1,1,1,9,20,3,2,0,0,0,0,0,0,0,0,0,0,0,0,1,0,perfil6
1,1,1,2,30,3,2,0,0,0,0,1,0,0,0,0,0,0,0,0,0,perfil6
1,1,1,4,22,3,1,0,0,0,0,0,0,0,0,1,0,0,0,0,0,perfil6
0,0,1,4,10,10,8,0,0,0,0,0,0,1,0,0,0,0,0,0,0,perfil4
0,0,1,4,45,6,3,0,0,1,0,0,0,0,0,0,0,0,0,0,0,perfil6
0,0,1,2,27,3,1,0,0,0,0,1,0,0,0,0,0,0,0,0,0,perfil6
0,0,1,6,31,3,1,0,0,0,0,0,0,0,0,0,0,0,0,1,0,perfil6
0,0,1,5,30,5,3,0,0,0,0,0,0,0,0,0,1,0,0,0,0,perfil6
1,1,1,10,732,161,90,0,0,0,0,0,0,0,0,0,0,1,0,0,0,perfil2
0,0,1,7,59,32,31,0,0,0,0,0,0,0,1,0,0,0,0,0,0,perfil2
1,1,1,3,52,46,44,4,0,0,0,0,0,0,0,0,0,0,0,1,0,perfil1
1,1,1,4,31,15,10,0,0,0,0,0,1,0,0,0,0,0,0,0,0,perfil3
0,0,1,5,286,265,246,0,0,0,0,0,0,0,0,0,0,0,0,1,0,perfil2
1,1,1,3,38,4,2,0,0,0,0,0,0,0,0,1,0,0,0,0,0,perfil6
1,1,1,6,30,3,1,0,0,0,0,1,0,0,0,0,0,0,0,0,0,perfil6
0,0,1,7,41,13,11,0,1,0,0,0,0,0,0,0,0,0,0,0,0,perfil3
0,0,1,2,56,56,55,0,1,0,0,0,0,0,0,0,0,0,0,0,0,perfil2
0,0,1,3,41,3,1,0,0,0,0,0,0,0,0,0,0,0,0,1,0,perfil6
1,1,1,8,10,10,10,1,0,0,0,0,0,0,1,0,0,0,0,0,0,perfil1
0,0,1,5,41,8,6,0,0,0,0,0,0,0,1,0,0,0,0,0,0,perfil4
0,0,1,8,38,6,1,0,0,1,0,0,0,0,0,0,0,0,0,0,0,perfil6
1,1,1,8,114,3,1,0,0,0,0,0,0,0,0,0,0,0,1,0,0,perfil6
1,1,1,4,69,55,53,0,1,0,0,0,0,0,0,0,0,0,0,0,0,perfil2
0,0,1,9,40,3,1,0,0,0,0,0,0,0,0,0,0,0,0,1,0,perfil6
0,0,1,5,100,18,11,0,0,0,0,0,0,0,1,0,0,0,0,0,0,perfil3
0,0,1,5,31,31,30,0,0,0,0,0,1,0,0,0,0,0,0,0,0,perfil2
1,1,1,6,27,25,22,0,0,0,0,0,0,0,0,0,0,0,1,0,0,perfil2
0,0,1,6,27,7,6,0,0,1,0,0,0,0,0,0,0,0,0,0,0,perfil4
1,1,1,9,45,43,38,0,0,0,0,0,0,0,1,0,0,0,0,0,0,perfil2
0,0,1,7,11,10,5,0,0,0,0,0,0,0,0,0,0,0,0,1,0,perfil5
1,1,1,2,29,4,3,0,0,0,0,0,0,0,0,0,1,0,0,0,0,perfil6
1,1,1,2,21,18,14,0,0,0,0,0,0,0,0,0,1,0,0,0,0,perfil2
1,1,1,10,40,34,32,0,1,0,0,0,0,0,0,0,0,0,0,0,0,perfil2
1,1,1,3,102,40,36,0,0,0,1,0,0,0,0,0,0,0,0,0,0,perfil2
0,0,1,4,29,2,1,0,0,0,1,0,0,0,0,0,0,0,0,0,0,perfil6
0,0,1,7,52,2,1,0,0,0,0,0,0,0,0,0,0,0,0,1,0,perfil6
1,1,1,4,69,56,55,0,0,0,0,0,0,0,0,0,1,0,0,0,0,perfil2
0,0,1,6,379,128,119,3,0,1,0,0,0,0,0,0,0,0,0,0,0,perfil1
1,1,1,8,31,6,2,0,0,0,0,0,0,1,0,0,0,0,0,0,0,perfil6
0,0,1,10,113,19,12,0,0,0,0,0,0,1,0,0,0,0,0,0,0,perfil3
1,1,1,4,51,19,15,0,0,0,0,0,0,0,0,1,0,0,0,0,0,perfil2
0,0,1,2,27,3,1,0,0,0,0,0,0,0,0,0,0,1,0,0,0,perfil6
0,0,1,5,10,5,3,0,0,0,0,0,1,0,0,0,0,0,0,0,0,perfil6
0,0,1,10,38,6,5,0,0,0,0,0,0,1,0,0,0,0,0,0,0,perfil5
0,0,1,6,27,5,1,0,0,0,0,0,0,0,0,0,0,0,0,1,0,perfil6
1,1,1,6,55,40,33,1,0,0,0,0,0,0,0,0,1,0,0,0,0,perfil1
1,1,1,5,54,11,7,0,0,0,0,0,0,0,0,0,0,0,1,0,0,perfil4
0,0,1,3,10,6,4,0,1,0,0,0,0,0,0,0,0,0,0,0,0,perfil5
0,0,1,8,31,31,27,0,0,0,0,0,0,0,0,0,0,0,1,0,0,perfil2
1,1,1,2,84,58,55,2,0,0,0,0,0,0,0,0,0,1,0,0,0,perfil1
0,0,1,2,96,16,6,0,0,0,0,0,0,0,0,0,1,0,0,0,0,perfil4
0,0,1,7,10,6,2,1,0,0,0,0,0,0,0,1,0,0,0,0,0,perfil1
0,0,1,6,30,3,1,0,0,0,0,1,0,0,0,0,0,0,0,0,0,perfil6
1,1,1,2,91,3,3,0,0,0,0,1,0,0,0,0,0,0,0,0,0,perfil6
0,0,1,4,31,20,13,1,0,0,0,0,0,0,0,0,1,0,0,0,0,perfil1
1,1,1,10,19,13,10,0,0,0,0,0,1,0,0,0,0,0,0,0,0,perfil3
1,1,1,5,22,8,6,0,0,0,0,1,0,0,0,0,0,0,0,0,0,perfil4
1,1,1,6,90,29,26,0,0,0,0,0,0,1,0,0,0,0,0,0,0,perfil2
1,1,1,9,27,16,13,0,0,0,0,0,0,0,0,0,0,0,1,0,0,perfil2
0,0,1,10,66,7,2,0,0,0,0,0,1,0,0,0,0,0,0,0,0,perfil6
1,1,1,5,41,25,20,0,0,0,0,0,0,0,0,0,0,0,0,1,0,perfil2
1,1,1,4,22,4,1,0,1,0,0,0,0,0,0,0,0,0,0,0,0,perfil6
1,1,1,6,57,4,2,0,0,0,0,0,0,1,0,0,0,0,0,0,0,perfil6
0,0,1,3,250,177,173,9,0,0,0,0,1,0,0,0,0,0,0,0,0,perfil1
1,1,1,8,95,20,10,0,0,0,0,0,1,0,0,0,0,0,0,0,0,perfil3
0,0,1,9,63,19,17,0,0,0,0,0,0,0,0,0,0,0,0,1,0,perfil2
1,1,1,3,40,39,39,0,0,0,0,0,0,0,0,0,0,0,1,0,0,perfil2
0,0,1,2,57,11,9,0,1,0,0,0,0,0,0,0,0,0,0,0,0,perfil4
1,1,1,9,61,8,2,0,0,0,0,0,0,0,0,0,0,1,0,0,0,perfil6
0,0,1,5,359,220,166,0,0,0,0,0,1,0,0,0,0,0,0,0,0,perfil2
1,1,1,4,99,81,77,0,0,0,0,0,0,0,1,0,0,0,0,0,0,perfil2
0,0,1,8,176,55,46,0,0,0,1,0,0,0,0,0,0,0,0,0,0,perfil2
1,1,1,8,31,3,1,0,0,0,0,0,0,0,0,0,0,0,1,0,0,perfil6
0,0,1,9,40,11,4,0,0,0,0,0,0,0,1,0,0,0,0,0,0,perfil5
0,0,1,4,63,58,57,0,0,0,0,0,0,0,1,0,0,0,0,0,0,perfil2
0,0,1,9,58,34,32,0,0,1,0,0,0,0,0,0,0,0,0,0,0,perfil2
1,1,1,3,27,6,5,0,1,0,0,0,0,0,0,0,0,0,0,0,0,perfil5
0,0,1,6,10,10,10,0,0,0,0,0,0,0,0,0,0,1,0,0,0,perfil3
1,1,1,3,95,75,70,2,0,0,0,0,0,1,0,0,0,0,0,0,0,perfil1
1,1,1,6,230,82,51,0,0,0,1,0,0,0,0,0,0,0,0,0,0,perfil2
0,0,1,7,5,3,1,0,0,0,0,0,0,0,0,0,0,0,1,0,0,perfil6
1,1,1,10,10,8,6,0,0,0,0,0,0,0,0,0,0,0,1,0,0,perfil4
1,1,1,2,114,60,51,0,0,0,0,0,0,0,0,1,0,0,0,0,0,perfil2
1,1,1,3,31,9,6,0,0,0,1,0,0,0,0,0,0,0,0,0,0,perfil4
1,1,1,3,27,4,2,0,0,0,1,0,0,0,0,0,0,0,0,0,0,perfil6
0,0,1,4,54,26,23,0,0,1,0,0,0,0,0,0,0,0,0,0,0,perfil2
1,1,1,7,29,3,1,0,0,0,1,0,0,0,0,0,0,0,0,0,0,perfil6
0,0,1,10,145,74,67,1,0,0,0,0,0,0,0,0,0,0,0,1,0,perfil1
1,1,1,3,128,7,2,0,0,1,0,0,0,0,0,0,0,0,0,0,0,perfil6
1,1,1,5,27,2,1,0,0,0,0,0,0,0,0,0,0,1,0,0,0,perfil6
1,1,1,8,68,9,4,0,0,0,0,0,0,0,0,0,0,0,1,0,0,perfil5
1,1,1,2,31,5,3,0,0,0,0,0,0,1,0,0,0,0,0,0,0,perfil6
0,0,1,4,159,52,44,0,0,0,0,0,0,0,0,0,0,0,0,1,0,perfil2
0,0,1,9,29,17,15,0,0,0,0,0,0,0,0,1,0,0,0,0,0,perfil2
1,1,1,3,299,170,159,0,0,0,0,0,0,0,0,1,0,0,0,0,0,perfil2
0,0,1,7,33,3,1,0,0,0,0,1,0,0,0,0,0,0,0,0,0,perfil6
1,1,1,2,29,12,7,0,0,0,0,0,0,0,0,0,0,1,0,0,0,perfil4
0,0,1,7,27,10,5,0,1,0,0,0,0,0,0,0,0,0,0,0,0,perfil5
0,0,1,10,25,7,5,0,0,0,0,0,1,0,0,0,0,0,0,0,0,perfil5
1,1,1,4,22,16,14,0,0,1,0,0,0,0,0,0,0,0,0,0,0,perfil2
0,0,1,6,37,6,2,0,1,0,0,0,0,0,0,0,0,0,0,0,0,perfil6
1,1,1,5,181,21,5,0,0,0,0,1,0,0,0,0,0,0,0,0,0,perfil5
0,0,1,6,71,23,9,0,0,0,1,0,0,0,0,0,0,0,0,0,0,perfil4
0,0,1,9,125,81,77,0,1,0,0,0,0,0,0,0,0,0,0,0,0,perfil2
0,0,1,4,27,27,27,0,0,0,0,0,0,0,0,0,1,0,0,0,0,perfil2
1,1,1,10,29,8,7,0,0,0,0,0,0,0,0,0,0,0,0,1,0,perfil4
0,0,1,8,313,104,65,0,0,0,0,0,0,0,0,0,0,0,1,0,0,perfil2
1,1,1,8,10,3,2,0,0,0,0,0,0,0,0,0,0,0,1,0,0,perfil6
0,0,1,6,22,2,1,0,0,0,0,0,0,0,0,0,1,0,0,0,0,perfil6
1,1,1,5,37,37,37,0,1,0,0,0,0,0,0,0,0,0,0,0,0,perfil2
1,1,1,5,10,6,5,0,0,0,0,0,0,0,0,0,1,0,0,0,0,perfil5
1,1,1,6,91,90,88,4,1,0,0,0,0,0,0,0,0,0,0,0,0,perfil1
0,0,1,9,109,41,23,0,0,0,0,0,0,0,0,1,0,0,0,0,0,perfil3
0,0,1,7,54,17,14,0,0,0,0,0,0,0,1,0,0,0,0,0,0,perfil2
0,0,1,9,67,50,49,0,0,0,1,0,0,0,0,0,0,0,0,0,0,perfil2
0,0,1,8,10,10,9,0,0,0,1,0,0,0,0,0,0,0,0,0,0,perfil4
1,1,1,4,86,26,11,0,0,0,0,0,0,1,0,0,0,0,0,0,0,perfil3
1,1,1,5,30,6,3,0,0,0,0,0,1,0,0,0,0,0,0,0,0,perfil6
0,0,1,2,87,36,29,0,0,1,0,0,0,0,0,0,0,0,0,0,0,perfil2
0,0,1,9,10,7,4,0,0,0,0,1,0,0,0,0,0,0,0,0,0,perfil5
1,1,1,9,45,5,2,0,1,0,0,0,0,0,0,0,0,0,0,0,0,perfil6
1,1,1,4,36,8,3,0,0,0,0,0,0,0,0,0,0,0,0,1,0,perfil6
0,0,1,4,82,82,82,3,0,0,0,0,0,0,0,1,0,0,0,0,0,perfil1
1,1,1,4,31,12,1,0,0,0,0,1,0,0,0,0,0,0,0,0,0,perfil4
0,0,1,5,44,10,2,0,0,1,0,0,0,0,0,0,0,0,0,0,0,perfil6
0,0,1,5,185,58,39,0,1,0,0,0,0,0,0,0,0,0,0,0,0,perfil2
1,1,1,6,100,99,99,0,0,0,0,1,0,0,0,0,0,0,0,0,0,perfil2
1,1,1,5,373,141,102,0,0,0,0,0,0,0,1,0,0,0,0,0,0,perfil2
1,1,1,6,46,38,37,2,0,0,0,0,0,0,0,0,0,0,1,0,0,perfil1
1,1,1,2,61,23,18,0,0,0,0,1,0,0,0,0,0,0,0,0,0,perfil2
0,0,1,7,29,29,29,0,0,0,0,0,0,0,0,1,0,0,0,0,0,perfil2
1,1,1,7,36,10,8,0,0,0,0,0,0,0,1,0,0,0,0,0,0,perfil4
1,1,1,3,33,9,8,0,1,0,0,0,0,0,0,0,0,0,0,0,0,perfil4
0,0,1,9,31,4,3,0,0,1,0,0,0,0,0,0,0,0,0,0,0,perfil6
0,0,1,3,74,49,47,1,0,0,1,0,0,0,0,0,0,0,0,0,0,perfil1
1,1,1,2,159,159,158,10,0,0,1,0,0,0,0,0,0,0,0,0,0,perfil1
1,1,1,3,100,62,59,0,0,0,0,0,0,1,0,0,0,0,0,0,0,perfil2
0,0,1,10,164,34,29,1,0,0,0,0,0,0,1,0,0,0,0,0,0,perfil1
0,0,1,10,959,235,169,2,1,0,0,0,0,0,0,0,0,0,0,0,0,perfil1
1,1,1,4,27,4,1,0,0,0,0,0,0,0,0,1,0,0,0,0,0,perfil6
1,1,1,3,27,9,5,0,0,0,0,0,0,0,0,0,0,0,1,0,0,perfil5
1,1,1,5,50,5,3,0,0,0,0,0,0,0,1,0,0,0,0,0,0,perfil6
1,1,1,7,10,10,10,0,0,0,0,1,0,0,0,0,0,0,0,0,0,perfil3
0,0,1,7,56,24,24,0,1,0,0,0,0,0,0,0,0,0,0,0,0,perfil2
0,0,1,8,62,39,36,0,0,0,0,1,0,0,0,0,0,0,0,0,0,perfil2
0,0,1,6,33,27,23,0,0,1,0,0,0,0,0,0,0,0,0,0,0,perfil2
1,1,1,7,60,11,8,0,0,0,0,1,0,0,0,0,0,0,0,0,0,perfil4
0,0,1,9,31,5,2,0,0,0,0,0,0,0,0,1,0,0,0,0,0,perfil6
0,0,1,5,28,4,2,0,0,0,0,0,1,0,0,0,0,0,0,0,0,perfil6
0,0,1,6,63,33,30,0,0,0,0,0,0,0,1,0,0,0,0,0,0,perfil2
1,1,1,3,203,74,55,1,0,0,0,0,0,0,0,1,0,0,0,0,0,perfil1
1,1,1,2,29,3,2,0,0,1,0,0,0,0,0,0,0,0,0,0,0,perfil6
0,0,1,5,38,4,1,0,0,0,0,0,1,0,0,0,0,0,0,0,0,perfil6
0,0,1,2,197,45,20,0,0,0,0,0,0,0,0,1,0,0,0,0,0,perfil2
0,0,1,10,10,10,10,0,0,0,0,0,0,0,0,0,0,0,0,1,0,perfil3
0,0,1,5,68,6,3,0,0,1,0,0,0,0,0,0,0,0,0,0,0,perfil6
0,0,1,3,38,26,18,0,0,0,0,0,0,0,0,0,1,0,0,0,0,perfil2
0,0,1,6,211,206,204,0,0,0,0,0,0,0,0,0,1,0,0,0,0,perfil2
1,1,1,10,54,15,11,0,0,0,0,0,0,1,0,0,0,0,0,0,0,perfil3
1,1,1,3,1044,395,294,4,0,0,0,0,1,0,0,0,0,0,0,0,0,perfil1
1,1,1,6,21,9,3,0,0,0,0,0,1,0,0,0,0,0,0,0,0,perfil6
0,0,1,5,55,51,49,0,0,0,0,0,0,1,0,0,0,0,0,0,0,perfil2
1,1,1,8,77,23,10,0,0,0,0,0,0,0,1,0,0,0,0,0,0,perfil3
0,0,1,7,10,2,1,0,0,1,0,0,0,0,0,0,0,0,0,0,0,perfil6
0,0,1,2,21,17,14,1,0,0,0,0,0,0,0,0,1,0,0,0,0,perfil1
0,0,1,3,10,10,7,0,0,1,0,0,0,0,0,0,0,0,0,0,0,perfil4
0,0,1,6,217,50,27,0,0,0,0,0,0,0,0,1,0,0,0,0,0,perfil2
1,1,1,5,26,5,3,0,0,1,0,0,0,0,0,0,0,0,0,0,0,perfil6
0,0,1,5,112,26,20,1,0,0,1,0,0,0,0,0,0,0,0,0,0,perfil1
1,1,1,5,130,86,79,0,0,1,0,0,0,0,0,0,0,0,0,0,0,perfil2
1,1,1,10,124,19,9,0,0,0,0,1,0,0,0,0,0,0,0,0,0,perfil4
0,0,1,2,20,5,4,0,0,0,1,0,0,0,0,0,0,0,0,0,0,perfil5
1,1,1,10,16,4,3,0,1,0,0,0,0,0,0,0,0,0,0,0,0,perfil6
0,0,1,5,137,112,110,4,0,0,0,0,1,0,0,0,0,0,0,0,0,perfil1
0,0,1,9,113,86,81,2,0,0,0,0,0,1,0,0,0,0,0,0,0,perfil1
1,1,1,8,10,9,8,0,0,1,0,0,0,0,0,0,0,0,0,0,0,perfil4
1,1,1,9,10,4,2,0,0,0,0,0,0,0,0,0,0,0,0,1,0,perfil6
0,0,1,4,21,15,9,0,0,0,0,1,0,0,0,0,0,0,0,0,0,perfil4
1,1,1,8,10,10,9,0,0,0,0,0,0,0,0,0,0,0,1,0,0,perfil4
1,1,1,4,27,5,3,0,0,0,0,0,0,0,0,0,0,0,0,1,0,perfil6
0,0,1,6,30,23,18,1,0,0,0,0,0,0,0,0,0,0,0,1,0,perfil1
0,0,1,9,20,5,4,0,0,0,0,0,0,0,0,0,0,0,1,0,0,perfil5
0,0,1,6,31,3,1,0,0,1,0,0,0,0,0,0,0,0,0,0,0,perfil6
1,1,1,9,115,67,61,0,0,0,0,0,0,0,0,0,0,0,1,0,0,perfil2
0,0,1,3,31,5,2,0,0,0,0,0,0,0,0,0,0,0,1,0,0,perfil6
1,1,1,7,21,14,11,0,0,0,0,0,0,0,0,0,0,0,1,0,0,perfil3
0,0,1,6,33,8,7,0,0,0,0,0,0,0,1,0,0,0,0,0,0,perfil4
1,1,1,6,100,99,99,3,0,0,0,0,0,0,0,0,0,0,1,0,0,perfil1
0,0,1,7,21,19,16,0,0,0,1,0,0,0,0,0,0,0,0,0,0,perfil2
1,1,1,9,68,27,21,0,0,0,0,0,0,0,1,0,0,0,0,0,0,perfil2
0,0,1,9,31,2,1,0,0,0,0,0,0,0,0,0,0,0,0,1,0,perfil6
1,1,1,6,48,6,2,0,0,0,0,0,0,0,0,0,1,0,0,0,0,perfil6
1,1,1,2,31,31,29,0,0,0,0,1,0,0,0,0,0,0,0,0,0,perfil2
0,0,1,8,26,8,7,0,0,0,0,0,0,0,0,0,1,0,0,0,0,perfil4
1,1,1,7,236,56,42,0,0,0,0,0,0,0,1,0,0,0,0,0,0,perfil2
0,0,1,5,26,4,1,0,0,0,0,0,0,0,0,0,1,0,0,0,0,perfil6
0,0,1,6,28,3,1,0,1,0,0,0,0,0,0,0,0,0,0,0,0,perfil6
1,1,1,9,52,20,17,0,0,0,0,0,0,0,1,0,0,0,0,0,0,perfil2
1,1,1,5,31,2,1,0,0,0,0,0,0,0,0,0,0,1,0,0,0,perfil6
0,0,1,7,30,3,1,0,0,0,0,1,0,0,0,0,0,0,0,0,0,perfil6
0,0,1,7,33,10,6,0,0,0,1,0,0,0,0,0,0,0,0,0,0,perfil4
1,1,1,8,10,4,1,0,0,0,0,0,0,0,0,0,0,1,0,0,0,perfil6
0,0,1,10,11,5,2,0,1,0,0,0,0,0,0,0,0,0,0,0,0,perfil6
1,1,1,8,79,43,41,1,1,0,0,0,0,0,0,0,0,0,0,0,0,perfil1
1,1,1,7,98,66,61,0,0,0,0,0,1,0,0,0,0,0,0,0,0,perfil2
1,1,1,3,115,65,61,0,0,0,0,1,0,0,0,0,0,0,0,0,0,perfil2
0,0,1,3,58,31,28,0,0,0,0,0,0,1,0,0,0,0,0,0,0,perfil2
1,1,1,10,297,189,169,0,0,0,0,1,0,0,0,0,0,0,0,0,0,perfil2
1,1,1,8,9,2,1,0,0,0,0,0,0,0,1,0,0,0,0,0,0,perfil6
1,1,1,3,218,160,154,5,1,0,0,0,0,0,0,0,0,0,0,0,0,perfil1
1,1,1,4,32,6,3,0,0,0,0,0,1,0,0,0,0,0,0,0,0,perfil6
0,0,1,2,27,6,5,0,0,0,0,0,0,0,0,1,0,0,0,0,0,perfil5
1,1,1,3,8,8,8,0,0,0,0,0,0,0,0,1,0,0,0,0,0,perfil4
1,1,1,8,35,5,3,0,0,0,0,0,0,0,0,0,1,0,0,0,0,perfil6
1,1,1,10,10,4,2,0,0,0,0,0,1,0,0,0,0,0,0,0,0,perfil6
1,1,1,10,136,101,100,3,1,0,0,0,0,0,0,0,0,0,0,0,0,perfil1
1,1,1,3,209,49,40,0,0,0,0,0,0,0,0,0,0,0,0,1,0,perfil2
0,0,1,5,18,14,14,0,1,0,0,0,0,0,0,0,0,0,0,0,0,perfil2
0,0,1,4,27,24,23,0,0,0,1,0,0,0,0,0,0,0,0,0,0,perfil2
0,0,1,8,185,136,94,0,0,0,1,0,0,0,0,0,0,0,0,0,0,perfil2
0,0,1,2,412,399,361,14,1,0,0,0,0,0,0,0,0,0,0,0,0,perfil2
1,1,1,3,21,8,2,0,0,0,0,1,0,0,0,0,0,0,0,0,0,perfil6
0,0,1,6,99,62,61,0,0,0,0,0,0,0,0,0,0,0,0,1,0,perfil2
0,0,1,7,100,99,99,0,0,0,0,0,0,0,0,0,0,0,1,0,0,perfil2
0,0,1,3,27,27,27,0,0,0,0,0,0,0,0,0,0,0,0,1,0,perfil2
1,1,1,7,27,26,25,0,0,0,0,0,0,0,0,0,0,0,1,0,0,perfil2
0,0,1,3,61,15,12,0,0,0,0,0,0,0,0,0,1,0,0,0,0,perfil3
1,1,1,10,64,7,4,0,0,1,0,0,0,0,0,0,0,0,0,0,0,perfil5
1,1,1,7,14,8,2,0,0,0,0,0,0,0,0,0,0,1,0,0,0,perfil6
0,0,1,6,10,5,2,0,0,0,0,1,0,0,0,0,0,0,0,0,0,perfil6
1,1,1,2,40,19,16,0,0,0,1,0,0,0,0,0,0,0,0,0,0,perfil2
0,0,1,2,60,33,32,0,0,0,0,0,1,0,0,0,0,0,0,0,0,perfil2
0,0,1,7,94,51,34,0,0,0,0,0,0,0,0,0,1,0,0,0,0,perfil2
0,0,1,7,68,47,44,1,0,0,0,0,0,0,0,1,0,0,0,0,0,perfil1
1,1,1,3,21,5,3,0,0,0,0,1,0,0,0,0,0,0,0,0,0,perfil6
1,1,1,3,10,5,2,0,0,0,0,0,0,0,0,0,0,1,0,0,0,perfil6
0,0,1,4,64,7,2,0,0,0,0,0,0,0,0,0,0,1,0,0,0,perfil6
0,0,1,5,82,78,68,3,0,0,0,0,0,0,1,0,0,0,0,0,0,perfil1
1,1,1,2,29,4,1,0,0,0,1,0,0,0,0,0,0,0,0,0,0,perfil6
1,1,1,3,115,61,42,0,0,0,1,0,0,0,0,0,0,0,0,0,0,perfil2
1,1,1,5,31,2,1,0,0,1,0,0,0,0,0,0,0,0,0,0,0,perfil6
0,0,1,10,298,149,126,1,0,0,0,0,0,1,0,0,0,0,0,0,0,perfil1
1,1,1,5,111,30,25,1,0,0,0,0,0,0,0,1,0,0,0,0,0,perfil1
0,0,1,9,89,26,14,0,1,0,0,0,0,0,0,0,0,0,0,0,0,perfil2
1,1,1,5,103,75,64,0,0,0,0,0,0,0,0,0,0,1,0,0,0,perfil2
0,0,1,6,38,9,5,0,1,0,0,0,0,0,0,0,0,0,0,0,0,perfil5
1,1,1,9,18,4,4,0,0,0,0,0,0,0,0,0,0,0,1,0,0,perfil5
1,1,1,9,67,11,5,0,0,0,0,0,0,0,0,0,1,0,0,0,0,perfil5
0,0,1,3,969,683,633,13,0,0,0,0,0,0,1,0,0,0,0,0,0,perfil1
1,1,1,2,215,93,89,1,0,0,0,0,1,0,0,0,0,0,0,0,0,perfil1
0,0,1,8,31,18,17,0,0,0,0,0,0,0,1,0,0,0,0,0,0,perfil2
0,0,1,4,10,4,2,0,0,0,0,0,0,0,0,0,1,0,0,0,0,perfil6
0,0,1,10,253,174,171,7,0,0,1,0,0,0,0,0,0,0,0,0,0,perfil1
0,0,1,3,278,211,194,6,0,0,0,1,0,0,0,0,0,0,0,0,0,perfil1
0,0,1,2,69,29,28,0,0,0,0,0,0,1,0,0,0,0,0,0,0,perfil2
0,0,1,10,210,153,94,0,0,1,0,0,0,0,0,0,0,0,0,0,0,perfil2
1,1,1,8,29,22,20,0,0,0,0,0,0,0,0,0,1,0,0,0,0,perfil2
1,1,1,3,164,163,163,5,0,1,0,0,0,0,0,0,0,0,0,0,0,perfil1
1,1,1,6,10,3,1,0,0,1,0,0,0,0,0,0,0,0,0,0,0,perfil6
0,0,1,7,208,137,127,1,0,0,0,0,0,0,0,0,0,0,1,0,0,perfil1
1,1,1,10,59,33,30,0,0,0,0,1,0,0,0,0,0,0,0,0,0,perfil2
1,1,1,4,67,24,20,0,1,0,0,0,0,0,0,0,0,0,0,0,0,perfil2
0,0,1,5,21,12,9,0,0,0,0,0,1,0,0,0,0,0,0,0,0,perfil4
1,1,1,7,31,31,31,0,0,0,1,0,0,0,0,0,0,0,0,0,0,perfil2
1,1,1,3,78,59,58,0,0,0,0,1,0,0,0,0,0,0,0,0,0,perfil2
0,0,1,6,100,45,34,0,0,0,0,0,0,1,0,0,0,0,0,0,0,perfil2
1,1,1,2,29,9,6,0,0,0,0,0,0,0,0,0,0,0,1,0,0,perfil4
1,1,1,3,21,20,18,0,0,0,0,1,0,0,0,0,0,0,0,0,0,perfil2
0,0,1,3,30,26,24,2,0,1,0,0,0,0,0,0,0,0,0,0,0,perfil1
1,1,1,10,38,3,1,0,0,1,0,0,0,0,0,0,0,0,0,0,0,perfil6
0,0,1,7,10,7,5,0,0,1,0,0,0,0,0,0,0,0,0,0,0,perfil5
1,1,1,6,198,167,166,0,0,0,1,0,0,0,0,0,0,0,0,0,0,perfil2
1,1,1,9,146,47,30,0,1,0,0,0,0,0,0,0,0,0,0,0,0,perfil2
0,0,1,3,418,110,90,0,1,0,0,0,0,0,0,0,0,0,0,0,0,perfil6
0,0,1,9,85,21,17,0,0,0,0,0,0,0,1,0,0,0,0,0,0,perfil2
1,1,1,6,27,14,10,0,0,0,0,0,0,0,0,1,0,0,0,0,0,perfil3
0,0,1,5,30,4,1,0,0,0,1,0,0,0,0,0,0,0,0,0,0,perfil6
1,1,1,3,58,39,20,0,0,0,0,0,0,0,0,0,0,0,1,0,0,perfil2
0,0,1,6,27,10,5,0,0,0,0,0,0,0,0,0,0,0,0,1,0,perfil5
1,1,1,10,21,12,3,0,0,0,0,1,0,0,0,0,0,0,0,0,0,perfil6
0,0,1,10,40,39,39,0,0,0,0,0,1,0,0,0,0,0,0,0,0,perfil2
0,0,1,7,27,4,3,0,0,0,0,0,0,0,0,0,0,1,0,0,0,perfil6
0,0,1,5,27,2,1,0,1,0,0,0,0,0,0,0,0,0,0,0,0,perfil6
1,1,1,10,10,9,8,0,0,0,0,0,0,0,0,0,0,1,0,0,0,perfil4
0,0,1,6,30,5,1,0,0,1,0,0,0,0,0,0,0,0,0,0,0,perfil6
0,0,1,6,40,3,2,0,0,0,0,1,0,0,0,0,0,0,0,0,0,perfil6
0,0,1,9,27,8,4,0,0,0,0,0,0,0,0,0,0,0,0,1,0,perfil5
1,1,1,9,267,100,77,0,0,0,0,0,0,0,0,0,0,1,0,0,0,perfil2
0,0,1,8,127,27,10,0,0,0,0,0,0,0,0,0,1,0,0,0,0,perfil3
1,1,1,8,258,63,42,0,0,0,1,0,0,0,0,0,0,0,0,0,0,perfil2
1,1,1,7,10,9,7,0,0,0,0,0,1,0,0,0,0,0,0,0,0,perfil4
1,1,1,9,62,20,17,0,0,0,0,0,0,1,0,0,0,0,0,0,0,perfil2
0,0,1,8,29,15,12,0,0,0,0,0,0,0,0,1,0,0,0,0,0,perfil3
1,1,1,3,31,6,2,0,0,0,1,0,0,0,0,0,0,0,0,0,0,perfil6
1,1,1,10,31,31,31,0,0,0,0,1,0,0,0,0,0,0,0,0,0,perfil2
0,0,1,2,10,10,10,0,0,0,0,0,0,0,0,1,0,0,0,0,0,perfil3
1,1,1,3,10,6,5,0,0,0,0,0,0,0,0,0,0,0,1,0,0,perfil5
1,1,1,7,41,7,1,0,0,0,0,0,0,0,0,0,1,0,0,0,0,perfil4
0,0,1,3,422,132,115,0,0,0,0,0,0,0,0,0,1,0,0,0,0,perfil2
0,0,1,3,57,57,57,1,0,0,0,0,0,0,0,1,0,0,0,0,0,perfil1
0,0,1,4,26,3,1,0,0,0,0,1,0,0,0,0,0,0,0,0,0,perfil6
1,1,1,9,68,15,14,0,0,0,0,0,1,0,0,0,0,0,0,0,0,perfil2
1,1,1,10,40,2,1,0,0,1,0,0,0,0,0,0,0,0,0,0,0,perfil6
1,1,1,5,67,67,67,3,0,0,0,0,0,1,0,0,0,0,0,0,0,perfil1
1,1,1,5,10,10,8,1,0,0,0,0,0,0,1,0,0,0,0,0,0,perfil1
0,0,1,6,30,11,7,0,0,0,0,0,0,0,0,0,0,1,0,0,0,perfil4
1,1,1,7,31,3,1,0,0,0,0,0,0,0,0,0,0,0,1,0,0,perfil6
1,1,1,10,83,27,18,0,0,0,0,0,0,1,0,0,0,0,0,0,0,perfil2
0,0,1,3,27,5,5,0,0,0,0,0,0,0,0,1,0,0,0,0,0,perfil5
1,1,1,8,27,27,27,0,0,0,0,0,0,0,0,1,0,0,0,0,0,perfil2
0,0,1,10,57,15,7,0,1,0,0,0,0,0,0,0,0,0,0,0,0,perfil4
1,1,1,7,47,17,14,0,0,1,0,0,0,0,0,0,0,0,0,0,0,perfil2
0,0,1,3,149,113,112,3,0,1,0,0,0,0,0,0,0,0,0,0,0,perfil1
0,0,1,2,33,12,10,0,0,0,0,0,0,0,0,0,0,0,1,0,0,perfil3
1,1,1,6,27,8,6,0,1,0,0,0,0,0,0,0,0,0,0,0,0,perfil4
1,1,1,5,58,50,36,0,0,0,0,0,1,0,0,0,0,0,0,0,0,perfil2
1,1,1,9,29,4,1,0,0,0,1,0,0,0,0,0,0,0,0,0,0,perfil6
0,0,1,10,75,54,53,0,0,0,0,0,0,0,0,1,0,0,0,0,0,perfil2
1,1,1,6,142,61,46,0,0,0,0,0,0,0,0,1,0,0,0,0,0,perfil2
0,0,1,3,135,16,10,0,0,0,0,0,0,0,0,0,0,0,0,1,0,perfil3
0,0,1,3,27,27,27,0,0,0,0,0,0,0,0,0,0,0,0,1,0,perfil2
1,1,1,4,51,14,9,0,0,0,0,0,0,0,0,0,0,1,0,0,0,perfil4
0,0,1,2,22,22,20,1,0,0,0,1,0,0,0,0,0,0,0,0,0,perfil1
1,1,1,3,46,23,12,0,0,0,0,0,0,0,0,1,0,0,0,0,0,perfil3
1,1,1,9,60,17,13,0,0,0,0,0,0,0,0,0,0,0,0,1,0,perfil2
0,0,1,7,32,5,3,0,0,0,0,0,0,0,0,0,1,0,0,0,0,perfil6
0,0,1,3,31,2,1,0,0,0,0,0,0,0,0,1,0,0,0,0,0,perfil6
0,0,1,8,145,52,44,0,1,0,0,0,0,0,0,0,0,0,0,0,0,perfil2
1,1,1,3,76,76,76,0,0,0,0,0,0,0,0,0,1,0,0,0,0,perfil2
1,1,1,2,58,14,8,0,0,0,0,0,1,0,0,0,0,0,0,0,0,perfil4
1,1,1,8,32,20,17,0,1,0,0,0,0,0,0,0,0,0,0,0,0,perfil2
1,1,1,6,54,54,53,0,0,0,0,0,0,0,0,0,0,0,1,0,0,perfil2
0,0,1,10,10,10,10,1,1,0,0,0,0,0,0,0,0,0,0,0,0,perfil1
1,1,1,9,27,1,1,0,1,0,0,0,0,0,0,0,0,0,0,0,0,perfil6
1,1,1,10,88,50,48,1,0,0,1,0,0,0,0,0,0,0,0,0,0,perfil1
1,1,1,2,33,4,2,0,0,0,0,0,0,0,0,1,0,0,0,0,0,perfil6
1,1,1,4,57,6,3,0,0,0,0,0,0,0,0,0,1,0,0,0,0,perfil6
1,1,1,3,30,12,10,0,0,0,0,0,0,0,0,0,0,0,1,0,0,perfil3
0,0,1,2,10,10,7,0,0,0,0,0,0,1,0,0,0,0,0,0,0,perfil4
0,0,1,8,31,7,7,0,0,0,0,0,0,0,0,0,1,0,0,0,0,perfil4
0,0,1,3,11,1,1,0,0,0,0,0,0,0,0,1,0,0,0,0,0,perfil6
1,1,1,3,29,8,6,0,0,0,0,0,0,0,0,0,0,0,0,1,0,perfil4
1,1,1,9,10,9,7,0,1,0,0,0,0,0,0,0,0,0,0,0,0,perfil4
0,0,1,9,25,3,1,0,0,1,0,0,0,0,0,0,0,0,0,0,0,perfil6
1,1,1,4,31,4,1,0,0,1,0,0,0,0,0,0,0,0,0,0,0,perfil6
0,0,1,10,29,25,25,0,0,0,1,0,0,0,0,0,0,0,0,0,0,perfil2
0,0,1,9,443,206,181,6,0,0,0,0,0,0,0,0,0,0,1,0,0,perfil6
1,1,1,10,32,16,7,0,0,0,1,0,0,0,0,0,0,0,0,0,0,perfil4
0,0,1,3,64,48,36,0,0,0,0,0,0,1,0,0,0,0,0,0,0,perfil2
0,0,1,4,91,26,15,0,0,0,0,0,0,0,0,1,0,0,0,0,0,perfil2
0,0,1,6,27,10,8,0,0,1,0,0,0,0,0,0,0,0,0,0,0,perfil4
0,0,1,2,48,7,5,0,1,0,0,0,0,0,0,0,0,0,0,0,0,perfil5
0,0,1,3,10,3,1,0,0,1,0,0,0,0,0,0,0,0,0,0,0,perfil6
1,1,1,3,64,52,51,2,0,0,0,0,0,0,0,0,0,1,0,0,0,perfil1
0,0,1,8,10,5,2,0,0,0,0,1,0,0,0,0,0,0,0,0,0,perfil6
0,0,1,6,31,13,12,0,0,0,0,0,0,0,0,0,0,1,0,0,0,perfil3
0,0,1,7,99,19,11,0,0,0,0,1,0,0,0,0,0,0,0,0,0,perfil3
1,1,1,9,27,7,5,0,0,0,0,0,1,0,0,0,0,0,0,0,0,perfil5
0,0,1,6,29,16,15,0,0,0,0,0,0,0,0,0,0,0,0,1,0,perfil2
0,0,1,9,20,13,12,0,0,0,0,0,0,0,1,0,0,0,0,0,0,perfil3
1,1,1,2,88,38,29,0,0,0,0,0,1,0,0,0,0,0,0,0,0,perfil2
1,1,1,9,261,124,116,2,0,0,0,0,0,0,0,0,1,0,0,0,0,perfil1
1,1,1,3,225,80,46,0,1,0,0,0,0,0,0,0,0,0,0,0,0,perfil2
1,1,1,10,27,2,1,0,0,0,0,0,0,1,0,0,0,0,0,0,0,perfil6
1,1,1,2,10,4,1,0,0,0,0,0,0,1,0,0,0,0,0,0,0,perfil6
1,1,1,10,51,30,28,0,0,0,0,0,0,0,0,0,0,1,0,0,0,perfil2
1,1,1,9,27,6,2,0,0,0,0,1,0,0,0,0,0,0,0,0,0,perfil6
1,1,1,4,69,66,38,0,0,0,0,0,0,0,0,0,1,0,0,0,0,perfil2
1,1,1,2,114,3,1,0,0,0,1,0,0,0,0,0,0,0,0,0,0,perfil2
0,0,1,5,10,10,9,0,0,0,0,0,0,0,0,1,0,0,0,0,0,perfil4
0,0,1,5,10,9,8,0,0,0,0,0,0,0,0,1,0,0,0,0,0,perfil4
1,1,1,9,275,54,38,0,0,0,0,0,0,0,0,0,0,1,0,0,0,perfil2
1,1,1,3,117,63,53,0,0,0,0,0,0,0,0,0,1,0,0,0,0,perfil2
1,1,1,2,58,22,15,0,1,0,0,0,0,0,0,0,0,0,0,0,0,perfil2
1,1,1,9,38,26,10,0,0,0,0,0,0,0,0,1,0,0,0,0,0,perfil3
1,1,1,8,21,21,21,0,0,1,0,0,0,0,0,0,0,0,0,0,0,perfil2
1,1,1,10,25,11,9,0,0,0,0,0,0,1,0,0,0,0,0,0,0,perfil4
0,0,1,10,28,10,7,0,0,0,0,0,0,0,1,0,0,0,0,0,0,perfil4
0,0,1,9,277,89,74,4,0,0,0,0,0,0,0,0,0,0,0,1,0,perfil1
0,0,1,2,26,8,7,0,0,0,0,0,0,1,0,0,0,0,0,0,0,perfil4
1,1,1,6,171,79,64,0,1,0,0,0,0,0,0,0,0,0,0,0,0,perfil2
0,0,1,6,273,99,34,0,0,1,0,0,0,0,0,0,0,0,0,0,0,perfil2
0,0,1,7,131,84,71,4,0,0,1,0,0,0,0,0,0,0,0,0,0,perfil1
1,1,1,9,96,34,21,0,0,0,0,0,0,0,0,0,1,0,0,0,0,perfil2
0,0,1,9,31,31,31,0,0,1,0,0,0,0,0,0,0,0,0,0,0,perfil2
0,0,1,2,64,27,22,0,0,0,1,0,0,0,0,0,0,0,0,0,0,perfil2
0,0,1,4,38,35,34,0,0,0,0,0,0,0,1,0,0,0,0,0,0,perfil2
0,0,1,5,33,3,2,0,0,0,0,0,0,0,0,0,0,1,0,0,0,perfil6
0,0,1,3,118,37,19,1,0,0,0,0,1,0,0,0,0,0,0,0,0,perfil1
1,1,1,3,33,17,14,0,0,0,0,0,0,0,0,1,0,0,0,0,0,perfil2
1,1,1,4,10,10,10,1,0,0,0,0,0,0,1,0,0,0,0,0,0,perfil1
0,0,1,6,33,7,6,0,0,0,0,0,0,0,0,0,0,0,0,1,0,perfil4
1,1,1,6,87,29,19,0,0,0,0,0,0,0,0,0,0,1,0,0,0,perfil2
0,0,1,8,31,4,2,0,0,0,0,0,0,0,0,0,1,0,0,0,0,perfil6
1,1,1,5,35,3,1,0,0,0,0,0,0,0,0,0,1,0,0,0,0,perfil6
0,0,1,10,10,2,1,0,0,0,0,0,0,1,0,0,0,0,0,0,0,perfil6
0,0,1,8,28,5,2,0,1,0,0,0,0,0,0,0,0,0,0,0,0,perfil6
0,0,1,8,10,8,7,0,0,0,0,0,0,0,0,0,0,0,0,1,0,perfil4
1,1,1,7,27,22,22,0,0,0,0,0,1,0,0,0,0,0,0,0,0,perfil2
0,0,1,10,538,364,349,2,0,0,0,0,0,0,0,0,0,0,0,1,0,perfil1
0,0,1,8,21,18,17,0,0,0,0,0,0,0,0,0,0,1,0,0,0,perfil2
1,1,1,10,10,8,7,0,0,0,0,0,0,0,0,0,0,0,1,0,0,perfil4
1,1,1,3,89,19,13,0,0,0,0,0,0,0,0,0,0,0,0,1,0,perfil2
1,1,1,6,71,71,71,0,0,0,0,0,0,0,0,0,1,0,0,0,0,perfil2
0,0,1,2,76,72,70,1,0,0,0,0,1,0,0,0,0,0,0,0,0,perfil1
1,1,1,5,76,72,71,5,0,0,0,0,0,0,0,0,1,0,0,0,0,perfil1
1,1,1,4,169,43,39,0,0,0,0,0,1,0,0,0,0,0,0,0,0,perfil2
0,0,1,3,68,13,9,0,0,0,0,0,0,0,0,1,0,0,0,0,0,perfil4
1,1,1,9,100,99,99,0,0,0,0,0,0,0,0,0,1,0,0,0,0,perfil2
0,0,1,9,29,10,8,0,0,0,0,0,0,0,0,1,0,0,0,0,0,perfil4
0,0,1,4,27,19,14,0,0,0,0,1,0,0,0,0,0,0,0,0,0,perfil2
0,0,1,8,40,17,16,0,0,0,0,0,0,0,0,0,0,0,0,1,0,perfil2
0,0,1,5,94,51,46,1,0,0,0,0,0,0,0,0,1,0,0,0,0,perfil1
0,0,1,3,25,3,1,0,0,0,0,1,0,0,0,0,0,0,0,0,0,perfil6
1,1,1,10,210,67,56,0,0,0,0,0,1,0,0,0,0,0,0,0,0,perfil2
1,1,1,7,58,15,7,0,0,1,0,0,0,0,0,0,0,0,0,0,0,perfil4
1,1,1,8,33,33,33,1,0,0,0,0,0,1,0,0,0,0,0,0,0,perfil1
0,0,1,9,153,80,73,0,0,0,0,0,0,0,0,0,0,0,0,1,0,perfil2
1,1,1,6,231,210,201,4,0,0,0,0,0,0,0,0,0,0,1,0,0,perfil1
0,0,1,9,601,564,556,3,0,1,0,0,0,0,0,0,0,0,0,0,0,perfil1
0,0,1,5,27,6,5,0,0,0,0,0,0,0,0,0,0,1,0,0,0,perfil5
0,0,1,3,21,19,15,1,0,1,0,0,0,0,0,0,0,0,0,0,0,perfil1
1,1,1,8,38,19,15,0,0,0,0,0,0,1,0,0,0,0,0,0,0,perfil2
1,1,1,9,33,5,2,0,0,0,0,0,0,0,0,0,0,0,1,0,0,perfil6
0,0,1,4,27,26,26,0,0,0,0,0,0,1,0,0,0,0,0,0,0,perfil2
1,1,1,6,290,81,55,0,0,0,0,0,0,0,0,0,0,0,1,0,0,perfil2
1,1,1,7,100,88,87,0,0,1,0,0,0,0,0,0,0,0,0,0,0,perfil2
1,1,1,8,30,2,1,0,0,0,0,0,0,0,0,0,1,0,0,0,0,perfil6
0,0,1,2,10,9,7,0,0,0,0,1,0,0,0,0,0,0,0,0,0,perfil4
0,0,1,9,137,81,67,0,0,0,0,0,0,1,0,0,0,0,0,0,0,perfil2
1,1,1,9,33,7,3,0,0,0,0,0,0,0,0,0,0,0,0,1,0,perfil6
0,0,1,3,27,15,11,0,0,0,0,0,1,0,0,0,0,0,0,0,0,perfil3
1,1,1,6,96,17,12,0,0,0,0,0,0,0,0,1,0,0,0,0,0,perfil5
1,1,1,6,84,13,6,0,0,0,0,0,0,1,0,0,0,0,0,0,0,perfil4
1,1,1,5,27,4,2,0,0,0,0,0,0,0,0,1,0,0,0,0,0,perfil6
0,0,1,4,73,69,64,1,0,0,0,0,1,0,0,0,0,0,0,0,0,perfil1
0,0,1,7,28,26,21,0,0,0,0,0,0,0,0,0,0,1,0,0,0,perfil2
0,0,1,3,33,8,2,0,0,0,0,0,1,0,0,0,0,0,0,0,0,perfil6
0,0,1,10,19,5,2,0,0,0,0,0,0,0,0,0,0,1,0,0,0,perfil6
0,0,1,6,30,3,2,0,0,0,0,0,0,0,0,0,0,1,0,0,0,perfil6
1,1,1,8,69,6,2,0,0,0,0,0,0,1,0,0,0,0,0,0,0,perfil6
0,0,1,4,30,11,9,0,0,0,0,0,0,0,0,0,0,1,0,0,0,perfil4
0,0,1,8,13,5,3,0,0,0,0,0,0,0,0,1,0,0,0,0,0,perfil6
1,1,1,9,57,13,9,0,0,0,0,0,0,0,0,0,1,0,0,0,0,perfil4
1,1,1,5,48,35,30,1,0,0,0,0,0,0,0,0,0,0,1,0,0,perfil1
1,1,1,3,33,33,33,0,0,0,0,0,0,0,0,0,0,1,0,0,0,perfil2
1,1,1,9,30,25,23,0,0,0,0,0,0,0,0,0,0,0,1,0,0,perfil2
0,0,1,3,27,22,22,0,0,0,0,0,0,0,0,0,0,0,0,1,0,perfil2
0,0,1,5,20,13,11,0,0,1,0,0,0,0,0,0,0,0,0,0,0,perfil3
0,0,1,3,71,5,3,0,0,1,0,0,0,0,0,0,0,0,0,0,0,perfil6
1,1,1,8,36,3,1,0,0,0,0,0,0,0,0,0,0,0,0,1,0,perfil6
0,0,1,2,33,9,8,0,0,0,0,0,0,0,0,0,1,0,0,0,0,perfil4
1,1,1,6,229,84,66,1,0,0,0,0,1,0,0,0,0,0,0,0,0,perfil1
1,1,1,2,69,21,21,0,0,0,0,0,1,0,0,0,0,0,0,0,0,perfil2
0,0,1,10,98,71,68,0,0,0,0,0,0,0,0,0,1,0,0,0,0,perfil2
0,0,1,9,449,193,154,0,0,0,0,0,0,0,0,0,0,0,0,1,0,perfil2
0,0,1,8,37,13,8,0,0,0,0,0,0,1,0,0,0,0,0,0,0,perfil4
0,0,1,2,25,17,12,0,0,0,0,0,0,0,0,0,1,0,0,0,0,perfil3
0,0,1,10,29,10,5,0,0,0,0,0,0,0,0,0,0,1,0,0,0,perfil5
1,1,1,9,21,4,2,0,0,0,0,0,1,0,0,0,0,0,0,0,0,perfil6
0,0,1,8,20,14,10,0,0,0,0,0,0,0,0,0,1,0,0,0,0,perfil3
1,1,1,7,30,4,3,0,0,0,0,0,0,1,0,0,0,0,0,0,0,perfil6
0,0,1,4,174,15,9,0,0,1,0,0,0,0,0,0,0,0,0,0,0,perfil4
1,1,1,10,145,78,61,0,0,0,0,0,0,0,1,0,0,0,0,0,0,perfil2
0,0,1,6,10,8,3,0,0,1,0,0,0,0,0,0,0,0,0,0,0,perfil6
0,0,1,7,39,38,37,0,0,0,0,0,0,0,0,0,0,0,1,0,0,perfil2
1,1,1,3,22,22,21,0,0,0,0,0,0,0,1,0,0,0,0,0,0,perfil2
0,0,1,4,405,267,231,0,0,1,0,0,0,0,0,0,0,0,0,0,0,perfil2
1,1,1,3,26,3,1,0,0,0,0,0,0,1,0,0,0,0,0,0,0,perfil6
0,0,1,3,29,2,2,0,1,0,0,0,0,0,0,0,0,0,0,0,0,perfil6
1,1,1,8,67,15,12,0,0,0,0,0,0,0,0,0,0,1,0,0,0,perfil3
1,1,1,8,27,10,8,0,0,1,0,0,0,0,0,0,0,0,0,0,0,perfil4
1,1,1,7,32,4,1,0,0,0,0,0,0,0,1,0,0,0,0,0,0,perfil6
0,0,1,8,134,97,88,0,0,0,0,0,1,0,0,0,0,0,0,0,0,perfil2
0,0,1,7,138,82,71,0,1,0,0,0,0,0,0,0,0,0,0,0,0,perfil2
1,1,1,2,37,4,3,0,0,0,0,0,0,0,0,0,0,0,0,1,0,perfil6
0,0,1,8,210,185,157,4,0,0,0,0,0,0,0,0,1,0,0,0,0,perfil1
1,1,1,2,10,5,4,0,0,0,0,0,0,0,0,0,1,0,0,0,0,perfil5
0,0,1,4,150,77,73,2,1,0,0,0,0,0,0,0,0,0,0,0,0,perfil1
1,1,1,3,149,81,51,0,0,0,0,0,1,0,0,0,0,0,0,0,0,perfil2
0,0,1,5,10,3,1,0,0,1,0,0,0,0,0,0,0,0,0,0,0,perfil6
0,0,1,9,99,96,95,3,0,0,0,0,0,0,0,0,1,0,0,0,0,perfil1
1,1,1,7,10,4,2,0,0,0,0,0,0,0,1,0,0,0,0,0,0,perfil6
1,1,1,4,33,10,8,0,0,0,1,0,0,0,0,0,0,0,0,0,0,perfil4
0,0,1,9,88,18,12,0,1,0,0,0,0,0,0,0,0,0,0,0,0,perfil3
1,1,1,9,10,3,2,0,1,0,0,0,0,0,0,0,0,0,0,0,0,perfil6
1,1,1,5,18,6,3,0,0,1,0,0,0,0,0,0,0,0,0,0,0,perfil6
0,0,1,2,40,40,40,4,0,0,0,0,0,0,0,0,0,1,0,0,0,perfil1
0,0,1,5,28,23,21,0,0,0,0,0,1,0,0,0,0,0,0,0,0,perfil2
0,0,1,2,31,4,2,0,0,1,0,0,0,0,0,0,0,0,0,0,0,perfil6
0,0,1,4,59,5,2,0,0,0,0,0,0,0,0,0,0,0,1,0,0,perfil6
1,1,1,6,71,21,16,0,0,0,1,0,0,0,0,0,0,0,0,0,0,perfil2
0,0,1,4,134,73,70,0,0,0,0,0,0,0,0,0,0,0,0,1,0,perfil2
1,1,1,9,27,27,23,1,0,0,0,0,0,0,0,0,0,0,1,0,0,perfil1
1,1,1,6,84,58,55,0,0,1,0,0,0,0,0,0,0,0,0,0,0,perfil2
1,1,1,6,81,20,14,0,0,0,0,0,0,0,0,1,0,0,0,0,0,perfil2
1,1,1,6,30,22,15,0,0,0,0,0,0,0,0,0,0,0,1,0,0,perfil2
1,1,1,10,76,35,29,1,0,0,1,0,0,0,0,0,0,0,0,0,0,perfil1
1,1,1,9,227,130,120,4,0,0,0,0,0,0,0,0,1,0,0,0,0,perfil1
1,1,1,8,92,17,11,0,0,0,0,0,0,0,0,0,0,0,1,0,0,perfil3
0,0,1,9,541,307,280,0,0,0,0,0,0,0,0,0,0,0,0,1,0,perfil2
1,1,1,5,207,46,35,0,0,0,0,0,0,0,1,0,0,0,0,0,0,perfil2
0,0,1,7,114,114,114,0,0,0,0,0,0,0,0,1,0,0,0,0,0,perfil2
0,0,1,10,33,11,9,0,0,1,0,0,0,0,0,0,0,0,0,0,0,perfil4
0,0,1,10,49,49,49,2,0,0,0,0,0,0,1,0,0,0,0,0,0,perfil1
0,0,1,5,27,13,12,0,0,0,0,0,0,1,0,0,0,0,0,0,0,perfil3
1,1,1,5,54,28,23,0,0,0,0,1,0,0,0,0,0,0,0,0,0,perfil2
1,1,1,3,73,12,7,0,1,0,0,0,0,0,0,0,0,0,0,0,0,perfil4
1,1,1,5,33,29,25,1,0,0,0,0,0,0,0,1,0,0,0,0,0,perfil1
1,1,1,4,164,32,27,0,0,0,0,0,0,0,0,0,0,0,0,1,0,perfil2
0,0,1,10,33,12,5,0,0,0,0,1,0,0,0,0,0,0,0,0,0,perfil5
1,1,1,9,11,3,1,0,0,0,0,0,0,0,0,0,0,0,0,1,0,perfil6
0,0,1,6,97,8,4,0,0,0,0,0,0,0,0,0,0,1,0,0,0,perfil5
1,1,1,8,88,22,15,0,1,0,0,0,0,0,0,0,0,0,0,0,0,perfil2
0,0,1,4,39,4,1,0,0,0,0,0,0,0,0,1,0,0,0,0,0,perfil6
1,1,1,2,244,117,111,3,0,0,0,0,0,0,0,0,0,0,1,0,0,perfil1
0,0,1,5,38,4,2,0,0,0,1,0,0,0,0,0,0,0,0,0,0,perfil6
0,0,1,6,89,25,14,0,0,1,0,0,0,0,0,0,0,0,0,0,0,perfil2
1,1,1,2,330,289,221,0,0,0,0,0,1,0,0,0,0,0,0,0,0,perfil2
1,1,1,9,31,2,1,0,0,0,0,0,0,0,0,0,0,0,0,1,0,perfil6
0,0,1,10,21,15,9,0,0,0,0,0,1,0,0,0,0,0,0,0,0,perfil4
1,1,1,7,10,3,1,0,0,0,0,0,0,0,0,0,0,0,1,0,0,perfil6
0,0,1,5,81,10,5,0,0,0,1,0,0,0,0,0,0,0,0,0,0,perfil5
1,1,1,2,30,2,1,0,0,1,0,0,0,0,0,0,0,0,0,0,0,perfil6
1,1,1,3,118,104,103,0,0,0,0,0,0,0,1,0,0,0,0,0,0,perfil2
0,0,1,6,29,20,19,0,0,0,0,0,1,0,0,0,0,0,0,0,0,perfil2
0,0,1,9,152,50,26,0,0,0,0,0,0,0,1,0,0,0,0,0,0,perfil2
1,1,1,9,85,20,11,0,0,0,0,0,0,0,0,0,0,0,1,0,0,perfil3
1,1,1,6,29,29,29,1,0,0,0,0,1,0,0,0,0,0,0,0,0,perfil1
1,1,1,8,40,38,36,0,0,0,0,0,0,1,0,0,0,0,0,0,0,perfil2
1,1,1,10,30,18,13,1,0,0,0,0,0,0,0,0,0,0,0,1,0,perfil1
1,1,1,5,63,13,11,0,0,0,0,0,0,1,0,0,0,0,0,0,0,perfil3
0,0,1,2,10,9,7,0,0,0,0,0,0,0,1,0,0,0,0,0,0,perfil4
1,1,1,4,27,27,23,0,0,0,0,0,1,0,0,0,0,0,0,0,0,perfil2
1,1,1,10,11,10,6,0,0,0,0,0,0,0,0,0,1,0,0,0,0,perfil4
0,0,1,2,698,283,180,0,0,0,0,0,0,0,0,0,0,1,0,0,0,perfil2
0,0,1,3,10,5,3,0,1,0,0,0,0,0,0,0,0,0,0,0,0,perfil6
1,1,1,2,30,5,1,0,0,0,0,1,0,0,0,0,0,0,0,0,0,perfil6
0,0,1,8,122,75,71,2,0,1,0,0,0,0,0,0,0,0,0,0,0,perfil1
1,1,1,7,10,4,1,0,0,0,0,1,0,0,0,0,0,0,0,0,0,perfil6
1,1,1,2,100,12,5,0,0,0,0,0,0,0,1,0,0,0,0,0,0,perfil5
0,0,1,5,38,6,1,0,0,0,0,0,0,0,0,0,0,1,0,0,0,perfil5
1,1,1,7,88,9,5,0,0,0,0,0,0,0,0,0,0,0,0,1,0,perfil5
0,0,1,7,138,53,39,0,0,0,0,0,1,0,0,0,0,0,0,0,0,perfil2
1,1,1,5,49,26,13,0,0,0,0,0,0,1,0,0,0,0,0,0,0,perfil2
1,1,1,10,26,24,23,0,0,0,0,0,0,0,0,1,0,0,0,0,0,perfil2
0,0,1,10,25,25,25,2,0,1,0,0,0,0,0,0,0,0,0,0,0,perfil1
1,1,1,6,29,5,2,0,0,0,0,0,1,0,0,0,0,0,0,0,0,perfil6
0,0,1,8,66,60,31,0,0,0,0,0,0,0,0,0,0,0,1,0,0,perfil2
0,0,1,5,100,99,99,3,0,0,0,1,0,0,0,0,0,0,0,0,0,perfil1
0,0,1,10,27,27,25,1,1,0,0,0,0,0,0,0,0,0,0,0,0,perfil1
0,0,1,8,55,29,28,1,0,0,0,0,0,0,0,0,1,0,0,0,0,perfil1
0,0,1,6,10,4,1,0,0,0,0,0,0,0,0,0,0,1,0,0,0,perfil6
1,1,1,4,36,24,24,0,0,0,0,1,0,0,0,0,0,0,0,0,0,perfil2
1,1,1,6,19,6,3,0,0,0,0,0,0,0,0,0,0,0,0,1,0,perfil6
1,1,1,9,136,39,33,0,0,0,0,0,0,0,0,0,0,0,0,1,0,perfil2
1,1,1,9,56,5,2,0,0,0,0,0,1,0,0,0,0,0,0,0,0,perfil6
1,1,1,6,23,21,21,0,0,0,0,0,0,0,0,0,0,0,0,1,0,perfil2
0,0,1,7,277,67,54,0,0,0,0,0,1,0,0,0,0,0,0,0,0,perfil2
0,0,1,5,269,79,59,0,1,0,0,0,0,0,0,0,0,0,0,0,0,perfil2
1,1,1,3,21,18,15,1,0,0,0,0,0,0,0,0,0,0,0,1,0,perfil1
1,1,1,8,41,9,7,0,0,0,0,0,0,0,0,0,0,0,1,0,0,perfil4
1,1,1,4,135,42,31,0,0,0,0,1,0,0,0,0,0,0,0,0,0,perfil2
1,1,1,8,21,18,15,1,0,0,1,0,0,0,0,0,0,0,0,0,0,perfil1
0,0,1,10,54,48,46,1,0,0,0,0,0,1,0,0,0,0,0,0,0,perfil1
0,0,1,7,20,6,5,0,0,0,0,1,0,0,0,0,0,0,0,0,0,perfil5
1,1,1,9,56,9,6,0,0,0,0,0,0,0,0,0,0,0,1,0,0,perfil4
1,1,1,7,27,20,13,0,0,0,0,0,0,0,0,0,0,1,0,0,0,perfil2
0,0,1,6,30,24,23,1,0,0,0,0,0,0,0,0,0,1,0,0,0,perfil1
0,0,1,8,20,4,3,0,0,0,0,0,0,1,0,0,0,0,0,0,0,perfil6
0,0,1,5,81,31,16,0,0,0,1,0,0,0,0,0,0,0,0,0,0,perfil2
0,0,1,6,54,40,30,1,0,0,0,0,0,0,0,0,1,0,0,0,0,perfil1
0,0,1,9,85,13,10,0,0,0,0,0,0,0,0,0,0,0,0,1,0,perfil3
1,1,1,2,112,25,15,0,0,0,0,0,0,0,0,0,0,0,1,0,0,perfil2
1,1,1,9,178,77,60,2,0,0,0,0,0,0,0,0,0,1,0,0,0,perfil1
1,1,1,8,39,7,3,0,0,0,0,0,0,0,0,0,0,0,0,1,0,perfil6
0,0,1,7,114,4,1,0,0,0,0,0,0,0,0,0,0,0,1,0,0,perfil6
0,0,1,5,29,9,9,0,0,1,0,0,0,0,0,0,0,0,0,0,0,perfil4
0,0,1,9,89,37,35,1,0,0,0,0,0,0,0,0,0,1,0,0,0,perfil1
0,0,1,6,150,47,39,0,0,1,0,0,0,0,0,0,0,0,0,0,0,perfil2
0,0,1,3,88,5,1,0,0,0,0,0,0,1,0,0,0,0,0,0,0,perfil6
0,0,1,8,61,61,61,6,0,0,0,1,0,0,0,0,0,0,0,0,0,perfil1
0,0,1,8,153,60,57,0,0,0,0,1,0,0,0,0,0,0,0,0,0,perfil2
0,0,1,2,165,70,43,0,0,0,0,0,0,0,0,0,0,0,0,1,0,perfil2
1,1,1,10,138,101,100,0,0,0,0,0,0,0,0,0,0,0,1,0,0,perfil2
0,0,1,10,99,67,65,2,0,0,0,0,0,0,0,0,0,1,0,0,0,perfil1
1,1,1,10,119,116,113,0,0,0,0,0,0,0,0,0,0,0,1,0,0,perfil2
1,1,1,2,27,3,2,0,0,0,0,0,0,0,0,1,0,0,0,0,0,perfil6
1,1,1,6,21,13,11,0,0,0,0,1,0,0,0,0,0,0,0,0,0,perfil3
0,0,1,5,10,6,3,0,0,0,0,0,0,0,0,0,0,1,0,0,0,perfil6
0,0,1,6,138,41,34,0,0,0,0,0,0,1,0,0,0,0,0,0,0,perfil2
1,1,1,3,199,18,11,0,0,1,0,0,0,0,0,0,0,0,0,0,0,perfil3
0,0,1,8,635,346,267,1,0,0,1,0,0,0,0,0,0,0,0,0,0,perfil1
0,0,1,6,10,7,4,0,0,0,0,0,0,0,1,0,0,0,0,0,0,perfil5
0,0,1,6,94,47,40,0,0,0,0,0,0,0,0,0,0,1,0,0,0,perfil2
0,0,1,4,70,43,40,0,0,0,0,0,0,1,0,0,0,0,0,0,0,perfil2
0,0,1,4,140,59,41,1,0,1,0,0,0,0,0,0,0,0,0,0,0,perfil1
1,1,1,5,30,28,28,1,0,0,0,0,1,0,0,0,0,0,0,0,0,perfil1
0,0,1,9,29,4,2,0,0,0,0,0,0,0,0,0,0,0,1,0,0,perfil6
0,0,1,4,10,3,1,0,0,0,0,0,0,0,0,0,0,0,1,0,0,perfil6
0,0,1,9,10,4,2,0,0,0,0,0,0,0,0,0,0,0,1,0,0,perfil6
0,0,1,10,88,54,43,0,0,0,0,0,0,0,0,0,1,0,0,0,0,perfil2
0,0,1,8,10,2,1,0,1,0,0,0,0,0,0,0,0,0,0,0,0,perfil6
1,1,1,7,121,105,100,0,0,0,0,0,0,0,0,0,0,0,1,0,0,perfil2
0,0,1,9,10,3,1,0,0,0,0,0,0,0,0,0,0,1,0,0,0,perfil6
0,0,1,6,111,26,16,0,0,0,0,0,0,0,0,0,0,0,1,0,0,perfil2
0,0,1,4,30,30,30,0,0,0,0,0,0,0,0,1,0,0,0,0,0,perfil2
1,1,1,6,28,8,6,0,1,0,0,0,0,0,0,0,0,0,0,0,0,perfil4
0,0,1,3,28,8,4,0,1,0,0,0,0,0,0,0,0,0,0,0,0,perfil5
1,1,1,10,53,23,9,0,0,0,0,0,0,1,0,0,0,0,0,0,0,perfil4
1,1,1,4,21,21,17,0,0,0,0,0,0,1,0,0,0,0,0,0,0,perfil2
0,0,1,2,188,122,116,1,0,0,0,0,0,0,0,0,0,0,0,1,0,perfil1
0,0,1,4,27,14,7,0,0,0,0,1,0,0,0,0,0,0,0,0,0,perfil4
0,0,1,3,37,2,1,0,0,0,0,0,0,0,1,0,0,0,0,0,0,perfil6
0,0,1,2,110,110,109,3,0,0,0,0,0,0,0,0,0,1,0,0,0,perfil1
1,1,1,4,90,83,80,5,0,0,1,0,0,0,0,0,0,0,0,0,0,perfil1
1,1,1,5,10,6,3,0,0,0,0,0,0,1,0,0,0,0,0,0,0,perfil6
1,1,1,4,10,4,1,0,0,0,1,0,0,0,0,0,0,0,0,0,0,perfil6
1,1,1,2,10,3,2,0,0,0,0,0,1,0,0,0,0,0,0,0,0,perfil6
0,0,1,9,69,14,11,0,0,0,0,0,0,0,0,1,0,0,0,0,0,perfil3
0,0,1,3,31,31,31,0,0,0,0,0,0,0,0,0,1,0,0,0,0,perfil2
0,0,1,10,41,12,8,0,0,0,0,0,1,0,0,0,0,0,0,0,0,perfil4
1,1,1,7,371,108,67,0,0,0,0,0,0,0,0,1,0,0,0,0,0,perfil2
0,0,1,5,141,61,60,0,0,0,0,0,0,0,0,0,0,1,0,0,0,perfil2
1,1,1,2,13,11,10,0,0,0,0,0,0,0,0,0,1,0,0,0,0,perfil3
1,1,1,8,120,18,7,0,0,0,0,0,0,0,0,0,0,1,0,0,0,perfil4
1,1,1,5,109,85,85,0,0,0,0,0,0,0,0,0,0,0,1,0,0,perfil2
1,1,1,4,31,31,27,0,0,0,0,0,1,0,0,0,0,0,0,0,0,perfil2
1,1,1,9,43,17,16,0,1,0,0,0,0,0,0,0,0,0,0,0,0,perfil2
1,1,1,8,87,11,4,0,0,0,0,0,0,0,1,0,0,0,0,0,0,perfil5
1,1,1,2,22,7,6,0,0,0,0,0,0,0,0,0,0,0,1,0,0,perfil4
1,1,1,5,26,3,1,0,0,1,0,0,0,0,0,0,0,0,0,0,0,perfil6
0,0,1,3,81,22,13,0,0,0,0,0,0,1,0,0,0,0,0,0,0,perfil2
1,1,1,4,20,10,8,0,0,0,0,0,0,0,0,0,0,1,0,0,0,perfil4
1,1,1,3,30,2,1,0,0,0,0,0,0,1,0,0,0,0,0,0,0,perfil6
1,1,1,10,31,2,1,0,1,0,0,0,0,0,0,0,0,0,0,0,0,perfil6
0,0,1,5,27,6,5,0,1,0,0,0,0,0,0,0,0,0,0,0,0,perfil5
0,0,1,8,314,175,155,4,0,0,0,0,0,0,0,1,0,0,0,0,0,perfil1
0,0,1,4,82,17,9,0,0,1,0,0,0,0,0,0,0,0,0,0,0,perfil4
1,1,1,8,26,10,9,0,0,0,0,0,0,0,1,0,0,0,0,0,0,perfil4
0,0,1,7,30,25,18,0,0,0,0,0,0,0,1,0,0,0,0,0,0,perfil2
0,0,1,8,10,10,10,0,1,0,0,0,0,0,0,0,0,0,0,0,0,perfil3
1,1,1,9,263,108,77,0,0,0,1,0,0,0,0,0,0,0,0,0,0,perfil2
1,1,1,10,10,3,1,0,0,1,0,0,0,0,0,0,0,0,0,0,0,perfil6
1,1,1,7,20,5,4,0,0,0,0,0,1,0,0,0,0,0,0,0,0,perfil5
0,0,1,5,10,4,3,0,0,0,1,0,0,0,0,0,0,0,0,0,0,perfil6
1,1,1,2,30,3,3,0,0,0,0,1,0,0,0,0,0,0,0,0,0,perfil6
1,1,1,3,67,37,28,0,0,0,0,0,0,1,0,0,0,0,0,0,0,perfil2
1,1,1,8,40,4,1,0,0,0,0,0,0,0,0,0,0,0,1,0,0,perfil6
1,1,1,10,27,6,4,0,0,0,0,0,0,0,0,0,0,0,1,0,0,perfil5
0,0,1,10,54,54,54,0,0,0,0,0,0,0,0,0,1,0,0,0,0,perfil2
0,0,1,3,41,7,3,0,0,1,0,0,0,0,0,0,0,0,0,0,0,perfil6
1,1,1,10,132,31,23,0,0,1,0,0,0,0,0,0,0,0,0,0,0,perfil2
1,1,1,6,46,7,3,0,0,1,0,0,0,0,0,0,0,0,0,0,0,perfil6
0,0,1,6,27,18,16,0,0,0,0,0,0,0,0,1,0,0,0,0,0,perfil2
0,0,1,8,27,3,1,0,0,0,0,0,0,0,1,0,0,0,0,0,0,perfil6
0,0,1,9,97,6,2,0,0,0,0,0,0,1,0,0,0,0,0,0,0,perfil6
1,1,1,5,216,130,126,0,0,0,0,0,1,0,0,0,0,0,0,0,0,perfil2
0,0,1,8,33,6,3,0,0,0,0,1,0,0,0,0,0,0,0,0,0,perfil6
1,1,1,5,10,7,2,0,0,0,1,0,0,0,0,0,0,0,0,0,0,perfil6
1,1,1,2,53,9,6,0,1,0,0,0,0,0,0,0,0,0,0,0,0,perfil4
1,1,1,6,83,83,83,3,0,0,1,0,0,0,0,0,0,0,0,0,0,perfil1
1,1,1,10,99,95,93,1,0,0,0,0,0,0,1,0,0,0,0,0,0,perfil1
1,1,1,5,323,293,292,0,0,0,0,0,0,0,0,1,0,0,0,0,0,perfil2
0,0,1,7,30,24,20,0,0,0,0,0,1,0,0,0,0,0,0,0,0,perfil2
1,1,1,3,38,3,1,0,0,0,1,0,0,0,0,0,0,0,0,0,0,perfil6
1,1,1,8,19,11,10,0,0,0,0,1,0,0,0,0,0,0,0,0,0,perfil3
1,1,1,8,26,4,2,0,0,0,0,0,1,0,0,0,0,0,0,0,0,perfil6
1,1,1,2,97,8,3,0,0,0,0,0,0,0,0,0,0,0,0,1,0,perfil6
1,1,1,7,70,70,70,0,0,0,1,0,0,0,0,0,0,0,0,0,0,perfil2
0,0,1,6,23,18,17,0,0,0,0,0,0,0,1,0,0,0,0,0,0,perfil2
0,0,1,10,136,103,101,0,0,0,0,0,0,0,0,0,0,0,1,0,0,perfil2
1,1,1,3,29,5,2,0,0,0,0,0,0,0,0,0,0,0,1,0,0,perfil6
0,0,1,4,88,30,27,0,0,1,0,0,0,0,0,0,0,0,0,0,0,perfil2
0,0,1,5,116,114,111,4,0,0,0,0,1,0,0,0,0,0,0,0,0,perfil1
1,1,1,2,40,6,3,0,0,0,0,1,0,0,0,0,0,0,0,0,0,perfil6
1,1,1,6,10,3,1,0,0,0,0,0,1,0,0,0,0,0,0,0,0,perfil6
1,1,1,6,84,31,17,0,0,0,0,0,1,0,0,0,0,0,0,0,0,perfil2
0,0,1,3,33,3,1,0,0,0,0,0,0,0,0,1,0,0,0,0,0,perfil6
1,1,1,2,10,10,10,0,0,0,0,0,0,0,0,1,0,0,0,0,0,perfil3
1,1,1,9,29,28,26,0,1,0,0,0,0,0,0,0,0,0,0,0,0,perfil2
1,1,1,9,60,15,11,0,0,0,0,0,1,0,0,0,0,0,0,0,0,perfil3
1,1,1,5,88,64,59,1,0,0,0,0,0,0,1,0,0,0,0,0,0,perfil1
0,0,1,7,88,61,58,2,0,0,0,1,0,0,0,0,0,0,0,0,0,perfil1
1,1,1,7,27,22,22,0,1,0,0,0,0,0,0,0,0,0,0,0,0,perfil2
0,0,1,7,71,4,2,0,0,0,0,1,0,0,0,0,0,0,0,0,0,perfil6
0,0,1,5,73,21,8,0,0,0,0,0,0,0,0,0,1,0,0,0,0,perfil4
0,0,1,3,10,10,10,1,0,0,0,0,0,0,0,0,1,0,0,0,0,perfil1
0,0,1,4,10,10,10,0,0,0,0,0,0,0,1,0,0,0,0,0,0,perfil3
1,1,1,10,21,12,10,0,0,0,1,0,0,0,0,0,0,0,0,0,0,perfil3
0,0,1,5,11,4,2,0,0,0,0,0,0,0,0,0,0,0,0,1,0,perfil6
0,0,1,6,222,126,112,0,0,0,0,0,0,0,0,0,0,0,0,1,0,perfil2
1,1,1,8,27,2,1,0,0,0,1,0,0,0,0,0,0,0,0,0,0,perfil6
0,0,1,3,27,27,27,0,1,0,0,0,0,0,0,0,0,0,0,0,0,perfil2
1,1,1,10,141,11,5,0,0,0,0,0,0,1,0,0,0,0,0,0,0,perfil5
1,1,1,3,53,25,18,0,0,0,0,0,0,0,0,0,1,0,0,0,0,perfil2
0,0,1,3,62,27,23,0,0,0,0,0,0,0,0,0,0,0,0,1,0,perfil2
0,0,1,5,75,57,55,1,0,0,0,0,0,0,0,0,0,0,0,1,0,perfil1
0,0,1,8,27,15,15,0,0,0,0,0,0,1,0,0,0,0,0,0,0,perfil2
1,1,1,4,26,5,2,0,0,0,0,0,0,1,0,0,0,0,0,0,0,perfil6
1,1,1,6,10,3,1,0,0,0,0,1,0,0,0,0,0,0,0,0,0,perfil6
0,0,1,3,22,4,1,0,0,0,0,0,0,0,0,0,0,0,1,0,0,perfil6
1,1,1,7,10,3,1,0,0,0,0,0,1,0,0,0,0,0,0,0,0,perfil6
0,0,1,8,58,56,53,0,0,0,0,0,0,0,0,0,0,0,1,0,0,perfil2
1,1,1,7,61,48,38,0,0,0,0,0,0,1,0,0,0,0,0,0,0,perfil2
0,0,1,10,206,195,187,6,0,0,0,0,0,0,0,0,0,0,1,0,0,perfil1
0,0,1,7,67,20,13,0,0,0,1,0,0,0,0,0,0,0,0,0,0,perfil2
0,0,1,5,58,51,36,0,0,0,0,0,0,0,1,0,0,0,0,0,0,perfil2
1,1,1,5,31,4,1,0,0,0,0,0,0,0,0,0,0,1,0,0,0,perfil6
0,0,1,5,10,4,2,0,1,0,0,0,0,0,0,0,0,0,0,0,0,perfil6
0,0,1,2,245,63,45,1,0,0,0,0,1,0,0,0,0,0,0,0,0,perfil1
1,1,1,8,163,111,96,0,0,0,0,1,0,0,0,0,0,0,0,0,0,perfil2
1,1,1,9,56,10,4,0,0,0,0,0,0,0,0,1,0,0,0,0,0,perfil5
1,1,1,9,138,60,30,0,0,0,0,0,0,0,0,0,1,0,0,0,0,perfil2
0,0,1,9,22,20,19,0,1,0,0,0,0,0,0,0,0,0,0,0,0,perfil2
