{"metadata":{"asset_id":"586e53fd-398e-4914-a72d-2a53fcf68715","asset_attributes":["data_asset"],"name":"dataset_desafio_2.csv","asset_type":"data_asset","created_at":"2020-08-28T12:14:55Z","description":"","origin_country":"us","owner_id":"IBMid-550008M10T","project_id":"5b8fc5dd-3b60-44a0-a4bb-c3cc4bacfdc5","size":1520235,"tags":[],"usage":{"last_update_time":1598616896350,"last_updated_at":"2020-08-28T12:14:56Z"}},"entity":{"data_asset":{"mime_type":"text/csv","dataset":false}},"attachments":[{"id":"4e850b17-ba99-4226-81a2-38f9d1d89257","version":2,"asset_type":"data_asset","name":"dataset_desafio_2.csv","mime":"text/csv","datasource_type":"193a97c1-4475-4a19-b90c-295c4fdc6517","object_key":"dataset_desafio_2.csv","creator_id":"iam-ServiceId-f49c5558-c247-4983-a04f-7d3c7a3d55da","create_time":1598616896263,"size":1520235,"is_remote":false,"is_managed":false,"is_referenced":true,"is_object_key_read_only":false,"is_user_provided_path_key":true,"transfer_complete":true,"is_partitioned":false,"complete_time_ticks":1598616896263,"user_data":{},"test_doc":0,"handle":{"bucket":"desafio02v3-donotdelete-pr-h0atxrhxxf6uv9","location":"eu-geo","key":"dataset_desafio_2.csv","upload_id":"done","max_part_num":1},"usage":{"access_count":0,"last_accessor_id":"iam-ServiceId-f49c5558-c247-4983-a04f-7d3c7a3d55da","last_access_time":1598616896263}}]}
