{"metadata":{"asset_id":"a70f5ae4-7a50-47f3-a718-856f1b9a0da8","asset_attributes":["notebook"],"name":"parte-2","asset_type":"notebook","created_at":"2020-08-28T12:14:56Z","description":"","origin_country":"us","owner_id":"IBMid-550008M10T","project_id":"5b8fc5dd-3b60-44a0-a4bb-c3cc4bacfdc5","size":24880,"tags":["notebook"],"usage":{"last_update_time":1598617322752,"last_updated_at":"2020-08-28T12:22:02Z"}},"entity":{"notebook":{"kernel":{"name":"python3","display_name":"Python 3.6","language":"python"},"originates_from":{"type":"file"},"runtime":{"environment":"conda2py36-5b8fc5dd-3b60-44a0-a4bb-c3cc4bacfdc5"}}},"attachments":[{"id":"a081992f-67aa-405e-a131-b12faf0bd267","version":2,"asset_type":"notebook","name":"attachment for notebook a70f5ae4-7a50-47f3-a718-856f1b9a0da8","description":"attachment for notebook a70f5ae4-7a50-47f3-a718-856f1b9a0da8","mime":"application/json","datasource_type":"193a97c1-4475-4a19-b90c-295c4fdc6517","object_key":"notebook/parte-2_XvWXXx6YQ.ipynb","creator_id":"iam-ServiceId-9e68bc5f-c5f6-4f6f-8bcf-e57f47b9d1b1","create_time":1598616897242,"size":24880,"is_remote":false,"is_managed":false,"is_referenced":true,"is_object_key_read_only":false,"is_user_provided_path_key":true,"transfer_complete":true,"is_partitioned":false,"complete_time_ticks":1598616897242,"user_data":{},"test_doc":0,"handle":{"bucket":"desafio02v3-donotdelete-pr-h0atxrhxxf6uv9","location":"eu-geo","key":"notebook/parte-2_XvWXXx6YQ.ipynb","upload_id":"done","max_part_num":1},"usage":{"access_count":0,"last_accessor_id":"iam-ServiceId-9e68bc5f-c5f6-4f6f-8bcf-e57f47b9d1b1","last_access_time":1598616897242}}]}
